littl,0.025001046945014448
said,0.01897064366179488
the,0.015285397210938481
and,0.00942250513003057
came,0.007998659910381506
one,0.007873026508647766
could,0.0066166924913103565
but,0.006156036684953306
look,0.006072281083797479
he,0.006072281083797479
king,0.005988525482641652
went,0.005109091670505465
day,0.00494158046819381
great,0.004815947066460069
would,0.0046903136647263284
time,0.0046903136647263284
go,0.0045646802629925876
man,0.004480924661836761
like,0.004480924661836761
come,0.004397169060680933
old,0.00435529126010302
see,0.004271535658947192
it,0.004145902257213451
when,0.003936513254323883
mother,0.0038527576531680557
saw,0.0038527576531680557
away,0.003810879852590142
made,0.003727124251434315
good,0.003685246450856401
then,0.0036433686502784874
jackal,0.00355961304912266
tree,0.0033083462456551783
make,0.0032664684450772643
father,0.0032664684450772643
know,0.003224590644499351
peopl,0.0031827128439214374
boy,0.0030570794421876965
margeri,0.0030570794421876965
thought,0.002931446040453955
ran,0.0028895682398760417
big,0.0028895682398760417
they,0.002847690439298128
work,0.002847690439298128
thing,0.002847690439298128
child,0.0028058126387202143
two,0.0027220570375643873
so,0.0027220570375643873
home,0.0027220570375643873
put,0.0026801792369864734
long,0.00263830143640856
everi,0.002596423635830646
want,0.0025545458352527325
beauti,0.0025545458352527325
way,0.0025545458352527325
door,0.0025545458352527325
lion,0.002512668034674819
mous,0.002512668034674819
live,0.002470790234096905
think,0.0024289124335189916
never,0.0024289124335189916
head,0.0024289124335189916
took,0.002387034632941078
much,0.002387034632941078
help,0.002387034632941078
back,0.0023451568323631642
ask,0.0023032790317852507
last,0.0023032790317852507
take,0.002261401231207337
nightingal,0.002261401231207337
oh,0.0022195234306294233
dear,0.00217764563005151
hous,0.00217764563005151
garden,0.00217764563005151
began,0.00217764563005151
men,0.002135767829473596
hand,0.0020938900288956824
fox,0.0020938900288956824
water,0.0020938900288956824
heard,0.002052012228317769
she,0.002052012228317769
emperor,0.002052012228317769
stori,0.002010134427739855
night,0.0019682566271619416
say,0.0019682566271619416
tailor,0.0019682566271619416
princ,0.0019682566271619416
upon,0.0019682566271619416
still,0.0019263788265840279
stood,0.0019263788265840279
eat,0.0019263788265840279
call,0.0018845010260061142
brahmin,0.0018845010260061142
white,0.0018845010260061142
there,0.0018845010260061142
shall,0.0018426232254282005
run,0.0018426232254282005
love,0.0018426232254282005
cri,0.0018426232254282005
got,0.0018007454248502868
mani,0.0018007454248502868
you,0.0018007454248502868
what,0.0018007454248502868
sing,0.0018007454248502868
david,0.0018007454248502868
brother,0.0017588676242723733
hard,0.0017588676242723733
red,0.0017588676242723733
round,0.0017169898236944596
open,0.0017169898236944596
poor,0.0017169898236944596
hors,0.0016751120231165459
even,0.0016751120231165459
care,0.0016751120231165459
field,0.0016751120231165459
must,0.0016332342225386322
place,0.0016332342225386322
get,0.0016332342225386322
enough,0.0016332342225386322
at,0.0016332342225386322
eye,0.0016332342225386322
someth,0.0016332342225386322
voic,0.0015913564219607187
life,0.0015913564219607187
along,0.0015913564219607187
woman,0.0015913564219607187
till,0.0015913564219607187
fir,0.001549478621382805
left,0.001549478621382805
alway,0.001549478621382805
ground,0.001549478621382805
tiger,0.001549478621382805
soon,0.001549478621382805
let,0.001549478621382805
half,0.001549478621382805
gingerbread,0.0015076008208048913
carri,0.0015076008208048913
friend,0.0015076008208048913
wonder,0.0015076008208048913
grew,0.0015076008208048913
give,0.0014657230202269776
kill,0.0014657230202269776
anoth,0.0014657230202269776
gold,0.0014657230202269776
bed,0.0014657230202269776
turn,0.0014657230202269776
laugh,0.0014657230202269776
well,0.0014657230202269776
ever,0.001423845219649064
in,0.001423845219649064
roll,0.001423845219649064
an,0.001423845219649064
wind,0.0013819674190711504
that,0.0013819674190711504
citi,0.0013819674190711504
kind,0.0013819674190711504
epaminonda,0.0013819674190711504
told,0.0013400896184932367
tell,0.0013400896184932367
felt,0.0013400896184932367
first,0.0013400896184932367
knew,0.0013400896184932367
fairi,0.0013400896184932367
found,0.0013400896184932367
giant,0.0013400896184932367
allig,0.0013400896184932367
light,0.0013400896184932367
leaf,0.0013400896184932367
end,0.001298211817915323
countri,0.001298211817915323
u,0.001298211817915323
fast,0.001298211817915323
next,0.001298211817915323
happi,0.001298211817915323
pretti,0.0012563340173374095
earth,0.0012563340173374095
right,0.0012563340173374095
girl,0.0012563340173374095
use,0.0012563340173374095
servant,0.0012144562167594958
year,0.0012144562167594958
stone,0.0012144562167594958
pull,0.0012144562167594958
a,0.0012144562167594958
tini,0.0012144562167594958
finger,0.0011725784161815821
yes,0.0011725784161815821
gave,0.0011725784161815821
this,0.0011725784161815821
wait,0.0011725784161815821
name,0.0011725784161815821
hermit,0.0011725784161815821
small,0.0011725784161815821
morn,0.0011725784161815821
set,0.0011725784161815821
god,0.0011307006156036684
kept,0.0011307006156036684
quit,0.0011307006156036684
plant,0.0011307006156036684
face,0.0011307006156036684
wife,0.0011307006156036684
now,0.0011307006156036684
chick,0.0011307006156036684
sound,0.001088822815025755
heart,0.001088822815025755
wood,0.001088822815025755
world,0.001088822815025755
hen,0.001088822815025755
gone,0.001088822815025755
robert,0.001088822815025755
far,0.001088822815025755
tri,0.001088822815025755
river,0.001088822815025755
window,0.001088822815025755
three,0.001088822815025755
happen,0.001088822815025755
near,0.0010469450144478412
brought,0.0010469450144478412
song,0.0010469450144478412
side,0.0010469450144478412
shout,0.0010469450144478412
word,0.0010469450144478412
die,0.0010469450144478412
can,0.0010469450144478412
noth,0.0010469450144478412
no,0.0010469450144478412
courtier,0.0010469450144478412
find,0.0010469450144478412
sweet,0.0010469450144478412
anyth,0.0010469450144478412
seem,0.0010050672138699275
cow,0.0010050672138699275
sat,0.0010050672138699275
sure,0.0010050672138699275
save,0.0010050672138699275
strong,0.0010050672138699275
done,0.0010050672138699275
play,0.0010050672138699275
soft,0.0010050672138699275
crab,0.0010050672138699275
babi,0.0010050672138699275
watch,0.0010050672138699275
new,0.0009631894132920139
keep,0.0009631894132920139
how,0.0009631894132920139
bag,0.0009631894132920139
catch,0.0009631894132920139
hear,0.0009631894132920139
struck,0.0009631894132920139
court,0.0009631894132920139
might,0.0009631894132920139
foot,0.0009631894132920139
flower,0.0009631894132920139
land,0.0009631894132920139
sent,0.0009631894132920139
hold,0.0009213116127141002
after,0.0009213116127141002
may,0.0009213116127141002
onc,0.0009213116127141002
show,0.0009213116127141002
dark,0.0009213116127141002
castl,0.0009213116127141002
room,0.0009213116127141002
elsa,0.0009213116127141002
terribl,0.0009213116127141002
rememb,0.0009213116127141002
hole,0.0008794338121361866
bread,0.0008794338121361866
stop,0.0008794338121361866
sudden,0.0008794338121361866
death,0.0008794338121361866
around,0.0008794338121361866
fine,0.0008794338121361866
moon,0.0008794338121361866
cage,0.0008794338121361866
who,0.0008794338121361866
green,0.0008375560115582729
philistin,0.0008375560115582729
mammi,0.0008375560115582729
grow,0.0008375560115582729
cherri,0.0008375560115582729
rest,0.0008375560115582729
food,0.0008375560115582729
money,0.0008375560115582729
his,0.0008375560115582729
plough,0.0008375560115582729
sea,0.0008375560115582729
cut,0.0008375560115582729
pleas,0.0008375560115582729
sit,0.0008375560115582729
beg,0.0008375560115582729
wish,0.0008375560115582729
better,0.0007956782109803593
seed,0.0007956782109803593
air,0.0007956782109803593
without,0.0007956782109803593
grass,0.0007956782109803593
sun,0.0007956782109803593
becam,0.0007956782109803593
danc,0.0007956782109803593
whi,0.0007956782109803593
inde,0.0007956782109803593
walk,0.0007956782109803593
kick,0.0007956782109803593
if,0.0007538004104024456
everyth,0.0007538004104024456
music,0.0007538004104024456
mountain,0.0007538004104024456
eleph,0.0007538004104024456
sad,0.0007538004104024456
palac,0.0007538004104024456
nice,0.0007538004104024456
move,0.0007538004104024456
jack,0.000711922609824532
answer,0.000711922609824532
louisa,0.000711922609824532
best,0.000711922609824532
for,0.000711922609824532
brown,0.000711922609824532
camel,0.000711922609824532
christma,0.000711922609824532
of,0.000711922609824532
fell,0.000711922609824532
tail,0.000711922609824532
realli,0.000711922609824532
behind,0.000711922609824532
thou,0.000711922609824532
whole,0.000711922609824532
lie,0.000711922609824532
sicili,0.000711922609824532
son,0.000711922609824532
tire,0.000711922609824532
statu,0.000711922609824532
safe,0.0006700448092466183
seen,0.0006700448092466183
shoulder,0.0006700448092466183
dead,0.0006700448092466183
shoe,0.0006700448092466183
harp,0.0006700448092466183
hoppiti,0.0006700448092466183
jump,0.0006700448092466183
tortois,0.0006700448092466183
cloud,0.0006700448092466183
lazi,0.0006700448092466183
beast,0.0006700448092466183
whale,0.0006700448092466183
piec,0.0006700448092466183
whisper,0.0006700448092466183
margaret,0.0006700448092466183
ring,0.0006281670086687048
dog,0.0006281670086687048
bad,0.0006281670086687048
we,0.0006281670086687048
push,0.0006281670086687048
row,0.0006281670086687048
soul,0.0006281670086687048
talk,0.0006281670086687048
nod,0.0006281670086687048
dagda,0.0006281670086687048
across,0.0006281670086687048
to,0.0006281670086687048
full,0.0006281670086687048
young,0.0006281670086687048
acorn,0.0006281670086687048
zelia,0.0006281670086687048
alon,0.0006281670086687048
bit,0.0006281670086687048
sight,0.0006281670086687048
lock,0.0006281670086687048
villag,0.0006281670086687048
shut,0.0006281670086687048
fear,0.0006281670086687048
present,0.0006281670086687048
almost,0.0006281670086687048
armi,0.0005862892080907911
lay,0.0005862892080907911
rain,0.0005862892080907911
minut,0.0005862892080907911
war,0.0005862892080907911
string,0.0005862892080907911
thank,0.0005862892080907911
read,0.0005862892080907911
ladi,0.0005862892080907911
togeth,0.0005862892080907911
strang,0.0005862892080907911
heaven,0.0005862892080907911
sang,0.0005862892080907911
tear,0.0005862892080907911
glad,0.0005862892080907911
grey,0.0005862892080907911
cover,0.0005862892080907911
mean,0.0005862892080907911
radish,0.0005862892080907911
mighti,0.0005862892080907911
rollaround,0.0005862892080907911
wick,0.0005862892080907911
bring,0.0005862892080907911
sky,0.0005862892080907911
hair,0.0005862892080907911
lord,0.0005444114075128775
perfect,0.0005444114075128775
mr,0.0005444114075128775
my,0.0005444114075128775
mouth,0.0005444114075128775
sugar,0.0005444114075128775
rich,0.0005444114075128775
saul,0.0005444114075128775
fair,0.0005444114075128775
fight,0.0005444114075128775
middl,0.0005444114075128775
root,0.0005444114075128775
bow,0.0005444114075128775
everybodi,0.0005444114075128775
angel,0.0005444114075128775
begin,0.0005444114075128775
artist,0.0005444114075128775
prayer,0.0005444114075128775
wolf,0.0005444114075128775
low,0.0005444114075128775
all,0.0005444114075128775
clock,0.0005444114075128775
abl,0.0005444114075128775
diamond,0.0005444114075128775
close,0.0005444114075128775
toward,0.0005444114075128775
wee,0.0005444114075128775
church,0.0005444114075128775
straight,0.0005444114075128775
grind,0.0005444114075128775
often,0.0005444114075128775
shine,0.0005444114075128775
cloth,0.0005444114075128775
thin,0.0005444114075128775
high,0.0005444114075128775
beat,0.0005444114075128775
besid,0.0005444114075128775
clown,0.0005444114075128775
wise,0.0005444114075128775
stay,0.0005444114075128775
gentl,0.0005025336069349638
fig,0.0005025336069349638
hidden,0.0005025336069349638
free,0.0005025336069349638
top,0.0005025336069349638
listen,0.0005025336069349638
snow,0.0005025336069349638
do,0.0005025336069349638
born,0.0005025336069349638
corn,0.0005025336069349638
jester,0.0005025336069349638
tie,0.0005025336069349638
cool,0.0005025336069349638
quick,0.0005025336069349638
cap,0.0005025336069349638
drove,0.0005025336069349638
bright,0.0005025336069349638
touch,0.0005025336069349638
blow,0.0005025336069349638
except,0.0005025336069349638
power,0.0005025336069349638
frode,0.0005025336069349638
follow,0.0005025336069349638
pass,0.0005025336069349638
stick,0.0005025336069349638
cours,0.0005025336069349638
weed,0.0005025336069349638
differ,0.0005025336069349638
earli,0.0005025336069349638
rid,0.0005025336069349638
trundl,0.0005025336069349638
lark,0.0005025336069349638
by,0.0005025336069349638
bird,0.0005025336069349638
chanc,0.0005025336069349638
duck,0.0005025336069349638
shoemak,0.0005025336069349638
flew,0.0005025336069349638
joy,0.0005025336069349638
wear,0.0005025336069349638
troubl,0.0005025336069349638
yellow,0.0004606558063570501
hide,0.0004606558063570501
donkey,0.0004606558063570501
maiden,0.0004606558063570501
bush,0.0004606558063570501
path,0.0004606558063570501
servic,0.0004606558063570501
hunt,0.0004606558063570501
crown,0.0004606558063570501
israel,0.0004606558063570501
sinc,0.0004606558063570501
battl,0.0004606558063570501
fli,0.0004606558063570501
drop,0.0004606558063570501
salt,0.0004606558063570501
rose,0.0004606558063570501
stand,0.0004606558063570501
frighten,0.0004606558063570501
fill,0.0004606558063570501
smile,0.0004606558063570501
ten,0.0004606558063570501
soldier,0.0004606558063570501
pick,0.0004606558063570501
taken,0.0004606558063570501
paw,0.0004606558063570501
feel,0.0004606558063570501
part,0.0004606558063570501
hin,0.0004606558063570501
ago,0.0004606558063570501
edg,0.0004606558063570501
sister,0.0004606558063570501
certain,0.0004606558063570501
cross,0.0004606558063570501
book,0.0004606558063570501
shone,0.0004606558063570501
cricket,0.0004606558063570501
drew,0.00041877800577913647
golden,0.00041877800577913647
spoke,0.00041877800577913647
order,0.00041877800577913647
anim,0.00041877800577913647
ate,0.00041877800577913647
sometim,0.00041877800577913647
royal,0.00041877800577913647
mud,0.00041877800577913647
threw,0.00041877800577913647
grown,0.00041877800577913647
butter,0.00041877800577913647
thi,0.00041877800577913647
yet,0.00041877800577913647
els,0.00041877800577913647
dinner,0.00041877800577913647
exact,0.00041877800577913647
hall,0.00041877800577913647
caught,0.00041877800577913647
wing,0.00041877800577913647
robe,0.00041877800577913647
pray,0.00041877800577913647
finish,0.00041877800577913647
start,0.00041877800577913647
learn,0.00041877800577913647
dream,0.00041877800577913647
wrote,0.00041877800577913647
sprang,0.00041877800577913647
bench,0.00041877800577913647
fire,0.00041877800577913647
understand,0.00041877800577913647
moment,0.00041877800577913647
chees,0.00041877800577913647
real,0.00041877800577913647
gottlieb,0.00041877800577913647
line,0.00041877800577913647
sword,0.00041877800577913647
rabbit,0.00041877800577913647
nobodi,0.00041877800577913647
slowli,0.00041877800577913647
wild,0.00041877800577913647
loud,0.00041877800577913647
branch,0.00041877800577913647
four,0.0003769002052012228
blue,0.0003769002052012228
christ,0.0003769002052012228
summer,0.0003769002052012228
thee,0.0003769002052012228
warrior,0.0003769002052012228
tabl,0.0003769002052012228
rais,0.0003769002052012228
tune,0.0003769002052012228
just,0.0003769002052012228
prick,0.0003769002052012228
keeper,0.0003769002052012228
otter,0.0003769002052012228
floor,0.0003769002052012228
dewdrop,0.0003769002052012228
midst,0.0003769002052012228
sign,0.0003769002052012228
shook,0.0003769002052012228
stole,0.0003769002052012228
travel,0.0003769002052012228
not,0.0003769002052012228
given,0.0003769002052012228
piccola,0.0003769002052012228
squar,0.0003769002052012228
other,0.0003769002052012228
pair,0.0003769002052012228
gull,0.0003769002052012228
cloak,0.0003769002052012228
boat,0.0003769002052012228
aunti,0.0003769002052012228
throw,0.0003769002052012228
on,0.0003769002052012228
roar,0.0003769002052012228
your,0.0003769002052012228
deer,0.0003769002052012228
deep,0.0003769002052012228
famili,0.0003769002052012228
broke,0.0003769002052012228
dress,0.0003769002052012228
orchard,0.0003769002052012228
coat,0.0003769002052012228
held,0.0003769002052012228
ye,0.0003769002052012228
magic,0.0003769002052012228
hill,0.0003769002052012228
perhap,0.0003769002052012228
reach,0.0003769002052012228
arm,0.0003769002052012228
majesti,0.0003769002052012228
rope,0.0003769002052012228
readi,0.0003769002052012228
funni,0.0003769002052012228
dare,0.0003769002052012228
surpris,0.0003769002052012228
shini,0.0003769002052012228
fortun,0.0003769002052012228
israelit,0.0003769002052012228
forest,0.0003769002052012228
outsid,0.0003769002052012228
gather,0.0003769002052012228
hope,0.0003769002052012228
meant,0.0003769002052012228
bear,0.0003769002052012228
bought,0.0003769002052012228
key,0.0003769002052012228
harder,0.0003769002052012228
throne,0.0003769002052012228
daughter,0.0003350224046233092
dri,0.0003350224046233092
hop,0.0003350224046233092
greet,0.0003350224046233092
matter,0.0003350224046233092
mind,0.0003350224046233092
earn,0.0003350224046233092
sail,0.0003350224046233092
supper,0.0003350224046233092
hat,0.0003350224046233092
gift,0.0003350224046233092
deal,0.0003350224046233092
true,0.0003350224046233092
warm,0.0003350224046233092
cook,0.0003350224046233092
dublin,0.0003350224046233092
maid,0.0003350224046233092
farmer,0.0003350224046233092
rake,0.0003350224046233092
cart,0.0003350224046233092
star,0.0003350224046233092
sheep,0.0003350224046233092
tulip,0.0003350224046233092
knee,0.0003350224046233092
bade,0.0003350224046233092
corner,0.0003350224046233092
husband,0.0003350224046233092
among,0.0003350224046233092
pot,0.0003350224046233092
instant,0.0003350224046233092
shelf,0.0003350224046233092
with,0.0003350224046233092
ahead,0.0003350224046233092
hundr,0.0003350224046233092
town,0.0003350224046233092
comfort,0.0003350224046233092
kettl,0.0003350224046233092
late,0.0003350224046233092
bless,0.0003350224046233092
built,0.0003350224046233092
art,0.0003350224046233092
millston,0.0003350224046233092
eager,0.0003350224046233092
foolish,0.0003350224046233092
though,0.0003350224046233092
fomorian,0.0003350224046233092
bell,0.0003350224046233092
slow,0.0003350224046233092
ould,0.0003350224046233092
alik,0.0003350224046233092
instead,0.0003350224046233092
insid,0.0003350224046233092
final,0.0003350224046233092
boil,0.0003350224046233092
need,0.0003350224046233092
nearer,0.0003350224046233092
wall,0.0003350224046233092
lake,0.0003350224046233092
lettuc,0.0003350224046233092
sleep,0.00029314460404539553
shure,0.00029314460404539553
asid,0.00029314460404539553
loos,0.00029314460404539553
cane,0.00029314460404539553
hot,0.00029314460404539553
law,0.00029314460404539553
third,0.00029314460404539553
forth,0.00029314460404539553
queen,0.00029314460404539553
busi,0.00029314460404539553
chamberlain,0.00029314460404539553
weari,0.00029314460404539553
trust,0.00029314460404539553
hammer,0.00029314460404539553
wa,0.00029314460404539553
elf,0.00029314460404539553
jungl,0.00029314460404539553
delight,0.00029314460404539553
burn,0.00029314460404539553
float,0.00029314460404539553
journey,0.00029314460404539553
faster,0.00029314460404539553
stair,0.00029314460404539553
stream,0.00029314460404539553
pink,0.00029314460404539553
anyon,0.00029314460404539553
spot,0.00029314460404539553
crept,0.00029314460404539553
stuck,0.00029314460404539553
perch,0.00029314460404539553
black,0.00029314460404539553
where,0.00029314460404539553
soil,0.00029314460404539553
pile,0.00029314460404539553
kingdom,0.00029314460404539553
blackberri,0.00029314460404539553
wheat,0.00029314460404539553
broken,0.00029314460404539553
road,0.00029314460404539553
her,0.00029314460404539553
deed,0.00029314460404539553
puppi,0.00029314460404539553
ripe,0.00029314460404539553
hurri,0.00029314460404539553
bigger,0.00029314460404539553
heavi,0.00029314460404539553
believ,0.00029314460404539553
shepherd,0.00029314460404539553
bare,0.00029314460404539553
gay,0.00029314460404539553
person,0.00029314460404539553
shape,0.00029314460404539553
wid,0.00029314460404539553
some,0.00029314460404539553
ah,0.00029314460404539553
step,0.00029314460404539553
wore,0.00029314460404539553
chang,0.00029314460404539553
lean,0.00029314460404539553
salad,0.00029314460404539553
poke,0.00029314460404539553
frog,0.00029314460404539553
tap,0.00029314460404539553
shell,0.00029314460404539553
afraid,0.00029314460404539553
messeng,0.00029314460404539553
tall,0.00029314460404539553
asylum,0.00029314460404539553
suppos,0.00029314460404539553
wealth,0.00029314460404539553
drum,0.00029314460404539553
grain,0.00029314460404539553
neighbour,0.00029314460404539553
will,0.00029314460404539553
colour,0.00029314460404539553
tight,0.00029314460404539553
lost,0.00029314460404539553
candl,0.00029314460404539553
speak,0.00029314460404539553
proud,0.00029314460404539553
veget,0.00029314460404539553
smooth,0.00029314460404539553
rule,0.00029314460404539553
hath,0.0002512668034674819
whose,0.0002512668034674819
garraun,0.0002512668034674819
met,0.0002512668034674819
broth,0.0002512668034674819
dicotyledon,0.0002512668034674819
holi,0.0002512668034674819
silver,0.0002512668034674819
laid,0.0002512668034674819
bitter,0.0002512668034674819
nibbl,0.0002512668034674819
solomon,0.0002512668034674819
mine,0.0002512668034674819
strength,0.0002512668034674819
letter,0.0002512668034674819
doo,0.0002512668034674819
marvel,0.0002512668034674819
pope,0.0002512668034674819
awak,0.0002512668034674819
princess,0.0002512668034674819
shadow,0.0002512668034674819
creatur,0.0002512668034674819
offer,0.0002512668034674819
hotter,0.0002512668034674819
ship,0.0002512668034674819
backward,0.0002512668034674819
chair,0.0002512668034674819
dig,0.0002512668034674819
chicken,0.0002512668034674819
melt,0.0002512668034674819
box,0.0002512668034674819
angri,0.0002512668034674819
write,0.0002512668034674819
cold,0.0002512668034674819
within,0.0002512668034674819
stir,0.0002512668034674819
serv,0.0002512668034674819
hungri,0.0002512668034674819
leather,0.0002512668034674819
asleep,0.0002512668034674819
spring,0.0002512668034674819
twig,0.0002512668034674819
mount,0.0002512668034674819
trick,0.0002512668034674819
sharp,0.0002512668034674819
madrid,0.0002512668034674819
valley,0.0002512668034674819
repent,0.0002512668034674819
veri,0.0002512668034674819
trench,0.0002512668034674819
sank,0.0002512668034674819
mill,0.0002512668034674819
none,0.0002512668034674819
orlean,0.0002512668034674819
rather,0.0002512668034674819
jove,0.0002512668034674819
shore,0.0002512668034674819
paper,0.0002512668034674819
idea,0.0002512668034674819
bubbl,0.0002512668034674819
thresher,0.0002512668034674819
whenev,0.0002512668034674819
clear,0.0002512668034674819
famous,0.0002512668034674819
hid,0.0002512668034674819
barn,0.0002512668034674819
loaf,0.0002512668034674819
fun,0.0002512668034674819
morrow,0.0002512668034674819
larg,0.0002512668034674819
nose,0.0002512668034674819
patient,0.0002512668034674819
faith,0.0002512668034674819
papa,0.0002512668034674819
drag,0.0002512668034674819
send,0.0002512668034674819
jist,0.0002512668034674819
leg,0.0002512668034674819
becom,0.0002512668034674819
clever,0.0002512668034674819
meet,0.0002512668034674819
slip,0.0002512668034674819
farm,0.0002512668034674819
chief,0.0002512668034674819
bye,0.0002512668034674819
sew,0.0002512668034674819
sens,0.0002512668034674819
unless,0.0002512668034674819
beetl,0.0002512668034674819
suliman,0.0002512668034674819
woodpeck,0.0002512668034674819
whether,0.0002512668034674819
shake,0.0002512668034674819
orphan,0.0002512668034674819
neither,0.0002512668034674819
swim,0.0002512668034674819
drink,0.0002512668034674819
command,0.0002512668034674819
spear,0.0002512668034674819
leap,0.0002512668034674819
settl,0.0002512668034674819
host,0.0002512668034674819
cake,0.0002512668034674819
louder,0.00020938900288956823
afterward,0.00020938900288956823
herr,0.00020938900288956823
splendid,0.00020938900288956823
promis,0.00020938900288956823
bank,0.00020938900288956823
taught,0.00020938900288956823
forti,0.00020938900288956823
rank,0.00020938900288956823
happili,0.00020938900288956823
crawl,0.00020938900288956823
street,0.00020938900288956823
don,0.00020938900288956823
patch,0.00020938900288956823
blew,0.00020938900288956823
ill,0.00020938900288956823
piti,0.00020938900288956823
beet,0.00020938900288956823
lizard,0.00020938900288956823
dizzi,0.00020938900288956823
wound,0.00020938900288956823
evil,0.00020938900288956823
farther,0.00020938900288956823
spread,0.00020938900288956823
peep,0.00020938900288956823
down,0.00020938900288956823
wrap,0.00020938900288956823
teeth,0.00020938900288956823
slower,0.00020938900288956823
sake,0.00020938900288956823
drown,0.00020938900288956823
neck,0.00020938900288956823
basket,0.00020938900288956823
aha,0.00020938900288956823
apron,0.00020938900288956823
oliv,0.00020938900288956823
stitch,0.00020938900288956823
question,0.00020938900288956823
lamb,0.00020938900288956823
pain,0.00020938900288956823
seat,0.00020938900288956823
stretch,0.00020938900288956823
breath,0.00020938900288956823
week,0.00020938900288956823
fruit,0.00020938900288956823
defi,0.00020938900288956823
armour,0.00020938900288956823
sceptr,0.00020938900288956823
knife,0.00020938900288956823
act,0.00020938900288956823
industri,0.00020938900288956823
strip,0.00020938900288956823
lot,0.00020938900288956823
gong,0.00020938900288956823
fright,0.00020938900288956823
peac,0.00020938900288956823
mast,0.00020938900288956823
hast,0.00020938900288956823
splash,0.00020938900288956823
overhead,0.00020938900288956823
harm,0.00020938900288956823
fish,0.00020938900288956823
pleasant,0.00020938900288956823
brace,0.00020938900288956823
firewood,0.00020938900288956823
twelv,0.00020938900288956823
enemi,0.00020938900288956823
honour,0.00020938900288956823
sink,0.00020938900288956823
grupello,0.00020938900288956823
ray,0.00020938900288956823
tast,0.00020938900288956823
needl,0.00020938900288956823
pea,0.00020938900288956823
camp,0.00020938900288956823
train,0.00020938900288956823
mower,0.00020938900288956823
race,0.00020938900288956823
folk,0.00020938900288956823
climb,0.00020938900288956823
ape,0.00020938900288956823
from,0.00020938900288956823
point,0.00020938900288956823
brook,0.00020938900288956823
banquet,0.00020938900288956823
trap,0.00020938900288956823
elector,0.00020938900288956823
have,0.00020938900288956823
portrait,0.00020938900288956823
singl,0.00020938900288956823
rush,0.00020938900288956823
beam,0.00020938900288956823
rage,0.00020938900288956823
sorrow,0.00020938900288956823
le,0.00020938900288956823
treat,0.00020938900288956823
immedi,0.00020938900288956823
treasur,0.00020938900288956823
plain,0.00020938900288956823
howev,0.00020938900288956823
choos,0.00020938900288956823
fled,0.00020938900288956823
crack,0.00020938900288956823
sweep,0.00020938900288956823
five,0.00020938900288956823
north,0.00020938900288956823
ho,0.00020938900288956823
cruel,0.00020938900288956823
glori,0.00020938900288956823
sorri,0.0001675112023116546
pride,0.0001675112023116546
crouch,0.0001675112023116546
cottag,0.0001675112023116546
notic,0.0001675112023116546
wors,0.0001675112023116546
vers,0.0001675112023116546
receiv,0.0001675112023116546
worst,0.0001675112023116546
break,0.0001675112023116546
each,0.0001675112023116546
forgot,0.0001675112023116546
dawn,0.0001675112023116546
snail,0.0001675112023116546
slept,0.0001675112023116546
agre,0.0001675112023116546
master,0.0001675112023116546
ocean,0.0001675112023116546
seek,0.0001675112023116546
rider,0.0001675112023116546
queer,0.0001675112023116546
waltz,0.0001675112023116546
pocket,0.0001675112023116546
here,0.0001675112023116546
kitchen,0.0001675112023116546
trunk,0.0001675112023116546
nake,0.0001675112023116546
loft,0.0001675112023116546
forehead,0.0001675112023116546
swell,0.0001675112023116546
jealous,0.0001675112023116546
more,0.0001675112023116546
rome,0.0001675112023116546
mamma,0.0001675112023116546
easi,0.0001675112023116546
twinkl,0.0001675112023116546
hung,0.0001675112023116546
bore,0.0001675112023116546
imit,0.0001675112023116546
rough,0.0001675112023116546
flag,0.0001675112023116546
jacket,0.0001675112023116546
skin,0.0001675112023116546
did,0.0001675112023116546
brave,0.0001675112023116546
satisfi,0.0001675112023116546
bullock,0.0001675112023116546
memori,0.0001675112023116546
visit,0.0001675112023116546
examin,0.0001675112023116546
laughter,0.0001675112023116546
winter,0.0001675112023116546
midnight,0.0001675112023116546
mail,0.0001675112023116546
gate,0.0001675112023116546
rock,0.0001675112023116546
quarter,0.0001675112023116546
workman,0.0001675112023116546
monster,0.0001675112023116546
wrong,0.0001675112023116546
honest,0.0001675112023116546
lap,0.0001675112023116546
breez,0.0001675112023116546
eagl,0.0001675112023116546
wint,0.0001675112023116546
deliv,0.0001675112023116546
advic,0.0001675112023116546
drive,0.0001675112023116546
mark,0.0001675112023116546
these,0.0001675112023116546
keyhol,0.0001675112023116546
tower,0.0001675112023116546
nurs,0.0001675112023116546
longer,0.0001675112023116546
possibl,0.0001675112023116546
grasp,0.0001675112023116546
flock,0.0001675112023116546
slew,0.0001675112023116546
presenc,0.0001675112023116546
brass,0.0001675112023116546
ala,0.0001675112023116546
fat,0.0001675112023116546
candid,0.0001675112023116546
fall,0.0001675112023116546
particular,0.0001675112023116546
remain,0.0001675112023116546
spite,0.0001675112023116546
short,0.0001675112023116546
dread,0.0001675112023116546
fool,0.0001675112023116546
goos,0.0001675112023116546
harrow,0.0001675112023116546
number,0.0001675112023116546
packag,0.0001675112023116546
also,0.0001675112023116546
build,0.0001675112023116546
plan,0.0001675112023116546
eaten,0.0001675112023116546
postman,0.0001675112023116546
fond,0.0001675112023116546
unhappi,0.0001675112023116546
latin,0.0001675112023116546
distress,0.0001675112023116546
mistak,0.0001675112023116546
worthless,0.0001675112023116546
dug,0.0001675112023116546
woke,0.0001675112023116546
remark,0.0001675112023116546
stolen,0.0001675112023116546
grand,0.0001675112023116546
task,0.0001675112023116546
cheek,0.0001675112023116546
useless,0.0001675112023116546
eel,0.0001675112023116546
stem,0.0001675112023116546
lesson,0.0001675112023116546
forward,0.0001675112023116546
up,0.0001675112023116546
sort,0.0001675112023116546
draw,0.0001675112023116546
swifter,0.0001675112023116546
dainti,0.0001675112023116546
wave,0.0001675112023116546
crop,0.0001675112023116546
chant,0.0001675112023116546
scatter,0.0001675112023116546
opinion,0.0001675112023116546
danger,0.0001675112023116546
nest,0.0001675112023116546
lippeti,0.0001675112023116546
babe,0.0001675112023116546
andersen,0.0001675112023116546
six,0.0001675112023116546
footpath,0.0001675112023116546
banyan,0.0001675112023116546
greater,0.0001675112023116546
flour,0.0001675112023116546
front,0.0001675112023116546
slide,0.0001675112023116546
bump,0.0001675112023116546
out,0.0001675112023116546
twice,0.0001675112023116546
starv,0.0001675112023116546
punish,0.0001675112023116546
bother,0.0001675112023116546
jar,0.0001675112023116546
aros,0.0001675112023116546
precious,0.0001675112023116546
exclaim,0.0001675112023116546
oho,0.0001675112023116546
second,0.0001675112023116546
am,0.0001675112023116546
prais,0.0001675112023116546
distanc,0.0001675112023116546
sledg,0.0001675112023116546
page,0.0001675112023116546
leav,0.0001675112023116546
swept,0.0001675112023116546
biggest,0.0001675112023116546
selfish,0.0001675112023116546
seiz,0.0001675112023116546
pit,0.0001675112023116546
crust,0.0001675112023116546
jewel,0.0001675112023116546
pardon,0.00012563340173374094
knelt,0.00012563340173374094
worth,0.00012563340173374094
rise,0.00012563340173374094
shoot,0.00012563340173374094
whisk,0.00012563340173374094
slung,0.00012563340173374094
sexton,0.00012563340173374094
rustl,0.00012563340173374094
pleasur,0.00012563340173374094
smoke,0.00012563340173374094
permit,0.00012563340173374094
until,0.00012563340173374094
relat,0.00012563340173374094
hurt,0.00012563340173374094
me,0.00012563340173374094
blade,0.00012563340173374094
stride,0.00012563340173374094
modest,0.00012563340173374094
sprout,0.00012563340173374094
becaus,0.00012563340173374094
fix,0.00012563340173374094
offic,0.00012563340173374094
easier,0.00012563340173374094
band,0.00012563340173374094
choir,0.00012563340173374094
shadowi,0.00012563340173374094
oblig,0.00012563340173374094
content,0.00012563340173374094
steepl,0.00012563340173374094
burgomast,0.00012563340173374094
pretend,0.00012563340173374094
startl,0.00012563340173374094
wast,0.00012563340173374094
thick,0.00012563340173374094
bulrush,0.00012563340173374094
toy,0.00012563340173374094
dwell,0.00012563340173374094
iron,0.00012563340173374094
rag,0.00012563340173374094
flow,0.00012563340173374094
silent,0.00012563340173374094
subject,0.00012563340173374094
grumbl,0.00012563340173374094
figur,0.00012563340173374094
weak,0.00012563340173374094
written,0.00012563340173374094
interest,0.00012563340173374094
lift,0.00012563340173374094
overtak,0.00012563340173374094
ugli,0.00012563340173374094
seven,0.00012563340173374094
is,0.00012563340173374094
pastur,0.00012563340173374094
sever,0.00012563340173374094
israelitish,0.00012563340173374094
helianthus,0.00012563340173374094
canariensi,0.00012563340173374094
yee,0.00012563340173374094
exalt,0.00012563340173374094
board,0.00012563340173374094
prison,0.00012563340173374094
har,0.00012563340173374094
east,0.00012563340173374094
measur,0.00012563340173374094
sell,0.00012563340173374094
crowd,0.00012563340173374094
somehow,0.00012563340173374094
allemain,0.00012563340173374094
cord,0.00012563340173374094
wept,0.00012563340173374094
despair,0.00012563340173374094
fashter,0.00012563340173374094
strike,0.00012563340173374094
heap,0.00012563340173374094
spun,0.00012563340173374094
crystal,0.00012563340173374094
stake,0.00012563340173374094
gobbl,0.00012563340173374094
steadi,0.00012563340173374094
chain,0.00012563340173374094
mile,0.00012563340173374094
decid,0.00012563340173374094
jerk,0.00012563340173374094
din,0.00012563340173374094
asham,0.00012563340173374094
helpless,0.00012563340173374094
favour,0.00012563340173374094
pillow,0.00012563340173374094
saddl,0.00012563340173374094
wicked,0.00012563340173374094
crazi,0.00012563340173374094
pond,0.00012563340173374094
parch,0.00012563340173374094
birthday,0.00012563340173374094
shield,0.00012563340173374094
pitch,0.00012563340173374094
worship,0.00012563340173374094
underneath,0.00012563340173374094
nivir,0.00012563340173374094
sob,0.00012563340173374094
fierc,0.00012563340173374094
circl,0.00012563340173374094
shawl,0.00012563340173374094
posit,0.00012563340173374094
wretch,0.00012563340173374094
track,0.00012563340173374094
paid,0.00012563340173374094
america,0.00012563340173374094
later,0.00012563340173374094
onli,0.00012563340173374094
ruddi,0.00012563340173374094
burst,0.00012563340173374094
suffer,0.00012563340173374094
label,0.00012563340173374094
tuk,0.00012563340173374094
tub,0.00012563340173374094
tug,0.00012563340173374094
mane,0.00012563340173374094
improv,0.00012563340173374094
pop,0.00012563340173374094
thousand,0.00012563340173374094
slumber,0.00012563340173374094
cock,0.00012563340173374094
quiet,0.00012563340173374094
pursu,0.00012563340173374094
pas,0.00012563340173374094
pan,0.00012563340173374094
somebodi,0.00012563340173374094
droop,0.00012563340173374094
reap,0.00012563340173374094
fertilis,0.00012563340173374094
pioneer,0.00012563340173374094
throat,0.00012563340173374094
bilin,0.00012563340173374094
gaze,0.00012563340173374094
stupid,0.00012563340173374094
thaught,0.00012563340173374094
illustr,0.00012563340173374094
scratch,0.00012563340173374094
diari,0.00012563340173374094
horror,0.00012563340173374094
stumbl,0.00012563340173374094
past,0.00012563340173374094
milk,0.00012563340173374094
legend,0.00012563340173374094
action,0.00012563340173374094
flaw,0.00012563340173374094
compani,0.00012563340173374094
gallon,0.00012563340173374094
duesseldorf,0.00012563340173374094
blood,0.00012563340173374094
crafti,0.00012563340173374094
selfsam,0.00012563340173374094
delici,0.00012563340173374094
weight,0.00012563340173374094
colder,0.00012563340173374094
expect,0.00012563340173374094
publish,0.00012563340173374094
guess,0.00012563340173374094
teach,0.00012563340173374094
success,0.00012563340173374094
stabl,0.00012563340173374094
least,0.00012563340173374094
stork,0.00012563340173374094
sigh,0.00012563340173374094
twenti,0.00012563340173374094
necklac,0.00012563340173374094
grace,0.00012563340173374094
juici,0.00012563340173374094
imagin,0.00012563340173374094
lit,0.00012563340173374094
mose,0.00012563340173374094
charm,0.00012563340173374094
clean,0.00012563340173374094
smell,0.00012563340173374094
him,0.00012563340173374094
tender,0.00012563340173374094
youth,0.00012563340173374094
kneel,0.00012563340173374094
celesti,0.00012563340173374094
solid,0.00012563340173374094
pace,0.00012563340173374094
while,0.00012563340173374094
vanish,0.00012563340173374094
birch,0.00012563340173374094
timid,0.00012563340173374094
older,0.00012563340173374094
crayfish,0.00012563340173374094
wage,0.00012563340173374094
cup,0.00012563340173374094
sire,0.00012563340173374094
snap,0.00012563340173374094
chorus,0.00012563340173374094
limb,0.00012563340173374094
plenti,0.00012563340173374094
pet,0.00012563340173374094
recognis,0.00012563340173374094
patienc,0.00012563340173374094
artifici,0.00012563340173374094
custom,0.00012563340173374094
sick,0.00012563340173374094
desert,0.00012563340173374094
fresh,0.00012563340173374094
shtone,0.00012563340173374094
button,0.00012563340173374094
worthi,0.00012563340173374094
chose,0.00012563340173374094
larger,0.00012563340173374094
ride,0.00012563340173374094
fetch,0.00012563340173374094
aliv,0.00012563340173374094
bent,0.00012563340173374094
process,0.00012563340173374094
rode,0.00012563340173374094
trumpet,0.00012563340173374094
sin,0.00012563340173374094
cupboard,0.00012563340173374094
ceil,0.00012563340173374094
ungrat,0.00012563340173374094
furious,0.00012563340173374094
prosper,0.00012563340173374094
kiss,0.00012563340173374094
special,0.00012563340173374094
trembl,0.00012563340173374094
their,0.00012563340173374094
prune,0.00012563340173374094
steed,0.00012563340173374094
steer,0.00012563340173374094
cultiv,0.00012563340173374094
staff,0.00012563340173374094
ear,0.00012563340173374094
nois,0.00012563340173374094
bean,0.00012563340173374094
beak,0.00012563340173374094
denmark,0.00012563340173374094
dungeon,0.00012563340173374094
dle,0.00012563340173374094
merri,0.00012563340173374094
arriv,0.00012563340173374094
commenc,0.00012563340173374094
feather,0.00012563340173374094
ao,0.00012563340173374094
welcom,0.00012563340173374094
slave,0.00012563340173374094
scissor,0.00012563340173374094
usual,0.00012563340173374094
ought,0.00012563340173374094
wagon,0.00012563340173374094
loss,0.00012563340173374094
heel,0.00012563340173374094
lead,0.00012563340173374094
although,0.00012563340173374094
owl,0.00012563340173374094
guard,0.00012563340173374094
mere,0.00012563340173374094
appl,0.00012563340173374094
grate,0.00012563340173374094
pie,0.00012563340173374094
behold,0.00012563340173374094
humbl,0.00012563340173374094
captain,8.37556011558273e-05
pilgrimag,8.37556011558273e-05
swam,8.37556011558273e-05
scold,8.37556011558273e-05
month,8.37556011558273e-05
nigh,8.37556011558273e-05
direct,8.37556011558273e-05
horn,8.37556011558273e-05
consequ,8.37556011558273e-05
shtand,8.37556011558273e-05
thunder,8.37556011558273e-05
studi,8.37556011558273e-05
tremend,8.37556011558273e-05
straw,8.37556011558273e-05
sneer,8.37556011558273e-05
stern,8.37556011558273e-05
rattl,8.37556011558273e-05
join,8.37556011558273e-05
hebrew,8.37556011558273e-05
gigant,8.37556011558273e-05
scrambl,8.37556011558273e-05
disappoint,8.37556011558273e-05
beach,8.37556011558273e-05
ladder,8.37556011558273e-05
diagram,8.37556011558273e-05
enter,8.37556011558273e-05
over,8.37556011558273e-05
modesti,8.37556011558273e-05
oven,8.37556011558273e-05
fit,8.37556011558273e-05
tramp,8.37556011558273e-05
fade,8.37556011558273e-05
hillsid,8.37556011558273e-05
school,8.37556011558273e-05
rocki,8.37556011558273e-05
bone,8.37556011558273e-05
whin,8.37556011558273e-05
garment,8.37556011558273e-05
velvet,8.37556011558273e-05
marigold,8.37556011558273e-05
smart,8.37556011558273e-05
situat,8.37556011558273e-05
mistress,8.37556011558273e-05
canterburi,8.37556011558273e-05
airi,8.37556011558273e-05
western,8.37556011558273e-05
peculiar,8.37556011558273e-05
thirsti,8.37556011558273e-05
cruelli,8.37556011558273e-05
mirth,8.37556011558273e-05
fashion,8.37556011558273e-05
minc,8.37556011558273e-05
spade,8.37556011558273e-05
glow,8.37556011558273e-05
singer,8.37556011558273e-05
grove,8.37556011558273e-05
swamp,8.37556011558273e-05
declar,8.37556011558273e-05
sunbeam,8.37556011558273e-05
whimper,8.37556011558273e-05
despis,8.37556011558273e-05
troop,8.37556011558273e-05
steal,8.37556011558273e-05
steam,8.37556011558273e-05
nut,8.37556011558273e-05
fluffi,8.37556011558273e-05
gentleman,8.37556011558273e-05
weav,8.37556011558273e-05
devour,8.37556011558273e-05
cousin,8.37556011558273e-05
disdain,8.37556011558273e-05
fault,8.37556011558273e-05
leadeth,8.37556011558273e-05
reveng,8.37556011558273e-05
rashkil,8.37556011558273e-05
hesit,8.37556011558273e-05
gracious,8.37556011558273e-05
strangest,8.37556011558273e-05
aid,8.37556011558273e-05
silken,8.37556011558273e-05
iv,8.37556011558273e-05
shame,8.37556011558273e-05
hang,8.37556011558273e-05
had,8.37556011558273e-05
apart,8.37556011558273e-05
riddl,8.37556011558273e-05
soar,8.37556011558273e-05
flounder,8.37556011558273e-05
buri,8.37556011558273e-05
poss,8.37556011558273e-05
unreward,8.37556011558273e-05
choke,8.37556011558273e-05
festiv,8.37556011558273e-05
afternoon,8.37556011558273e-05
contriv,8.37556011558273e-05
bound,8.37556011558273e-05
sow,8.37556011558273e-05
transform,8.37556011558273e-05
fought,8.37556011558273e-05
haugheri,8.37556011558273e-05
heat,8.37556011558273e-05
nicest,8.37556011558273e-05
trim,8.37556011558273e-05
adopt,8.37556011558273e-05
ephah,8.37556011558273e-05
furi,8.37556011558273e-05
weeni,8.37556011558273e-05
smelt,8.37556011558273e-05
impostor,8.37556011558273e-05
roadsid,8.37556011558273e-05
doorstep,8.37556011558273e-05
appetit,8.37556011558273e-05
sling,8.37556011558273e-05
warn,8.37556011558273e-05
bottom,8.37556011558273e-05
stout,8.37556011558273e-05
mither,8.37556011558273e-05
flash,8.37556011558273e-05
terror,8.37556011558273e-05
prod,8.37556011558273e-05
bullfrog,8.37556011558273e-05
wail,8.37556011558273e-05
clerk,8.37556011558273e-05
address,8.37556011558273e-05
cuckoo,8.37556011558273e-05
invit,8.37556011558273e-05
thirti,8.37556011558273e-05
rambl,8.37556011558273e-05
market,8.37556011558273e-05
serpent,8.37556011558273e-05
wherev,8.37556011558273e-05
majest,8.37556011558273e-05
cluck,8.37556011558273e-05
ventur,8.37556011558273e-05
cat,8.37556011558273e-05
favourit,8.37556011558273e-05
fourth,8.37556011558273e-05
dive,8.37556011558273e-05
laundri,8.37556011558273e-05
dove,8.37556011558273e-05
st,8.37556011558273e-05
reaper,8.37556011558273e-05
gradual,8.37556011558273e-05
braid,8.37556011558273e-05
whirlpool,8.37556011558273e-05
sooner,8.37556011558273e-05
conquer,8.37556011558273e-05
em,8.37556011558273e-05
continu,8.37556011558273e-05
uncl,8.37556011558273e-05
argu,8.37556011558273e-05
refus,8.37556011558273e-05
vision,8.37556011558273e-05
blind,8.37556011558273e-05
housekeep,8.37556011558273e-05
size,8.37556011558273e-05
convent,8.37556011558273e-05
shiver,8.37556011558273e-05
calendula,8.37556011558273e-05
especi,8.37556011558273e-05
season,8.37556011558273e-05
wax,8.37556011558273e-05
hut,8.37556011558273e-05
grunt,8.37556011558273e-05
greenwood,8.37556011558273e-05
wide,8.37556011558273e-05
note,8.37556011558273e-05
advis,8.37556011558273e-05
implor,8.37556011558273e-05
therefor,8.37556011558273e-05
shtick,8.37556011558273e-05
rescu,8.37556011558273e-05
axe,8.37556011558273e-05
trod,8.37556011558273e-05
fenc,8.37556011558273e-05
tent,8.37556011558273e-05
seam,8.37556011558273e-05
ornament,8.37556011558273e-05
between,8.37556011558273e-05
import,8.37556011558273e-05
parent,8.37556011558273e-05
screen,8.37556011558273e-05
berri,8.37556011558273e-05
monk,8.37556011558273e-05
temper,8.37556011558273e-05
overjoy,8.37556011558273e-05
spirit,8.37556011558273e-05
robber,8.37556011558273e-05
cast,8.37556011558273e-05
worri,8.37556011558273e-05
fame,8.37556011558273e-05
helmet,8.37556011558273e-05
motherless,8.37556011558273e-05
cheeri,8.37556011558273e-05
companion,8.37556011558273e-05
weep,8.37556011558273e-05
swallow,8.37556011558273e-05
handsom,8.37556011558273e-05
europ,8.37556011558273e-05
hind,8.37556011558273e-05
ruler,8.37556011558273e-05
earnest,8.37556011558273e-05
awok,8.37556011558273e-05
darl,8.37556011558273e-05
presum,8.37556011558273e-05
victori,8.37556011558273e-05
noon,8.37556011558273e-05
luck,8.37556011558273e-05
goliath,8.37556011558273e-05
stare,8.37556011558273e-05
log,8.37556011558273e-05
gleam,8.37556011558273e-05
curtain,8.37556011558273e-05
nearest,8.37556011558273e-05
darker,8.37556011558273e-05
fellow,8.37556011558273e-05
proport,8.37556011558273e-05
again,8.37556011558273e-05
housework,8.37556011558273e-05
sunflow,8.37556011558273e-05
unselfish,8.37556011558273e-05
spend,8.37556011558273e-05
thorn,8.37556011558273e-05
trickl,8.37556011558273e-05
forget,8.37556011558273e-05
cornfield,8.37556011558273e-05
egyptian,8.37556011558273e-05
fan,8.37556011558273e-05
design,8.37556011558273e-05
excit,8.37556011558273e-05
crush,8.37556011558273e-05
public,8.37556011558273e-05
theatric,8.37556011558273e-05
search,8.37556011558273e-05
chieftain,8.37556011558273e-05
murmur,8.37556011558273e-05
faint,8.37556011558273e-05
flat,8.37556011558273e-05
tumbl,8.37556011558273e-05
known,8.37556011558273e-05
sunshin,8.37556011558273e-05
hour,8.37556011558273e-05
dew,8.37556011558273e-05
nine,8.37556011558273e-05
challeng,8.37556011558273e-05
autumn,8.37556011558273e-05
swung,8.37556011558273e-05
huge,8.37556011558273e-05
divid,8.37556011558273e-05
headstrong,8.37556011558273e-05
flutter,8.37556011558273e-05
shade,8.37556011558273e-05
pane,8.37556011558273e-05
harmless,8.37556011558273e-05
adventur,8.37556011558273e-05
odin,8.37556011558273e-05
refresh,8.37556011558273e-05
easili,8.37556011558273e-05
teas,8.37556011558273e-05
oil,8.37556011558273e-05
fist,8.37556011558273e-05
beyond,8.37556011558273e-05
safeti,8.37556011558273e-05
foam,8.37556011558273e-05
someon,8.37556011558273e-05
reason,8.37556011558273e-05
thrown,8.37556011558273e-05
thread,8.37556011558273e-05
struggl,8.37556011558273e-05
wither,8.37556011558273e-05
blossom,8.37556011558273e-05
swarm,8.37556011558273e-05
saint,8.37556011558273e-05
store,8.37556011558273e-05
storm,8.37556011558273e-05
park,8.37556011558273e-05
shli,8.37556011558273e-05
waysid,8.37556011558273e-05
stalk,8.37556011558273e-05
toe,8.37556011558273e-05
vacant,8.37556011558273e-05
self,8.37556011558273e-05
cave,8.37556011558273e-05
hotel,8.37556011558273e-05
twirl,8.37556011558273e-05
rushi,8.37556011558273e-05
galway,8.37556011558273e-05
sturdi,8.37556011558273e-05
barren,8.37556011558273e-05
sparrow,8.37556011558273e-05
reput,8.37556011558273e-05
northern,8.37556011558273e-05
ruin,8.37556011558273e-05
salut,8.37556011558273e-05
banner,8.37556011558273e-05
uncomfort,8.37556011558273e-05
hersel,8.37556011558273e-05
grandmoth,8.37556011558273e-05
woe,8.37556011558273e-05
nasturtium,8.37556011558273e-05
hardship,8.37556011558273e-05
sold,8.37556011558273e-05
load,8.37556011558273e-05
smother,8.37556011558273e-05
dancer,8.37556011558273e-05
smote,8.37556011558273e-05
ireland,8.37556011558273e-05
firm,8.37556011558273e-05
champion,8.37556011558273e-05
cruelti,8.37556011558273e-05
bile,8.37556011558273e-05
bill,8.37556011558273e-05
pound,8.37556011558273e-05
chase,8.37556011558273e-05
grant,8.37556011558273e-05
higher,8.37556011558273e-05
flown,8.37556011558273e-05
unveil,8.37556011558273e-05
lower,8.37556011558273e-05
daren,8.37556011558273e-05
spent,8.37556011558273e-05
cheer,8.37556011558273e-05
moo,8.37556011558273e-05
anybodi,8.37556011558273e-05
chord,8.37556011558273e-05
unto,8.37556011558273e-05
persuad,8.37556011558273e-05
easter,8.37556011558273e-05
march,8.37556011558273e-05
knock,8.37556011558273e-05
forefing,8.37556011558273e-05
resolv,8.37556011558273e-05
palm,8.37556011558273e-05
pale,8.37556011558273e-05
manag,8.37556011558273e-05
candi,8.37556011558273e-05
moss,8.37556011558273e-05
lone,8.37556011558273e-05
suit,8.37556011558273e-05
hush,8.37556011558273e-05
nay,8.37556011558273e-05
cellar,8.37556011558273e-05
lanc,8.37556011558273e-05
trail,8.37556011558273e-05
opposit,8.37556011558273e-05
passion,8.37556011558273e-05
nichola,8.37556011558273e-05
disgrac,8.37556011558273e-05
marri,8.37556011558273e-05
stoop,8.37556011558273e-05
fold,8.37556011558273e-05
news,8.37556011558273e-05
led,8.37556011558273e-05
miser,8.37556011558273e-05
purpos,8.37556011558273e-05
shovel,8.37556011558273e-05
egypt,8.37556011558273e-05
win,8.37556011558273e-05
beanstalk,8.37556011558273e-05
wit,8.37556011558273e-05
fed,8.37556011558273e-05
eleven,8.37556011558273e-05
doubt,8.37556011558273e-05
sharpli,8.37556011558273e-05
account,8.37556011558273e-05
drawer,8.37556011558273e-05
stroke,8.37556011558273e-05
carrot,8.37556011558273e-05
everywher,8.37556011558273e-05
sir,8.37556011558273e-05
surfac,8.37556011558273e-05
pure,8.37556011558273e-05
lamp,8.37556011558273e-05
stock,8.37556011558273e-05
jiffi,8.37556011558273e-05
attent,8.37556011558273e-05
allow,8.37556011558273e-05
dearest,8.37556011558273e-05
glen,8.37556011558273e-05
shudder,8.37556011558273e-05
chimney,8.37556011558273e-05
strive,8.37556011558273e-05
feast,8.37556011558273e-05
scanti,8.37556011558273e-05
wander,8.37556011558273e-05
barley,8.37556011558273e-05
franc,8.37556011558273e-05
releas,8.37556011558273e-05
greedi,8.37556011558273e-05
length,8.37556011558273e-05
scare,8.37556011558273e-05
bonnet,8.37556011558273e-05
twas,8.37556011558273e-05
attack,8.37556011558273e-05
dreari,8.37556011558273e-05
photograph,8.37556011558273e-05
firework,8.37556011558273e-05
psalm,8.37556011558273e-05
thimbl,8.37556011558273e-05
fowl,8.37556011558273e-05
comest,8.37556011558273e-05
stronger,8.37556011558273e-05
trampl,8.37556011558273e-05
utter,8.37556011558273e-05
jaw,8.37556011558273e-05
sparkl,8.37556011558273e-05
endless,8.37556011558273e-05
gray,8.37556011558273e-05
preach,8.37556011558273e-05
swift,8.37556011558273e-05
thumb,8.37556011558273e-05
bronz,8.37556011558273e-05
glorious,8.37556011558273e-05
pooh,8.37556011558273e-05
platform,8.37556011558273e-05
tutor,8.37556011558273e-05
drank,8.37556011558273e-05
deepli,8.37556011558273e-05
bull,8.37556011558273e-05
holiday,8.37556011558273e-05
remind,8.37556011558273e-05
inch,8.37556011558273e-05
ball,8.37556011558273e-05
obtain,8.37556011558273e-05
distant,8.37556011558273e-05
farmhous,8.37556011558273e-05
wink,8.37556011558273e-05
thief,8.37556011558273e-05
wider,8.37556011558273e-05
transport,8.37556011558273e-05
broad,8.37556011558273e-05
desol,8.37556011558273e-05
investig,8.37556011558273e-05
pike,8.37556011558273e-05
about,8.37556011558273e-05
nonsens,8.37556011558273e-05
seedl,8.37556011558273e-05
pictur,8.37556011558273e-05
whistl,8.37556011558273e-05
bud,8.37556011558273e-05
monument,8.37556011558273e-05
ind,8.37556011558273e-05
afther,8.37556011558273e-05
appoint,8.37556011558273e-05
nurseri,4.187780057791365e-05
protest,4.187780057791365e-05
hate,4.187780057791365e-05
sorra,4.187780057791365e-05
hedg,4.187780057791365e-05
sway,4.187780057791365e-05
wondrous,4.187780057791365e-05
risk,4.187780057791365e-05
blanket,4.187780057791365e-05
govern,4.187780057791365e-05
affect,4.187780057791365e-05
pilgrim,4.187780057791365e-05
knowest,4.187780057791365e-05
disturb,4.187780057791365e-05
pinch,4.187780057791365e-05
shnip,4.187780057791365e-05
enjoy,4.187780057791365e-05
miller,4.187780057791365e-05
nail,4.187780057791365e-05
illumin,4.187780057791365e-05
casteth,4.187780057791365e-05
solemn,4.187780057791365e-05
amus,4.187780057791365e-05
lightn,4.187780057791365e-05
poison,4.187780057791365e-05
slunk,4.187780057791365e-05
beater,4.187780057791365e-05
crunch,4.187780057791365e-05
richest,4.187780057791365e-05
herd,4.187780057791365e-05
china,4.187780057791365e-05
credit,4.187780057791365e-05
glu,4.187780057791365e-05
gwine,4.187780057791365e-05
angrili,4.187780057791365e-05
plot,4.187780057791365e-05
reprov,4.187780057791365e-05
insult,4.187780057791365e-05
plod,4.187780057791365e-05
calf,4.187780057791365e-05
griev,4.187780057791365e-05
churchyard,4.187780057791365e-05
grief,4.187780057791365e-05
nks,4.187780057791365e-05
pouch,4.187780057791365e-05
sooth,4.187780057791365e-05
insignific,4.187780057791365e-05
grovel,4.187780057791365e-05
candlestick,4.187780057791365e-05
quarrel,4.187780057791365e-05
quiver,4.187780057791365e-05
climat,4.187780057791365e-05
household,4.187780057791365e-05
assent,4.187780057791365e-05
honey,4.187780057791365e-05
hoe,4.187780057791365e-05
bloodsh,4.187780057791365e-05
ordinari,4.187780057791365e-05
gath,4.187780057791365e-05
polit,4.187780057791365e-05
lump,4.187780057791365e-05
arch,4.187780057791365e-05
amid,4.187780057791365e-05
spout,4.187780057791365e-05
warfar,4.187780057791365e-05
aloud,4.187780057791365e-05
wine,4.187780057791365e-05
origin,4.187780057791365e-05
fetter,4.187780057791365e-05
deform,4.187780057791365e-05
orang,4.187780057791365e-05
london,4.187780057791365e-05
whirul,4.187780057791365e-05
bang,4.187780057791365e-05
interrupt,4.187780057791365e-05
saft,4.187780057791365e-05
meat,4.187780057791365e-05
thenc,4.187780057791365e-05
boni,4.187780057791365e-05
arrow,4.187780057791365e-05
bond,4.187780057791365e-05
commiss,4.187780057791365e-05
whip,4.187780057791365e-05
adapt,4.187780057791365e-05
reader,4.187780057791365e-05
knit,4.187780057791365e-05
fret,4.187780057791365e-05
welfar,4.187780057791365e-05
puzzl,4.187780057791365e-05
raisin,4.187780057791365e-05
isn,4.187780057791365e-05
confus,4.187780057791365e-05
bite,4.187780057791365e-05
rang,4.187780057791365e-05
mountebank,4.187780057791365e-05
wash,4.187780057791365e-05
naughti,4.187780057791365e-05
sober,4.187780057791365e-05
sharpest,4.187780057791365e-05
spinach,4.187780057791365e-05
consol,4.187780057791365e-05
wisdom,4.187780057791365e-05
kindest,4.187780057791365e-05
somewhat,4.187780057791365e-05
younger,4.187780057791365e-05
silli,4.187780057791365e-05
target,4.187780057791365e-05
provid,4.187780057791365e-05
dimpl,4.187780057791365e-05
ploughman,4.187780057791365e-05
shower,4.187780057791365e-05
wand,4.187780057791365e-05
provis,4.187780057791365e-05
farrum,4.187780057791365e-05
dozen,4.187780057791365e-05
ponder,4.187780057791365e-05
laden,4.187780057791365e-05
latter,4.187780057791365e-05
chest,4.187780057791365e-05
overtook,4.187780057791365e-05
whenc,4.187780057791365e-05
hatch,4.187780057791365e-05
wriggl,4.187780057791365e-05
curv,4.187780057791365e-05
germani,4.187780057791365e-05
object,4.187780057791365e-05
regular,4.187780057791365e-05
shnug,4.187780057791365e-05
drought,4.187780057791365e-05
snatch,4.187780057791365e-05
excus,4.187780057791365e-05
unpleas,4.187780057791365e-05
cathol,4.187780057791365e-05
hospit,4.187780057791365e-05
scream,4.187780057791365e-05
hunger,4.187780057791365e-05
alight,4.187780057791365e-05
sown,4.187780057791365e-05
anointest,4.187780057791365e-05
despit,4.187780057791365e-05
heartili,4.187780057791365e-05
hoars,4.187780057791365e-05
raptur,4.187780057791365e-05
deepest,4.187780057791365e-05
coast,4.187780057791365e-05
brier,4.187780057791365e-05
happiest,4.187780057791365e-05
respond,4.187780057791365e-05
fragrant,4.187780057791365e-05
reread,4.187780057791365e-05
impud,4.187780057791365e-05
wallflow,4.187780057791365e-05
nun,4.187780057791365e-05
fail,4.187780057791365e-05
drawl,4.187780057791365e-05
approach,4.187780057791365e-05
drowsi,4.187780057791365e-05
crossli,4.187780057791365e-05
wheelbarrow,4.187780057791365e-05
protect,4.187780057791365e-05
han,4.187780057791365e-05
lookin,4.187780057791365e-05
coo,4.187780057791365e-05
assur,4.187780057791365e-05
tone,4.187780057791365e-05
lowli,4.187780057791365e-05
height,4.187780057791365e-05
guid,4.187780057791365e-05
beetroot,4.187780057791365e-05
hay,4.187780057791365e-05
fro,4.187780057791365e-05
parsley,4.187780057791365e-05
mountainsid,4.187780057791365e-05
warmth,4.187780057791365e-05
distast,4.187780057791365e-05
eastern,4.187780057791365e-05
lept,4.187780057791365e-05
worker,4.187780057791365e-05
doth,4.187780057791365e-05
righteous,4.187780057791365e-05
marriag,4.187780057791365e-05
sli,4.187780057791365e-05
cone,4.187780057791365e-05
precis,4.187780057791365e-05
growl,4.187780057791365e-05
harmoni,4.187780057791365e-05
perform,4.187780057791365e-05
dazzl,4.187780057791365e-05
wheel,4.187780057791365e-05
fertil,4.187780057791365e-05
hearth,4.187780057791365e-05
endiv,4.187780057791365e-05
taint,4.187780057791365e-05
aisl,4.187780057791365e-05
snigger,4.187780057791365e-05
tha,4.187780057791365e-05
yea,4.187780057791365e-05
maketh,4.187780057791365e-05
human,4.187780057791365e-05
snout,4.187780057791365e-05
elm,4.187780057791365e-05
mayb,4.187780057791365e-05
dismount,4.187780057791365e-05
widout,4.187780057791365e-05
massi,4.187780057791365e-05
forepaw,4.187780057791365e-05
battlefield,4.187780057791365e-05
flatter,4.187780057791365e-05
vesper,4.187780057791365e-05
creep,4.187780057791365e-05
forgotten,4.187780057791365e-05
ici,4.187780057791365e-05
combat,4.187780057791365e-05
undisturb,4.187780057791365e-05
wist,4.187780057791365e-05
sower,4.187780057791365e-05
bold,4.187780057791365e-05
posi,4.187780057791365e-05
bolt,4.187780057791365e-05
pli,4.187780057791365e-05
ablaz,4.187780057791365e-05
steadili,4.187780057791365e-05
plum,4.187780057791365e-05
cherish,4.187780057791365e-05
croak,4.187780057791365e-05
discont,4.187780057791365e-05
civil,4.187780057791365e-05
curios,4.187780057791365e-05
liev,4.187780057791365e-05
shlip,4.187780057791365e-05
jealousi,4.187780057791365e-05
fizz,4.187780057791365e-05
fork,4.187780057791365e-05
waistcoat,4.187780057791365e-05
form,4.187780057791365e-05
altogeth,4.187780057791365e-05
heal,4.187780057791365e-05
fore,4.187780057791365e-05
absent,4.187780057791365e-05
slope,4.187780057791365e-05
understood,4.187780057791365e-05
bargain,4.187780057791365e-05
latch,4.187780057791365e-05
retir,4.187780057791365e-05
toss,4.187780057791365e-05
glanc,4.187780057791365e-05
desir,4.187780057791365e-05
sticki,4.187780057791365e-05
assembl,4.187780057791365e-05
pipe,4.187780057791365e-05
affabl,4.187780057791365e-05
test,4.187780057791365e-05
killeth,4.187780057791365e-05
consid,4.187780057791365e-05
schare,4.187780057791365e-05
carriag,4.187780057791365e-05
fasten,4.187780057791365e-05
gown,4.187780057791365e-05
coach,4.187780057791365e-05
skip,4.187780057791365e-05
rob,4.187780057791365e-05
celebr,4.187780057791365e-05
rod,4.187780057791365e-05
invent,4.187780057791365e-05
horseback,4.187780057791365e-05
snip,4.187780057791365e-05
rot,4.187780057791365e-05
depend,4.187780057791365e-05
hump,4.187780057791365e-05
substitut,4.187780057791365e-05
decis,4.187780057791365e-05
alang,4.187780057791365e-05
blast,4.187780057791365e-05
dim,4.187780057791365e-05
level,4.187780057791365e-05
team,4.187780057791365e-05
tongu,4.187780057791365e-05
prevent,4.187780057791365e-05
inland,4.187780057791365e-05
currant,4.187780057791365e-05
pierc,4.187780057791365e-05
bake,4.187780057791365e-05
appear,4.187780057791365e-05
wayward,4.187780057791365e-05
pose,4.187780057791365e-05
guardian,4.187780057791365e-05
widow,4.187780057791365e-05
french,4.187780057791365e-05
gnaw,4.187780057791365e-05
teacher,4.187780057791365e-05
behav,4.187780057791365e-05
bob,4.187780057791365e-05
awher,4.187780057791365e-05
homeward,4.187780057791365e-05
hither,4.187780057791365e-05
madman,4.187780057791365e-05
peer,4.187780057791365e-05
transplant,4.187780057791365e-05
envi,4.187780057791365e-05
shaken,4.187780057791365e-05
dismay,4.187780057791365e-05
afford,4.187780057791365e-05
dilig,4.187780057791365e-05
suffoc,4.187780057791365e-05
prepar,4.187780057791365e-05
hardest,4.187780057791365e-05
pumpkin,4.187780057791365e-05
mouser,4.187780057791365e-05
chin,4.187780057791365e-05
occur,4.187780057791365e-05
sunday,4.187780057791365e-05
coars,4.187780057791365e-05
mad,4.187780057791365e-05
such,4.187780057791365e-05
tale,4.187780057791365e-05
combin,4.187780057791365e-05
hilltop,4.187780057791365e-05
dreamland,4.187780057791365e-05
drunken,4.187780057791365e-05
brain,4.187780057791365e-05
tore,4.187780057791365e-05
sprinkl,4.187780057791365e-05
monocotyledon,4.187780057791365e-05
main,4.187780057791365e-05
littlest,4.187780057791365e-05
lunch,4.187780057791365e-05
anecdot,4.187780057791365e-05
bath,4.187780057791365e-05
nor,4.187780057791365e-05
daub,4.187780057791365e-05
manoeuvr,4.187780057791365e-05
peasant,4.187780057791365e-05
careless,4.187780057791365e-05
piteous,4.187780057791365e-05
agin,4.187780057791365e-05
gird,4.187780057791365e-05
begun,4.187780057791365e-05
er,4.187780057791365e-05
shown,4.187780057791365e-05
thirst,4.187780057791365e-05
stool,4.187780057791365e-05
factori,4.187780057791365e-05
envelop,4.187780057791365e-05
motion,4.187780057791365e-05
turf,4.187780057791365e-05
view,4.187780057791365e-05
childhood,4.187780057791365e-05
spanish,4.187780057791365e-05
array,4.187780057791365e-05
shkin,4.187780057791365e-05
breed,4.187780057791365e-05
west,4.187780057791365e-05
huh,4.187780057791365e-05
alan,4.187780057791365e-05
folli,4.187780057791365e-05
lowest,4.187780057791365e-05
delic,4.187780057791365e-05
anywher,4.187780057791365e-05
dash,4.187780057791365e-05
anger,4.187780057791365e-05
breakfast,4.187780057791365e-05
sap,4.187780057791365e-05
roundish,4.187780057791365e-05
clung,4.187780057791365e-05
castor,4.187780057791365e-05
knead,4.187780057791365e-05
forbor,4.187780057791365e-05
destroy,4.187780057791365e-05
blunt,4.187780057791365e-05
surf,4.187780057791365e-05
clearer,4.187780057791365e-05
butterfli,4.187780057791365e-05
plagu,4.187780057791365e-05
closet,4.187780057791365e-05
shop,4.187780057791365e-05
curlew,4.187780057791365e-05
threshold,4.187780057791365e-05
fifth,4.187780057791365e-05
cabin,4.187780057791365e-05
unkind,4.187780057791365e-05
calico,4.187780057791365e-05
shrill,4.187780057791365e-05
plump,4.187780057791365e-05
clang,4.187780057791365e-05
nobl,4.187780057791365e-05
gem,4.187780057791365e-05
truli,4.187780057791365e-05
seldom,4.187780057791365e-05
priest,4.187780057791365e-05
espi,4.187780057791365e-05
harrum,4.187780057791365e-05
infinit,4.187780057791365e-05
innoc,4.187780057791365e-05
pitiless,4.187780057791365e-05
prettiest,4.187780057791365e-05
blame,4.187780057791365e-05
region,4.187780057791365e-05
audienc,4.187780057791365e-05
starvat,4.187780057791365e-05
loveliest,4.187780057791365e-05
brath,4.187780057791365e-05
spoil,4.187780057791365e-05
inspir,4.187780057791365e-05
duti,4.187780057791365e-05
fallen,4.187780057791365e-05
marm,4.187780057791365e-05
rubi,4.187780057791365e-05
wake,4.187780057791365e-05
case,4.187780057791365e-05
crumb,4.187780057791365e-05
trice,4.187780057791365e-05
yi,4.187780057791365e-05
inquiri,4.187780057791365e-05
harsh,4.187780057791365e-05
doctor,4.187780057791365e-05
pay,4.187780057791365e-05
bowl,4.187780057791365e-05
wilhelm,4.187780057791365e-05
statur,4.187780057791365e-05
assist,4.187780057791365e-05
hullo,4.187780057791365e-05
moder,4.187780057791365e-05
nothin,4.187780057791365e-05
temptat,4.187780057791365e-05
reward,4.187780057791365e-05
clod,4.187780057791365e-05
slimi,4.187780057791365e-05
abund,4.187780057791365e-05
fume,4.187780057791365e-05
slime,4.187780057791365e-05
kiln,4.187780057791365e-05
rosi,4.187780057791365e-05
hint,4.187780057791365e-05
cotyledon,4.187780057791365e-05
ross,4.187780057791365e-05
hover,4.187780057791365e-05
rejoic,4.187780057791365e-05
dart,4.187780057791365e-05
crusti,4.187780057791365e-05
grin,4.187780057791365e-05
stranger,4.187780057791365e-05
clad,4.187780057791365e-05
shutter,4.187780057791365e-05
either,4.187780057791365e-05
thimpin,4.187780057791365e-05
kennel,4.187780057791365e-05
clap,4.187780057791365e-05
doll,4.187780057791365e-05
trouser,4.187780057791365e-05
kingship,4.187780057791365e-05
freed,4.187780057791365e-05
throb,4.187780057791365e-05
unkempt,4.187780057791365e-05
transfigur,4.187780057791365e-05
central,4.187780057791365e-05
jeer,4.187780057791365e-05
ach,4.187780057791365e-05
slender,4.187780057791365e-05
degre,4.187780057791365e-05
or,4.187780057791365e-05
shpread,4.187780057791365e-05
treetop,4.187780057791365e-05
scorn,4.187780057791365e-05
fascin,4.187780057791365e-05
budg,4.187780057791365e-05
resum,4.187780057791365e-05
hem,4.187780057791365e-05
rebuk,4.187780057791365e-05
groan,4.187780057791365e-05
godmoth,4.187780057791365e-05
amongst,4.187780057791365e-05
spici,4.187780057791365e-05
congratul,4.187780057791365e-05
hire,4.187780057791365e-05
shtring,4.187780057791365e-05
unusu,4.187780057791365e-05
feeler,4.187780057791365e-05
schissor,4.187780057791365e-05
oxey,4.187780057791365e-05
sheath,4.187780057791365e-05
shelter,4.187780057791365e-05
aster,4.187780057791365e-05
childlik,4.187780057791365e-05
moonlight,4.187780057791365e-05
escap,4.187780057791365e-05
wreath,4.187780057791365e-05
atlant,4.187780057791365e-05
abid,4.187780057791365e-05
carpet,4.187780057791365e-05
ty,4.187780057791365e-05
humili,4.187780057791365e-05
crimson,4.187780057791365e-05
cress,4.187780057791365e-05
bestir,4.187780057791365e-05
tatter,4.187780057791365e-05
parcel,4.187780057791365e-05
thankless,4.187780057791365e-05
sand,4.187780057791365e-05
quicker,4.187780057791365e-05
ribbon,4.187780057791365e-05
carcass,4.187780057791365e-05
sup,4.187780057791365e-05
colchest,4.187780057791365e-05
christian,4.187780057791365e-05
suspici,4.187780057791365e-05
sheepskin,4.187780057791365e-05
excess,4.187780057791365e-05
forefath,4.187780057791365e-05
brutal,4.187780057791365e-05
youngster,4.187780057791365e-05
scurri,4.187780057791365e-05
brightest,4.187780057791365e-05
herring,4.187780057791365e-05
primros,4.187780057791365e-05
flap,4.187780057791365e-05
flax,4.187780057791365e-05
chuckl,4.187780057791365e-05
ensu,4.187780057791365e-05
den,4.187780057791365e-05
sentri,4.187780057791365e-05
prompt,4.187780057791365e-05
share,4.187780057791365e-05
hullabaloo,4.187780057791365e-05
poni,4.187780057791365e-05
talkat,4.187780057791365e-05
awkward,4.187780057791365e-05
cling,4.187780057791365e-05
footman,4.187780057791365e-05
simpl,4.187780057791365e-05
hopeless,4.187780057791365e-05
rude,4.187780057791365e-05
reflect,4.187780057791365e-05
pat,4.187780057791365e-05
coax,4.187780057791365e-05
dragon,4.187780057791365e-05
mislead,4.187780057791365e-05
shadi,4.187780057791365e-05
through,4.187780057791365e-05
puff,4.187780057791365e-05
21,4.187780057791365e-05
forthwith,4.187780057791365e-05
astonish,4.187780057791365e-05
finer,4.187780057791365e-05
return,4.187780057791365e-05
ceas,4.187780057791365e-05
friendship,4.187780057791365e-05
shock,4.187780057791365e-05
england,4.187780057791365e-05
mental,4.187780057791365e-05
tinkl,4.187780057791365e-05
event,4.187780057791365e-05
childish,4.187780057791365e-05
pigeon,4.187780057791365e-05
print,4.187780057791365e-05
hild,4.187780057791365e-05
highway,4.187780057791365e-05
jolli,4.187780057791365e-05
moist,4.187780057791365e-05
belief,4.187780057791365e-05
advanc,4.187780057791365e-05
puf,4.187780057791365e-05
daisi,4.187780057791365e-05
blush,4.187780057791365e-05
clump,4.187780057791365e-05
virgin,4.187780057791365e-05
crape,4.187780057791365e-05
dissatisfi,4.187780057791365e-05
narcissus,4.187780057791365e-05
mist,4.187780057791365e-05
miss,4.187780057791365e-05
fanci,4.187780057791365e-05
moan,4.187780057791365e-05
jew,4.187780057791365e-05
flatteri,4.187780057791365e-05
1918,4.187780057791365e-05
remov,4.187780057791365e-05
sunni,4.187780057791365e-05
cost,4.187780057791365e-05
bridl,4.187780057791365e-05
arrang,4.187780057791365e-05
weapon,4.187780057791365e-05
shpi,4.187780057791365e-05
comrad,4.187780057791365e-05
waft,4.187780057791365e-05
marbl,4.187780057791365e-05
caress,4.187780057791365e-05
lid,4.187780057791365e-05
odd,4.187780057791365e-05
labour,4.187780057791365e-05
silveri,4.187780057791365e-05
mixtur,4.187780057791365e-05
plunder,4.187780057791365e-05
unbeknownst,4.187780057791365e-05
trapper,4.187780057791365e-05
barrel,4.187780057791365e-05
languid,4.187780057791365e-05
melodi,4.187780057791365e-05
humil,4.187780057791365e-05
larkspur,4.187780057791365e-05
saveth,4.187780057791365e-05
springtim,4.187780057791365e-05
breast,4.187780057791365e-05
silk,4.187780057791365e-05
catcher,4.187780057791365e-05
tumult,4.187780057791365e-05
wroth,4.187780057791365e-05
common,4.187780057791365e-05
weaver,4.187780057791365e-05
rear,4.187780057791365e-05
manger,4.187780057791365e-05
vine,4.187780057791365e-05
are,4.187780057791365e-05
bark,4.187780057791365e-05
learnt,4.187780057791365e-05
horrid,4.187780057791365e-05
merci,4.187780057791365e-05
bridg,4.187780057791365e-05
experi,4.187780057791365e-05
watchin,4.187780057791365e-05
poorer,4.187780057791365e-05
spray,4.187780057791365e-05
succeed,4.187780057791365e-05
pshaw,4.187780057791365e-05
wather,4.187780057791365e-05
grudg,4.187780057791365e-05
buzz,4.187780057791365e-05
lash,4.187780057791365e-05
simpli,4.187780057791365e-05
drunk,4.187780057791365e-05
crispi,4.187780057791365e-05
hollow,4.187780057791365e-05
hollyhock,4.187780057791365e-05
provok,4.187780057791365e-05
deceiv,4.187780057791365e-05
cathedr,4.187780057791365e-05
forgiv,4.187780057791365e-05
damp,4.187780057791365e-05
secret,4.187780057791365e-05
dame,4.187780057791365e-05
imag,4.187780057791365e-05
contemptu,4.187780057791365e-05
everyon,4.187780057791365e-05
pounc,4.187780057791365e-05
petal,4.187780057791365e-05
rin,4.187780057791365e-05
vow,4.187780057791365e-05
frantic,4.187780057791365e-05
virtu,4.187780057791365e-05
shirt,4.187780057791365e-05
belong,4.187780057791365e-05
wherein,4.187780057791365e-05
unfasten,4.187780057791365e-05
corridor,4.187780057791365e-05
alcott,4.187780057791365e-05
goodwil,4.187780057791365e-05
yesterday,4.187780057791365e-05
temporari,4.187780057791365e-05
implement,4.187780057791365e-05
guilti,4.187780057791365e-05
expens,4.187780057791365e-05
howl,4.187780057791365e-05
explan,4.187780057791365e-05
unseen,4.187780057791365e-05
cun,4.187780057791365e-05
bin,4.187780057791365e-05
valueless,4.187780057791365e-05
bid,4.187780057791365e-05
sleeper,4.187780057791365e-05
game,4.187780057791365e-05
onion,4.187780057791365e-05
baggag,4.187780057791365e-05
acknowledg,4.187780057791365e-05
scald,4.187780057791365e-05
chocol,4.187780057791365e-05
prop,4.187780057791365e-05
everydayish,4.187780057791365e-05
pen,4.187780057791365e-05
peg,4.187780057791365e-05
be,4.187780057791365e-05
squirrel,4.187780057791365e-05
rub,4.187780057791365e-05
sacrif,4.187780057791365e-05
starri,4.187780057791365e-05
vivid,4.187780057791365e-05
cautious,4.187780057791365e-05
truck,4.187780057791365e-05
idl,4.187780057791365e-05
exceed,4.187780057791365e-05
irrig,4.187780057791365e-05
vagabond,4.187780057791365e-05
somersault,4.187780057791365e-05
dwindl,4.187780057791365e-05
reed,4.187780057791365e-05
upright,4.187780057791365e-05
dull,4.187780057791365e-05
skull,4.187780057791365e-05
planet,4.187780057791365e-05
intil,4.187780057791365e-05
curs,4.187780057791365e-05
metal,4.187780057791365e-05
chap,4.187780057791365e-05
wove,4.187780057791365e-05
curl,4.187780057791365e-05
doe,4.187780057791365e-05
prevail,4.187780057791365e-05
rainbow,4.187780057791365e-05
tarn,4.187780057791365e-05
creeper,4.187780057791365e-05
nap,4.187780057791365e-05
swirl,4.187780057791365e-05
mock,4.187780057791365e-05
mustard,4.187780057791365e-05
shaki,4.187780057791365e-05
deserv,4.187780057791365e-05
lane,4.187780057791365e-05
age,4.187780057791365e-05
hello,4.187780057791365e-05
soften,4.187780057791365e-05
softer,4.187780057791365e-05
gossip,4.187780057791365e-05
ridicul,4.187780057791365e-05
farmyard,4.187780057791365e-05
elsewher,4.187780057791365e-05
befal,4.187780057791365e-05
blaze,4.187780057791365e-05
gravel,4.187780057791365e-05
sausag,4.187780057791365e-05
rhyme,4.187780057791365e-05
bryant,4.187780057791365e-05
hivi,4.187780057791365e-05
perceiv,4.187780057791365e-05
eve,4.187780057791365e-05
fewer,4.187780057791365e-05
anxious,4.187780057791365e-05
ridg,4.187780057791365e-05
nestl,4.187780057791365e-05
natur,4.187780057791365e-05
plead,4.187780057791365e-05
resembl,4.187780057791365e-05
cell,4.187780057791365e-05
whatev,4.187780057791365e-05
bodi,4.187780057791365e-05
bachelor,4.187780057791365e-05
gaili,4.187780057791365e-05
roof,4.187780057791365e-05
greav,4.187780057791365e-05
convers,4.187780057791365e-05
schoolhous,4.187780057791365e-05
maker,4.187780057791365e-05
disobey,4.187780057791365e-05
apt,4.187780057791365e-05
beckon,4.187780057791365e-05
betho,4.187780057791365e-05
pencil,4.187780057791365e-05
porch,4.187780057791365e-05
trait,4.187780057791365e-05
musician,4.187780057791365e-05
impress,4.187780057791365e-05
sore,4.187780057791365e-05
harvest,4.187780057791365e-05
annoy,4.187780057791365e-05
reproduct,4.187780057791365e-05
meek,4.187780057791365e-05
pour,4.187780057791365e-05
pouf,4.187780057791365e-05
slid,4.187780057791365e-05
slim,4.187780057791365e-05
sought,4.187780057791365e-05
stoni,4.187780057791365e-05
loftili,4.187780057791365e-05
delay,4.187780057791365e-05
fare,4.187780057791365e-05
attend,4.187780057791365e-05
singular,4.187780057791365e-05
begorra,4.187780057791365e-05
wrist,4.187780057791365e-05
tomato,4.187780057791365e-05
bakeri,4.187780057791365e-05
craggi,4.187780057791365e-05
counten,4.187780057791365e-05
wrinkl,4.187780057791365e-05
peck,4.187780057791365e-05
bunch,4.187780057791365e-05
brood,4.187780057791365e-05
bridget,4.187780057791365e-05
chosen,4.187780057791365e-05
lo,4.187780057791365e-05
broom,4.187780057791365e-05
glee,4.187780057791365e-05
noonday,4.187780057791365e-05
dag,4.187780057791365e-05
crash,4.187780057791365e-05
handl,4.187780057791365e-05
spell,4.187780057791365e-05
ingal,4.187780057791365e-05
spelt,4.187780057791365e-05
emerald,4.187780057791365e-05
somewher,4.187780057791365e-05
truth,4.187780057791365e-05
beneath,4.187780057791365e-05
radianc,4.187780057791365e-05
our,4.187780057791365e-05
wholli,4.187780057791365e-05
perish,4.187780057791365e-05
frank,4.187780057791365e-05
templ,4.187780057791365e-05
fourteen,4.187780057791365e-05
tempt,4.187780057791365e-05
embarrass,4.187780057791365e-05
bleed,4.187780057791365e-05
scarc,4.187780057791365e-05
south,4.187780057791365e-05
twad,4.187780057791365e-05
bame,4.187780057791365e-05
qualiti,4.187780057791365e-05
preparest,4.187780057791365e-05
sack,4.187780057791365e-05
columbkil,4.187780057791365e-05
cobweb,4.187780057791365e-05
stump,4.187780057791365e-05
horseman,4.187780057791365e-05
humblest,4.187780057791365e-05
parsnip,4.187780057791365e-05
glisten,4.187780057791365e-05
flourish,4.187780057791365e-05
shmotherin,4.187780057791365e-05
pancak,4.187780057791365e-05
beard,4.187780057791365e-05
stomach,4.187780057791365e-05
shallow,4.187780057791365e-05
submiss,4.187780057791365e-05
steel,4.187780057791365e-05
wet,4.187780057791365e-05
india,4.187780057791365e-05
steep,4.187780057791365e-05
throubl,4.187780057791365e-05
tide,4.187780057791365e-05
corrupt,4.187780057791365e-05
forefoot,4.187780057791365e-05
torment,4.187780057791365e-05
bough,4.187780057791365e-05
tighten,4.187780057791365e-05
mix,4.187780057791365e-05
sh,4.187780057791365e-05
whinni,4.187780057791365e-05
schame,4.187780057791365e-05
clash,4.187780057791365e-05
discov,4.187780057791365e-05
eight,4.187780057791365e-05
awe,4.187780057791365e-05
firelight,4.187780057791365e-05
urg,4.187780057791365e-05
instid,4.187780057791365e-05
absurd,4.187780057791365e-05
scrap,4.187780057791365e-05
fact,4.187780057791365e-05
text,4.187780057791365e-05
gorg,4.187780057791365e-05
crate,4.187780057791365e-05
brink,4.187780057791365e-05
baser,4.187780057791365e-05
enclosur,4.187780057791365e-05
shtill,4.187780057791365e-05
beau,4.187780057791365e-05
lucki,4.187780057791365e-05
theatr,4.187780057791365e-05
summon,4.187780057791365e-05
stuff,4.187780057791365e-05
compliment,4.187780057791365e-05
slieveleagu,4.187780057791365e-05
violet,4.187780057791365e-05
state,4.187780057791365e-05
ken,4.187780057791365e-05
deliver,4.187780057791365e-05
courtyard,4.187780057791365e-05
ker,4.187780057791365e-05
runneth,4.187780057791365e-05
cinder,4.187780057791365e-05
cudgel,4.187780057791365e-05
hobbl,4.187780057791365e-05
johann,4.187780057791365e-05
respect,4.187780057791365e-05
poem,4.187780057791365e-05
decent,4.187780057791365e-05
sara,4.187780057791365e-05
snort,4.187780057791365e-05
restless,4.187780057791365e-05
muddl,4.187780057791365e-05
thump,4.187780057791365e-05
restoreth,4.187780057791365e-05
general,4.187780057791365e-05
irregular,4.187780057791365e-05
outspread,4.187780057791365e-05
ripen,4.187780057791365e-05
whiff,4.187780057791365e-05
menageri,4.187780057791365e-05
engag,4.187780057791365e-05
buckl,4.187780057791365e-05
ransom,4.187780057791365e-05
whirl,4.187780057791365e-05
largest,4.187780057791365e-05
difficult,4.187780057791365e-05
sincerest,4.187780057791365e-05
dusk,4.187780057791365e-05
absorb,4.187780057791365e-05
effect,4.187780057791365e-05
dust,4.187780057791365e-05
tighter,4.187780057791365e-05
protector,4.187780057791365e-05
off,4.187780057791365e-05
interpos,4.187780057791365e-05
exampl,4.187780057791365e-05
workpeopl,4.187780057791365e-05
taller,4.187780057791365e-05
paus,4.187780057791365e-05
flesh,4.187780057791365e-05
heavili,4.187780057791365e-05
tough,4.187780057791365e-05
skill,4.187780057791365e-05
thither,4.187780057791365e-05
dost,4.187780057791365e-05
smite,4.187780057791365e-05
generous,4.187780057791365e-05
thanksgiv,4.187780057791365e-05
add,4.187780057791365e-05
taunt,4.187780057791365e-05
burden,4.187780057791365e-05
realis,4.187780057791365e-05
criss,4.187780057791365e-05
profound,4.187780057791365e-05
schalt,4.187780057791365e-05
heed,4.187780057791365e-05
incens,4.187780057791365e-05
whither,4.187780057791365e-05
hail,4.187780057791365e-05
warmer,4.187780057791365e-05
proper,4.187780057791365e-05
peter,4.187780057791365e-05
throughout,4.187780057791365e-05
avoid,4.187780057791365e-05
forgiven,4.187780057791365e-05
slight,4.187780057791365e-05
pear,4.187780057791365e-05
stage,4.187780057791365e-05
rare,4.187780057791365e-05
ti,4.187780057791365e-05
weather,4.187780057791365e-05
brush,4.187780057791365e-05
mississippi,4.187780057791365e-05
cinderella,4.187780057791365e-05
visitor,4.187780057791365e-05
deliveri,4.187780057791365e-05
buy,4.187780057791365e-05
shank,4.187780057791365e-05
bur,4.187780057791365e-05
ha,4.187780057791365e-05
unload,4.187780057791365e-05
unlock,4.187780057791365e-05
skylark,4.187780057791365e-05
belov,4.187780057791365e-05
irish,4.187780057791365e-05
pin,4.187780057791365e-05
naughtili,4.187780057791365e-05
penni,4.187780057791365e-05
probabl,4.187780057791365e-05
redder,4.187780057791365e-05
oak,4.187780057791365e-05
repeat,4.187780057791365e-05
poverti,4.187780057791365e-05
foin,4.187780057791365e-05
vane,4.187780057791365e-05
eyri,4.187780057791365e-05
gruffli,4.187780057791365e-05
