he,0.04144254278728606
the,0.040342298288508556
and,0.03154034229828851
a,0.02750611246943765
to,0.02665036674816626
of,0.020904645476772617
that,0.01882640586797066
it,0.018398533007334964
wa,0.016748166259168706
buster,0.013997555012224938
had,0.012897310513447433
little,0.01265281173594132
his,0.011246943765281174
t,0.01039119804400978
in,0.009841075794621026
s,0.009718826405867971
is,0.009535452322738386
i,0.009535452322738386
bear,0.009290953545232274
all,0.007273838630806846
so,0.00715158924205379
you,0.0069070904645476775
him,0.0069070904645476775
joe,0.006845965770171149
for,0.006356968215158924
one,0.006295843520782396
brown,0.0062347188264058676
at,0.00617359413202934
farmer,0.006112469437652812
but,0.006051344743276284
boy,0.005806845965770171
there,0.005806845965770171
on,0.005501222493887531
green,0.005317848410757946
very,0.005256723716381418
they,0.005012224938875306
when,0.004889975550122249
just,0.004828850855745722
then,0.004706601466992665
if,0.004645476772616137
see,0.0045232273838630805
what,0.00421760391198044
up,0.004034229828850855
forest,0.004034229828850855
with,0.003911980440097799
be,0.003911980440097799
out,0.0038508557457212714
didn,0.0034841075794621026
could,0.0034229828850855745
have,0.00323960880195599
blacky,0.003178484107579462
who,0.003178484107579462
know,0.003178484107579462
otter,0.0031173594132029338
no,0.0031173594132029338
time,0.0031173594132029338
pool,0.0031173594132029338
said,0.003056234718826406
great,0.003056234718826406
them,0.002995110024449878
big,0.002995110024449878
berry,0.00293398533007335
would,0.0028117359413202935
now,0.0028117359413202935
from,0.0028117359413202935
way,0.0027506112469437654
thing,0.0027506112469437654
been,0.0026894865525672372
fish,0.0026894865525672372
this,0.0026894865525672372
about,0.0026894865525672372
down,0.002628361858190709
old,0.002567237163814181
pail,0.002567237163814181
sammy,0.002567237163814181
tree,0.002506112469437653
were,0.002506112469437653
some,0.002506112469437653
away,0.0024449877750611247
more,0.0024449877750611247
afraid,0.0024449877750611247
billy,0.0023838630806845965
looked,0.0023838630806845965
too,0.0023227383863080684
or,0.0023227383863080684
do,0.0022616136919315403
get,0.0022616136919315403
trout,0.0022616136919315403
how,0.002200488997555012
right,0.002200488997555012
where,0.002200488997555012
than,0.002078239608801956
laughing,0.002078239608801956
over,0.0020171149144254277
come,0.0020171149144254277
make,0.0019559902200488996
himself,0.0019559902200488996
brook,0.0019559902200488996
ha,0.0019559902200488996
are,0.0018948655256723717
couldn,0.0017726161369193154
go,0.0017726161369193154
chatterer,0.0017726161369193154
other,0.0017726161369193154
mink,0.0017114914425427872
head,0.0017114914425427872
any,0.0017114914425427872
by,0.0017114914425427872
me,0.001650366748166259
my,0.001650366748166259
sure,0.001650366748166259
pasture,0.001650366748166259
ll,0.001650366748166259
did,0.001589242053789731
think,0.001589242053789731
even,0.001528117359413203
frightened,0.001528117359413203
jay,0.001528117359413203
can,0.001528117359413203
thought,0.001528117359413203
thief,0.001528117359413203
made,0.001528117359413203
ever,0.001466992665036675
bad,0.001466992665036675
saw,0.001466992665036675
eye,0.001466992665036675
else,0.001466992665036675
back,0.001466992665036675
went,0.0014058679706601468
never,0.0014058679706601468
heard,0.0014058679706601468
not,0.0014058679706601468
those,0.0014058679706601468
smiling,0.0014058679706601468
crow,0.0014058679706601468
much,0.0014058679706601468
eat,0.0014058679706601468
m,0.0013447432762836186
people,0.0013447432762836186
everybody,0.0013447432762836186
enough,0.0013447432762836186
grandfather,0.0013447432762836186
long,0.0013447432762836186
fishing,0.0013447432762836186
until,0.0012836185819070905
caught,0.0012836185819070905
seen,0.0012836185819070905
came,0.0012836185819070905
knew,0.0012836185819070905
believe,0.0012836185819070905
into,0.0012836185819070905
frog,0.0012836185819070905
day,0.0012836185819070905
which,0.0012836185819070905
off,0.0012836185819070905
mr,0.0012224938875305623
morning,0.0012224938875305623
run,0.0012224938875305623
will,0.0012224938875305623
because,0.0012224938875305623
voice,0.0011613691931540342
such,0.0011613691931540342
first,0.0011613691931540342
tell,0.0011613691931540342
next,0.0011613691931540342
something,0.0011613691931540342
we,0.001100244498777506
take,0.001100244498777506
before,0.001100244498777506
good,0.001100244498777506
started,0.001100244498777506
behind,0.001039119804400978
fat,0.001039119804400978
might,0.001039119804400978
reddy,0.001039119804400978
began,0.001039119804400978
like,0.001039119804400978
peter,0.001039119804400978
got,0.0009779951100244498
wasn,0.0009779951100244498
don,0.0009779951100244498
catch,0.0009779951100244498
felt,0.0009779951100244498
meadow,0.0009779951100244498
course,0.0009779951100244498
going,0.0009779951100244498
once,0.0009779951100244498
keep,0.0009779951100244498
must,0.0009168704156479218
isn,0.0009168704156479218
another,0.0009168704156479218
mind,0.0009168704156479218
caw,0.0009168704156479218
still,0.0009168704156479218
happened,0.0009168704156479218
place,0.0009168704156479218
through,0.0009168704156479218
found,0.0009168704156479218
most,0.0009168704156479218
find,0.0009168704156479218
look,0.0009168704156479218
want,0.0008557457212713936
top,0.0008557457212713936
minute,0.0008557457212713936
looking,0.0008557457212713936
breakfast,0.0008557457212713936
same,0.0008557457212713936
nothing,0.0008557457212713936
face,0.0008557457212713936
told,0.0007946210268948655
kept,0.0007946210268948655
water,0.0007946210268948655
along,0.0007946210268948655
sat,0.0007946210268948655
only,0.0007946210268948655
two,0.0007946210268948655
around,0.0007946210268948655
squirrel,0.0007946210268948655
let,0.0007946210268948655
red,0.0007946210268948655
fear,0.0007946210268948655
should,0.0007946210268948655
bank,0.0007334963325183374
near,0.0007334963325183374
fast,0.0007334963325183374
say,0.0007334963325183374
lot,0.0007334963325183374
always,0.0007334963325183374
hard,0.0007334963325183374
sight,0.0007334963325183374
anything,0.0007334963325183374
seemed,0.0007334963325183374
home,0.0007334963325183374
better,0.0006723716381418093
temper,0.0006723716381418093
live,0.0006723716381418093
footprint,0.0006723716381418093
far,0.0006723716381418093
held,0.0006723716381418093
wouldn,0.0006723716381418093
really,0.0006723716381418093
guess,0.0006723716381418093
fun,0.0006723716381418093
edge,0.0006723716381418093
hair,0.0006723716381418093
rabbit,0.0006723716381418093
reached,0.0006723716381418093
perhaps,0.0006723716381418093
smart,0.0006723716381418093
after,0.0006112469437652812
side,0.0006112469437652812
took,0.0006112469437652812
life,0.0006112469437652812
yes,0.0006112469437652812
fox,0.0006112469437652812
true,0.0006112469437652812
making,0.0006112469437652812
breath,0.0006112469437652812
being,0.0006112469437652812
stand,0.0006112469437652812
fine,0.0006112469437652812
last,0.0006112469437652812
funny,0.0006112469437652812
sir,0.0006112469437652812
why,0.0006112469437652812
hadn,0.0006112469437652812
an,0.0006112469437652812
again,0.0006112469437652812
wanted,0.000550122249388753
habit,0.000550122249388753
best,0.000550122249388753
here,0.000550122249388753
gave,0.000550122249388753
neck,0.000550122249388753
r,0.000550122249388753
known,0.000550122249388753
coming,0.000550122249388753
without,0.000550122249388753
plan,0.000550122249388753
straight,0.000550122249388753
try,0.000550122249388753
watching,0.000550122249388753
laugh,0.000550122249388753
cried,0.000550122249388753
every,0.0004889975550122249
hero,0.0004889975550122249
thick,0.0004889975550122249
friend,0.0004889975550122249
ran,0.0004889975550122249
mouth,0.0004889975550122249
deal,0.0004889975550122249
happy,0.0004889975550122249
tin,0.0004889975550122249
word,0.0004889975550122249
fly,0.0004889975550122249
quite,0.0004889975550122249
early,0.0004889975550122249
worse,0.0004889975550122249
tried,0.0004889975550122249
soon,0.0004889975550122249
foot,0.0004889975550122249
stopped,0.0004889975550122249
jolly,0.0004889975550122249
feel,0.0004889975550122249
kind,0.0004889975550122249
while,0.0004889975550122249
morrow,0.0004889975550122249
having,0.0004889975550122249
instead,0.0004889975550122249
almost,0.0004889975550122249
carried,0.0004889975550122249
yell,0.0004889975550122249
screaming,0.0004278728606356968
climbed,0.0004278728606356968
sitting,0.0004278728606356968
loud,0.0004278728606356968
laughed,0.0004278728606356968
bush,0.0004278728606356968
bobby,0.0004278728606356968
wood,0.0004278728606356968
care,0.0004278728606356968
hungry,0.0004278728606356968
wonder,0.0004278728606356968
many,0.0004278728606356968
running,0.0004278728606356968
oh,0.0004278728606356968
your,0.0004278728606356968
moved,0.0004278728606356968
deep,0.0004278728606356968
fellow,0.0004278728606356968
sun,0.0004278728606356968
help,0.0004278728606356968
terrible,0.0004278728606356968
pretty,0.0004278728606356968
ought,0.0004278728606356968
foolish,0.0004278728606356968
doesn,0.0004278728606356968
meet,0.0004278728606356968
watch,0.0004278728606356968
flew,0.0004278728606356968
their,0.0004278728606356968
nearer,0.0004278728606356968
news,0.0004278728606356968
fright,0.0004278728606356968
well,0.0004278728606356968
hiding,0.0004278728606356968
under,0.0003667481662591687
rise,0.0003667481662591687
blue,0.0003667481662591687
wrong,0.0003667481662591687
ate,0.0003667481662591687
unc,0.0003667481662591687
asked,0.0003667481662591687
somehow,0.0003667481662591687
bottom,0.0003667481662591687
hear,0.0003667481662591687
chuckling,0.0003667481662591687
round,0.0003667481662591687
angry,0.0003667481662591687
hurried,0.0003667481662591687
happen,0.0003667481662591687
waited,0.0003667481662591687
paw,0.0003667481662591687
growled,0.0003667481662591687
exciting,0.0003667481662591687
neighbor,0.0003667481662591687
rage,0.0003667481662591687
sound,0.0003667481662591687
puzzled,0.0003667481662591687
strong,0.0003667481662591687
suddenly,0.0003667481662591687
flat,0.0003667481662591687
advice,0.0003667481662591687
slipped,0.0003667481662591687
least,0.0003667481662591687
whistle,0.0003667481662591687
whole,0.0003667481662591687
excited,0.0003667481662591687
d,0.0003667481662591687
climb,0.0003667481662591687
few,0.0003667481662591687
themselves,0.0003667481662591687
doing,0.0003667481662591687
perfectly,0.0003667481662591687
muddy,0.0003667481662591687
ve,0.0003667481662591687
snapped,0.0003667481662591687
own,0.0003667481662591687
hanging,0.0003056234718826406
jack,0.0003056234718826406
hide,0.0003056234718826406
work,0.0003056234718826406
possum,0.0003056234718826406
lay,0.0003056234718826406
_had_,0.0003056234718826406
re,0.0003056234718826406
second,0.0003056234718826406
spoiled,0.0003056234718826406
talking,0.0003056234718826406
though,0.0003056234718826406
rumbly,0.0003056234718826406
spite,0.0003056234718826406
deepest,0.0003056234718826406
learned,0.0003056234718826406
mud,0.0003056234718826406
cousin,0.0003056234718826406
cow,0.0003056234718826406
three,0.0003056234718826406
jerry,0.0003056234718826406
fuss,0.0003056234718826406
greatest,0.0003056234718826406
left,0.0003056234718826406
shadow,0.0003056234718826406
ear,0.0003056234718826406
everything,0.0003056234718826406
illustration,0.0003056234718826406
blueberry,0.0003056234718826406
together,0.0003056234718826406
certainly,0.0003056234718826406
coon,0.0003056234718826406
grinned,0.0003056234718826406
shook,0.0003056234718826406
stole,0.0003056234718826406
hemlock,0.0003056234718826406
smarter,0.0003056234718826406
hickory,0.0003056234718826406
fisherman,0.0003056234718826406
_our_,0.0003056234718826406
given,0.0003056234718826406
turned,0.0003056234718826406
anger,0.0003056234718826406
ground,0.0003056234718826406
nearly,0.0003056234718826406
across,0.0003056234718826406
muskrat,0.0003056234718826406
world,0.0003056234718826406
log,0.0003056234718826406
watched,0.0003056234718826406
teeth,0.0003056234718826406
tail,0.0003056234718826406
worst,0.0003056234718826406
stood,0.0003056234718826406
pick,0.0003056234718826406
taken,0.0003056234718826406
hurry,0.0003056234718826406
sense,0.0003056234718826406
sandwich,0.0003056234718826406
replied,0.0003056234718826406
stepped,0.0003056234718826406
idea,0.0003056234718826406
since,0.0003056234718826406
put,0.0003056234718826406
done,0.0003056234718826406
cry,0.0003056234718826406
common,0.0003056234718826406
surprised,0.0003056234718826406
often,0.0003056234718826406
eating,0.0003056234718826406
use,0.0003056234718826406
doubt,0.0003056234718826406
anywhere,0.0003056234718826406
bed,0.0003056234718826406
unless,0.0003056234718826406
fact,0.0003056234718826406
trying,0.0003056234718826406
listened,0.0003056234718826406
grumbly,0.0003056234718826406
lost,0.0003056234718826406
getting,0.0003056234718826406
spread,0.0003056234718826406
biggest,0.0003056234718826406
wish,0.0003056234718826406
swam,0.00024449877750611245
end,0.00024449877750611245
fit,0.00024449877750611245
each,0.00024449877750611245
luck,0.00024449877750611245
forgot,0.00024449877750611245
turning,0.00024449877750611245
listen,0.00024449877750611245
matter,0.00024449877750611245
feeling,0.00024449877750611245
seem,0.00024449877750611245
nobody,0.00024449877750611245
doe,0.00024449877750611245
sunbeam,0.00024449877750611245
scream,0.00024449877750611245
patch,0.00024449877750611245
softly,0.00024449877750611245
steal,0.00024449877750611245
berrying,0.00024449877750611245
beside,0.00024449877750611245
promised,0.00024449877750611245
toad,0.00024449877750611245
milk,0.00024449877750611245
trouble,0.00024449877750611245
wait,0.00024449877750611245
talk,0.00024449877750611245
indeed,0.00024449877750611245
lunch,0.00024449877750611245
year,0.00024449877750611245
open,0.00024449877750611245
jumped,0.00024449877750611245
myself,0.00024449877750611245
sudden,0.00024449877750611245
mean,0.00024449877750611245
taste,0.00024449877750611245
doubted,0.00024449877750611245
smile,0.00024449877750611245
full,0.00024449877750611245
sharp,0.00024449877750611245
actually,0.00024449877750611245
somebody,0.00024449877750611245
bully,0.00024449877750611245
part,0.00024449877750611245
grew,0.00024449877750611245
also,0.00024449877750611245
towards,0.00024449877750611245
reach,0.00024449877750611245
sometimes,0.00024449877750611245
close,0.00024449877750611245
barn,0.00024449877750611245
secret,0.00024449877750611245
stolen,0.00024449877750611245
ready,0.00024449877750611245
anybody,0.00024449877750611245
bit,0.00024449877750611245
curious,0.00024449877750611245
seeing,0.00024449877750611245
jimmy,0.00024449877750611245
_page,0.00024449877750611245
um,0.00024449877750611245
yelled,0.00024449877750611245
nice,0.00024449877750611245
walked,0.00024449877750611245
nose,0.00024449877750611245
jump,0.00024449877750611245
waiting,0.00024449877750611245
_his_,0.00024449877750611245
light,0.00024449877750611245
move,0.00024449877750611245
haven,0.00024449877750611245
remember,0.00024449877750611245
need,0.00024449877750611245
agreed,0.00024449877750611245
hope,0.00024449877750611245
meant,0.00024449877750611245
handle,0.00024449877750611245
joke,0.00024449877750611245
helped,0.00024449877750611245
sky,0.00024449877750611245
screamed,0.00024449877750611245
lung,0.00024449877750611245
branch,0.00024449877750611245
appetite,0.00018337408312958436
whose,0.00018337408312958436
met,0.00018337408312958436
path,0.00018337408312958436
natured,0.00018337408312958436
spotty,0.00018337408312958436
angrily,0.00018337408312958436
brought,0.00018337408312958436
give,0.00018337408312958436
honey,0.00018337408312958436
stickytoes,0.00018337408312958436
curiosity,0.00018337408312958436
splendid,0.00018337408312958436
wing,0.00018337408312958436
yourself,0.00018337408312958436
hearing,0.00018337408312958436
thoughtfully,0.00018337408312958436
exclaimed,0.00018337408312958436
queer,0.00018337408312958436
tramped,0.00018337408312958436
stop,0.00018337408312958436
altogether,0.00018337408312958436
chug,0.00018337408312958436
twinkled,0.00018337408312958436
suppose,0.00018337408312958436
grown,0.00018337408312958436
delight,0.00018337408312958436
mother,0.00018337408312958436
yet,0.00018337408312958436
sulked,0.00018337408312958436
night,0.00018337408312958436
dear,0.00018337408312958436
dinner,0.00018337408312958436
flying,0.00018337408312958436
drive,0.00018337408312958436
surprise,0.00018337408312958436
fell,0.00018337408312958436
longer,0.00018337408312958436
leave,0.00018337408312958436
quick,0.00018337408312958436
patient,0.00018337408312958436
alone,0.00018337408312958436
change,0.00018337408312958436
usually,0.00018337408312958436
growing,0.00018337408312958436
pine,0.00018337408312958436
may,0.00018337408312958436
man,0.00018337408312958436
crept,0.00018337408312958436
shouted,0.00018337408312958436
chuckled,0.00018337408312958436
bite,0.00018337408312958436
wide,0.00018337408312958436
especially,0.00018337408312958436
either,0.00018337408312958436
woof,0.00018337408312958436
muttered,0.00018337408312958436
direction,0.00018337408312958436
these,0.00018337408312958436
taking,0.00018337408312958436
thinking,0.00018337408312958436
listening,0.00018337408312958436
grin,0.00018337408312958436
stone,0.00018337408312958436
mischief,0.00018337408312958436
johnny,0.00018337408312958436
stealing,0.00018337408312958436
fill,0.00018337408312958436
u,0.00018337408312958436
awful,0.00018337408312958436
followed,0.00018337408312958436
fished,0.00018337408312958436
faint,0.00018337408312958436
particular,0.00018337408312958436
coyote,0.00018337408312958436
rather,0.00018337408312958436
adventure,0.00018337408312958436
gasp,0.00018337408312958436
house,0.00018337408312958436
teach,0.00018337408312958436
story,0.00018337408312958436
trudged,0.00018337408312958436
lip,0.00018337408312958436
eaten,0.00018337408312958436
fond,0.00018337408312958436
hid,0.00018337408312958436
stump,0.00018337408312958436
scamp,0.00018337408312958436
real,0.00018337408312958436
rid,0.00018337408312958436
belong,0.00018337408312958436
dare,0.00018337408312958436
rum,0.00018337408312958436
ago,0.00018337408312958436
fresh,0.00018337408312958436
sounded,0.00018337408312958436
gr,0.00018337408312958436
young,0.00018337408312958436
picked,0.00018337408312958436
leg,0.00018337408312958436
others,0.00018337408312958436
apt,0.00018337408312958436
tickled,0.00018337408312958436
truth,0.00018337408312958436
yawned,0.00018337408312958436
skunk,0.00018337408312958436
brer,0.00018337408312958436
anyway,0.00018337408312958436
gray,0.00018337408312958436
neither,0.00018337408312958436
respect,0.00018337408312958436
slowly,0.00018337408312958436
ah,0.00018337408312958436
glared,0.00018337408312958436
leaf,0.00018337408312958436
noise,0.00018337408312958436
rock,0.00018337408312958436
tongue,0.00018337408312958436
turtle,0.00018337408312958436
wise,0.00018337408312958436
excitement,0.00018337408312958436
pie,0.00018337408312958436
chance,0.00018337408312958436
stirred,0.00018337408312958436
understand,0.00018337408312958436
gartersnake,0.00018337408312958436
gobbled,0.00012224938875305622
saved,0.00012224938875305622
above,0.00012224938875305622
stared,0.00012224938875305622
lonesome,0.00012224938875305622
patience,0.00012224938875305622
drowned,0.00012224938875305622
overhear,0.00012224938875305622
spoke,0.00012224938875305622
hold,0.00012224938875305622
sorry,0.00012224938875305622
badly,0.00012224938875305622
dreamed,0.00012224938875305622
somewhere,0.00012224938875305622
hidden,0.00012224938875305622
chuck,0.00012224938875305622
leaned,0.00012224938875305622
free,0.00012224938875305622
hook,0.00012224938875305622
master,0.00012224938875305622
distance,0.00012224938875305622
sharply,0.00012224938875305622
plenty,0.00012224938875305622
saying,0.00012224938875305622
twice,0.00012224938875305622
farther,0.00012224938875305622
cattle,0.00012224938875305622
nature,0.00012224938875305622
rolled,0.00012224938875305622
whistled,0.00012224938875305622
twinkling,0.00012224938875305622
expected,0.00012224938875305622
worked,0.00012224938875305622
smartness,0.00012224938875305622
_could_,0.00012224938875305622
mouse,0.00012224938875305622
growl,0.00012224938875305622
hand,0.00012224938875305622
boaster,0.00012224938875305622
save,0.00012224938875305622
possible,0.00012224938875305622
easy,0.00012224938875305622
clawed,0.00012224938875305622
creep,0.00012224938875305622
disappeared,0.00012224938875305622
delighted,0.00012224938875305622
weeniest,0.00012224938875305622
obliged,0.00012224938875305622
stronger,0.00012224938875305622
guessed,0.00012224938875305622
sniffed,0.00012224938875305622
whoever,0.00012224938875305622
finally,0.00012224938875305622
sighed,0.00012224938875305622
gun,0.00012224938875305622
brave,0.00012224938875305622
sign,0.00012224938875305622
love,0.00012224938875305622
visit,0.00012224938875305622
scratched,0.00012224938875305622
everywhere,0.00012224938875305622
laughter,0.00012224938875305622
dropped,0.00012224938875305622
retorted,0.00012224938875305622
crashed,0.00012224938875305622
grow,0.00012224938875305622
tall,0.00012224938875305622
freckled,0.00012224938875305622
bashful,0.00012224938875305622
nor,0.00012224938875305622
opened,0.00012224938875305622
besides,0.00012224938875305622
turn,0.00012224938875305622
invitation,0.00012224938875305622
huh,0.00012224938875305622
forward,0.00012224938875305622
wandered,0.00012224938875305622
forever,0.00012224938875305622
surprising,0.00012224938875305622
proud,0.00012224938875305622
walking,0.00012224938875305622
show,0.00012224938875305622
nly,0.00012224938875305622
discovered,0.00012224938875305622
unkind,0.00012224938875305622
black,0.00012224938875305622
seldom,0.00012224938875305622
silently,0.00012224938875305622
jumper,0.00012224938875305622
among,0.00012224938875305622
spoil,0.00012224938875305622
learning,0.00012224938875305622
hardly,0.00012224938875305622
spirit,0.00012224938875305622
different,0.00012224938875305622
pay,0.00012224938875305622
pad,0.00012224938875305622
fruit,0.00012224938875305622
summer,0.00012224938875305622
snarled,0.00012224938875305622
sprang,0.00012224938875305622
seems,0.00012224938875305622
hind,0.00012224938875305622
acquainted,0.00012224938875305622
claw,0.00012224938875305622
throat,0.00012224938875305622
ol,0.00012224938875305622
dreaming,0.00012224938875305622
start,0.00012224938875305622
hare,0.00012224938875305622
e,0.00012224938875305622
gone,0.00012224938875305622
frighten,0.00012224938875305622
selfish,0.00012224938875305622
whistling,0.00012224938875305622
important,0.00012224938875305622
hello,0.00012224938875305622
growling,0.00012224938875305622
quicker,0.00012224938875305622
angrier,0.00012224938875305622
door,0.00012224938875305622
broke,0.00012224938875305622
glad,0.00012224938875305622
beautiful,0.00012224938875305622
fiercely,0.00012224938875305622
harmless,0.00012224938875305622
lookout,0.00012224938875305622
bigger,0.00012224938875305622
tear,0.00012224938875305622
delicious,0.00012224938875305622
beginning,0.00012224938875305622
fallen,0.00012224938875305622
supposed,0.00012224938875305622
uncomfortable,0.00012224938875305622
dancing,0.00012224938875305622
swiftly,0.00012224938875305622
carefully,0.00012224938875305622
darted,0.00012224938875305622
courage,0.00012224938875305622
set,0.00012224938875305622
nibble,0.00012224938875305622
simple,0.00012224938875305622
hollow,0.00012224938875305622
weasel,0.00012224938875305622
mistah,0.00012224938875305622
buzzard,0.00012224938875305622
wherever,0.00012224938875305622
itself,0.00012224938875305622
higher,0.00012224938875305622
used,0.00012224938875305622
mountain,0.00012224938875305622
moving,0.00012224938875305622
spring,0.00012224938875305622
mighty,0.00012224938875305622
ourselves,0.00012224938875305622
remembered,0.00012224938875305622
nowhere,0.00012224938875305622
shiny,0.00012224938875305622
within,0.00012224938875305622
question,0.00012224938875305622
impudent,0.00012224938875305622
called,0.00012224938875305622
puzzling,0.00012224938875305622
scooped,0.00012224938875305622
presently,0.00012224938875305622
telling,0.00012224938875305622
continued,0.00012224938875305622
cert,0.00012224938875305622
danger,0.00012224938875305622
redwing,0.00012224938875305622
popped,0.00012224938875305622
becomes,0.00012224938875305622
mumbled,0.00012224938875305622
le,0.00012224938875305622
chosen,0.00012224938875305622
front,0.00012224938875305622
slipping,0.00012224938875305622
trap,0.00012224938875305622
winked,0.00012224938875305622
greedy,0.00012224938875305622
finest,0.00012224938875305622
chased,0.00012224938875305622
stomach,0.00012224938875305622
exactly,0.00012224938875305622
teeniest,0.00012224938875305622
lily,0.00012224938875305622
won,0.00012224938875305622
shy,0.00012224938875305622
she,0.00012224938875305622
favor,0.00012224938875305622
merry,0.00012224938875305622
admit,0.00012224938875305622
swallow,0.00012224938875305622
walk,0.00012224938875305622
waste,0.00012224938875305622
am,0.00012224938875305622
hateful,0.00012224938875305622
plain,0.00012224938875305622
hearted,0.00012224938875305622
shamed,0.00012224938875305622
mistaken,0.00012224938875305622
book,0.00012224938875305622
soft,0.00012224938875305622
lead,0.00012224938875305622
philosopher,0.00012224938875305622
although,0.00012224938875305622
brush,0.00012224938875305622
repeated,0.00012224938875305622
hi,0.00012224938875305622
whether,0.00012224938875305622
piece,0.00012224938875305622
stay,0.00012224938875305622
scheming,6.112469437652811e-05
hate,6.112469437652811e-05
xxi,6.112469437652811e-05
scold,6.112469437652811e-05
certain,6.112469437652811e-05
slowest,6.112469437652811e-05
worth,6.112469437652811e-05
enjoy,6.112469437652811e-05
faintest,6.112469437652811e-05
likely,6.112469437652811e-05
louder,6.112469437652811e-05
sailed,6.112469437652811e-05
solemn,6.112469437652811e-05
xvii,6.112469437652811e-05
neat,6.112469437652811e-05
men,6.112469437652811e-05
drew,6.112469437652811e-05
shriek,6.112469437652811e-05
climber,6.112469437652811e-05
ventured,6.112469437652811e-05
hoping,6.112469437652811e-05
cawing,6.112469437652811e-05
call,6.112469437652811e-05
h,6.112469437652811e-05
peeping,6.112469437652811e-05
successful,6.112469437652811e-05
brings,6.112469437652811e-05
warm,6.112469437652811e-05
hole,6.112469437652811e-05
join,6.112469437652811e-05
room,6.112469437652811e-05
quarrel,6.112469437652811e-05
woodpecker,6.112469437652811e-05
gaped,6.112469437652811e-05
scolding,6.112469437652811e-05
drummer,6.112469437652811e-05
sparkled,6.112469437652811e-05
danny,6.112469437652811e-05
appreciate,6.112469437652811e-05
wink,6.112469437652811e-05
funniest,6.112469437652811e-05
dreamer,6.112469437652811e-05
fix,6.112469437652811e-05
_i,6.112469437652811e-05
easier,6.112469437652811e-05
jerking,6.112469437652811e-05
safe,6.112469437652811e-05
merrily,6.112469437652811e-05
filling,6.112469437652811e-05
schemer,6.112469437652811e-05
taught,6.112469437652811e-05
driving,6.112469437652811e-05
xv,6.112469437652811e-05
excepting,6.112469437652811e-05
laid,6.112469437652811e-05
sheer,6.112469437652811e-05
licked,6.112469437652811e-05
already,6.112469437652811e-05
bitten,6.112469437652811e-05
xii,6.112469437652811e-05
blackberry,6.112469437652811e-05
burgess,6.112469437652811e-05
xix,6.112469437652811e-05
clattering,6.112469437652811e-05
drawled,6.112469437652811e-05
happily,6.112469437652811e-05
wisdom,6.112469437652811e-05
silly,6.112469437652811e-05
mine,6.112469437652811e-05
manner,6.112469437652811e-05
dozen,6.112469437652811e-05
convenient,6.112469437652811e-05
thornton,6.112469437652811e-05
eagerly,6.112469437652811e-05
grave,6.112469437652811e-05
singer,6.112469437652811e-05
enjoyed,6.112469437652811e-05
busy,6.112469437652811e-05
proposed,6.112469437652811e-05
shuffling,6.112469437652811e-05
foolishly,6.112469437652811e-05
rejoicing,6.112469437652811e-05
patted,6.112469437652811e-05
decided,6.112469437652811e-05
vented,6.112469437652811e-05
xvi,6.112469437652811e-05
however,6.112469437652811e-05
fault,6.112469437652811e-05
against,6.112469437652811e-05
mildly,6.112469437652811e-05
appeared,6.112469437652811e-05
trust,6.112469437652811e-05
comical,6.112469437652811e-05
startled,6.112469437652811e-05
entered,6.112469437652811e-05
tallest,6.112469437652811e-05
threw,6.112469437652811e-05
deeper,6.112469437652811e-05
child,6.112469437652811e-05
sly,6.112469437652811e-05
air,6.112469437652811e-05
viii,6.112469437652811e-05
tant,6.112469437652811e-05
ix,6.112469437652811e-05
played,6.112469437652811e-05
iv,6.112469437652811e-05
ii,6.112469437652811e-05
shame,6.112469437652811e-05
clinging,6.112469437652811e-05
fairly,6.112469437652811e-05
declaring,6.112469437652811e-05
jealous,6.112469437652811e-05
greedily,6.112469437652811e-05
yours,6.112469437652811e-05
snickered,6.112469437652811e-05
human,6.112469437652811e-05
shout,6.112469437652811e-05
belongs,6.112469437652811e-05
possibly,6.112469437652811e-05
desire,6.112469437652811e-05
hung,6.112469437652811e-05
cooled,6.112469437652811e-05
whenever,6.112469437652811e-05
dead,6.112469437652811e-05
trace,6.112469437652811e-05
bolt,6.112469437652811e-05
peer,6.112469437652811e-05
peep,6.112469437652811e-05
yelling,6.112469437652811e-05
hungrier,6.112469437652811e-05
amounted,6.112469437652811e-05
fight,6.112469437652811e-05
form,6.112469437652811e-05
pricked,6.112469437652811e-05
heap,6.112469437652811e-05
porky,6.112469437652811e-05
willingly,6.112469437652811e-05
protested,6.112469437652811e-05
tit,6.112469437652811e-05
tip,6.112469437652811e-05
holding,6.112469437652811e-05
intent,6.112469437652811e-05
stripping,6.112469437652811e-05
baited,6.112469437652811e-05
flash,6.112469437652811e-05
unpleasant,6.112469437652811e-05
terror,6.112469437652811e-05
keeping,6.112469437652811e-05
advised,6.112469437652811e-05
sigh,6.112469437652811e-05
helpless,6.112469437652811e-05
falling,6.112469437652811e-05
filled,6.112469437652811e-05
v,6.112469437652811e-05
testily,6.112469437652811e-05
working,6.112469437652811e-05
wondering,6.112469437652811e-05
intently,6.112469437652811e-05
roared,6.112469437652811e-05
hardest,6.112469437652811e-05
nearest,6.112469437652811e-05
write,6.112469437652811e-05
till,6.112469437652811e-05
pure,6.112469437652811e-05
tipped,6.112469437652811e-05
scrambling,6.112469437652811e-05
stupidly,6.112469437652811e-05
ordinarily,6.112469437652811e-05
sh,6.112469437652811e-05
pulled,6.112469437652811e-05
furnished,6.112469437652811e-05
footstep,6.112469437652811e-05
shake,6.112469437652811e-05
thank,6.112469437652811e-05
interesting,6.112469437652811e-05
chickadee,6.112469437652811e-05
lonely,6.112469437652811e-05
killed,6.112469437652811e-05
peered,6.112469437652811e-05
_him_,6.112469437652811e-05
needn,6.112469437652811e-05
em,6.112469437652811e-05
bursting,6.112469437652811e-05
catching,6.112469437652811e-05
begun,6.112469437652811e-05
brimming,6.112469437652811e-05
xi,6.112469437652811e-05
clumsy,6.112469437652811e-05
xx,6.112469437652811e-05
carry,6.112469437652811e-05
cheerfully,6.112469437652811e-05
thoughtless,6.112469437652811e-05
shiver,6.112469437652811e-05
speaking,6.112469437652811e-05
greatness,6.112469437652811e-05
whom,6.112469437652811e-05
tasted,6.112469437652811e-05
recover,6.112469437652811e-05
clung,6.112469437652811e-05
opposite,6.112469437652811e-05
track,6.112469437652811e-05
cleared,6.112469437652811e-05
perch,6.112469437652811e-05
bright,6.112469437652811e-05
imagined,6.112469437652811e-05
slow,6.112469437652811e-05
shrill,6.112469437652811e-05
declared,6.112469437652811e-05
dived,6.112469437652811e-05
seat,6.112469437652811e-05
1920,6.112469437652811e-05
aroused,6.112469437652811e-05
between,6.112469437652811e-05
enjoys,6.112469437652811e-05
whispered,6.112469437652811e-05
blame,6.112469437652811e-05
_their_,6.112469437652811e-05
according,6.112469437652811e-05
impo,6.112469437652811e-05
loudly,6.112469437652811e-05
duty,6.112469437652811e-05
pop,6.112469437652811e-05
_71_,6.112469437652811e-05
redeye,6.112469437652811e-05
case,6.112469437652811e-05
crumb,6.112469437652811e-05
trick,6.112469437652811e-05
xiii,6.112469437652811e-05
quiet,6.112469437652811e-05
middle,6.112469437652811e-05
worry,6.112469437652811e-05
harsh,6.112469437652811e-05
haunch,6.112469437652811e-05
struggling,6.112469437652811e-05
enjoyment,6.112469437652811e-05
yo,6.112469437652811e-05
climbing,6.112469437652811e-05
breeze,6.112469437652811e-05
bowser,6.112469437652811e-05
reward,6.112469437652811e-05
charged,6.112469437652811e-05
kill,6.112469437652811e-05
touch,6.112469437652811e-05
blow,6.112469437652811e-05
death,6.112469437652811e-05
except,6.112469437652811e-05
swim,6.112469437652811e-05
frown,6.112469437652811e-05
fully,6.112469437652811e-05
xviii,6.112469437652811e-05
highest,6.112469437652811e-05
frantically,6.112469437652811e-05
knife,6.112469437652811e-05
welcome,6.112469437652811e-05
power,6.112469437652811e-05
roar,6.112469437652811e-05
favorite,6.112469437652811e-05
roam,6.112469437652811e-05
blessed,6.112469437652811e-05
legged,6.112469437652811e-05
her,6.112469437652811e-05
low,6.112469437652811e-05
politeness,6.112469437652811e-05
rouse,6.112469437652811e-05
faster,6.112469437652811e-05
pull,6.112469437652811e-05
chomped,6.112469437652811e-05
dirty,6.112469437652811e-05
blackbird,6.112469437652811e-05
creeping,6.112469437652811e-05
hound,6.112469437652811e-05
stumbled,6.112469437652811e-05
rubbed,6.112469437652811e-05
deserve,6.112469437652811e-05
5,6.112469437652811e-05
poor,6.112469437652811e-05
sheepishly,6.112469437652811e-05
washed,6.112469437652811e-05
thoughtful,6.112469437652811e-05
follow,6.112469437652811e-05
dreadful,6.112469437652811e-05
fall,6.112469437652811e-05
difference,6.112469437652811e-05
joined,6.112469437652811e-05
large,6.112469437652811e-05
small,6.112469437652811e-05
past,6.112469437652811e-05
chuckle,6.112469437652811e-05
gruffest,6.112469437652811e-05
mustn,6.112469437652811e-05
hasn,6.112469437652811e-05
smartest,6.112469437652811e-05
trunk,6.112469437652811e-05
buzzing,6.112469437652811e-05
sticking,6.112469437652811e-05
vii,6.112469437652811e-05
wiped,6.112469437652811e-05
kick,6.112469437652811e-05
landed,6.112469437652811e-05
respected,6.112469437652811e-05
none,6.112469437652811e-05
thickest,6.112469437652811e-05
learn,6.112469437652811e-05
accept,6.112469437652811e-05
pushed,6.112469437652811e-05
redtail,6.112469437652811e-05
creature,6.112469437652811e-05
headfirst,6.112469437652811e-05
short,6.112469437652811e-05
orchard,6.112469437652811e-05
shade,6.112469437652811e-05
pleasure,6.112469437652811e-05
dream,6.112469437652811e-05
paper,6.112469437652811e-05
cheated,6.112469437652811e-05
saucy,6.112469437652811e-05
26,6.112469437652811e-05
rapidly,6.112469437652811e-05
late,6.112469437652811e-05
finer,6.112469437652811e-05
disrespectful,6.112469437652811e-05
food,6.112469437652811e-05
hunted,6.112469437652811e-05
taunted,6.112469437652811e-05
wondered,6.112469437652811e-05
safety,6.112469437652811e-05
_has_,6.112469437652811e-05
livelong,6.112469437652811e-05
pleasant,6.112469437652811e-05
reason,6.112469437652811e-05
disposition,6.112469437652811e-05
imagine,6.112469437652811e-05
bumped,6.112469437652811e-05
terribly,6.112469437652811e-05
w,6.112469437652811e-05
feed,6.112469437652811e-05
thereafter,6.112469437652811e-05
knocking,6.112469437652811e-05
number,6.112469437652811e-05
_was_,6.112469437652811e-05
xiv,6.112469437652811e-05
heedlessness,6.112469437652811e-05
gotten,6.112469437652811e-05
chipmunk,6.112469437652811e-05
shrewd,6.112469437652811e-05
lie,6.112469437652811e-05
self,6.112469437652811e-05
silvery,6.112469437652811e-05
finding,6.112469437652811e-05
clear,6.112469437652811e-05
lying,6.112469437652811e-05
circle,6.112469437652811e-05
hit,6.112469437652811e-05
meanwhile,6.112469437652811e-05
longest,6.112469437652811e-05
during,6.112469437652811e-05
enemy,6.112469437652811e-05
x,6.112469437652811e-05
xxiii,6.112469437652811e-05
bark,6.112469437652811e-05
arm,6.112469437652811e-05
please,6.112469437652811e-05
smallest,6.112469437652811e-05
wrinkling,6.112469437652811e-05
probably,6.112469437652811e-05
both,6.112469437652811e-05
became,6.112469437652811e-05
forgotten,6.112469437652811e-05
lash,6.112469437652811e-05
supply,6.112469437652811e-05
sweet,6.112469437652811e-05
whatever,6.112469437652811e-05
hoarse,6.112469437652811e-05
simply,6.112469437652811e-05
patiently,6.112469437652811e-05
respecting,6.112469437652811e-05
dropping,6.112469437652811e-05
meeting,6.112469437652811e-05
lived,6.112469437652811e-05
awake,6.112469437652811e-05
utmost,6.112469437652811e-05
robin,6.112469437652811e-05
smacked,6.112469437652811e-05
chase,6.112469437652811e-05
bristle,6.112469437652811e-05
yesterday,6.112469437652811e-05
soberly,6.112469437652811e-05
moment,6.112469437652811e-05
uneasily,6.112469437652811e-05
timid,6.112469437652811e-05
dark,6.112469437652811e-05
grind,6.112469437652811e-05
person,6.112469437652811e-05
cut,6.112469437652811e-05
eager,6.112469437652811e-05
deliberately,6.112469437652811e-05
snap,6.112469437652811e-05
scowled,6.112469437652811e-05
dearly,6.112469437652811e-05
provoking,6.112469437652811e-05
understood,6.112469437652811e-05
selfishness,6.112469437652811e-05
twinkle,6.112469437652811e-05
prof,6.112469437652811e-05
raspberry,6.112469437652811e-05
lesson,6.112469437652811e-05
prowling,6.112469437652811e-05
belonged,6.112469437652811e-05
pounded,6.112469437652811e-05
hoped,6.112469437652811e-05
upright,6.112469437652811e-05
peeped,6.112469437652811e-05
fried,6.112469437652811e-05
single,6.112469437652811e-05
whined,6.112469437652811e-05
preventing,6.112469437652811e-05
nap,6.112469437652811e-05
scurrying,6.112469437652811e-05
vireo,6.112469437652811e-05
draw,6.112469437652811e-05
pretended,6.112469437652811e-05
prepared,6.112469437652811e-05
helping,6.112469437652811e-05
meaning,6.112469437652811e-05
smiled,6.112469437652811e-05
fighter,6.112469437652811e-05
age,6.112469437652811e-05
humiliated,6.112469437652811e-05
scratch,6.112469437652811e-05
broader,6.112469437652811e-05
xxii,6.112469437652811e-05
friendly,6.112469437652811e-05
sent,6.112469437652811e-05
yourselves,6.112469437652811e-05
watered,6.112469437652811e-05
concluded,6.112469437652811e-05
waking,6.112469437652811e-05
odd,6.112469437652811e-05
folk,6.112469437652811e-05
business,6.112469437652811e-05
gathered,6.112469437652811e-05
scrapper,6.112469437652811e-05
believed,6.112469437652811e-05
maker,6.112469437652811e-05
possession,6.112469437652811e-05
sore,6.112469437652811e-05
iii,6.112469437652811e-05
insists,6.112469437652811e-05
shrieked,6.112469437652811e-05
proof,6.112469437652811e-05
high,6.112469437652811e-05
slip,6.112469437652811e-05
shuffled,6.112469437652811e-05
sit,6.112469437652811e-05
briar,6.112469437652811e-05
cuffed,6.112469437652811e-05
greatly,6.112469437652811e-05
attend,6.112469437652811e-05
hawk,6.112469437652811e-05
realized,6.112469437652811e-05
chasing,6.112469437652811e-05
trembling,6.112469437652811e-05
scoop,6.112469437652811e-05
tiptoed,6.112469437652811e-05
badger,6.112469437652811e-05
spoiling,6.112469437652811e-05
crash,6.112469437652811e-05
stout,6.112469437652811e-05
feast,6.112469437652811e-05
gazing,6.112469437652811e-05
pailful,6.112469437652811e-05
our,6.112469437652811e-05
tenth,6.112469437652811e-05
henhouse,6.112469437652811e-05
d_,6.112469437652811e-05
shallow,6.112469437652811e-05
shut,6.112469437652811e-05
completely,6.112469437652811e-05
tempt,6.112469437652811e-05
thrust,6.112469437652811e-05
afterward,6.112469437652811e-05
spill,6.112469437652811e-05
chilly,6.112469437652811e-05
scare,6.112469437652811e-05
powerful,6.112469437652811e-05
twas,6.112469437652811e-05
scent,6.112469437652811e-05
wrapped,6.112469437652811e-05
chagrin,6.112469437652811e-05
kingbird,6.112469437652811e-05
tommy,6.112469437652811e-05
chattered,6.112469437652811e-05
gently,6.112469437652811e-05
comfortable,6.112469437652811e-05
hungrily,6.112469437652811e-05
studying,6.112469437652811e-05
able,6.112469437652811e-05
cleverest,6.112469437652811e-05
upset,6.112469437652811e-05
scrambled,6.112469437652811e-05
prickly,6.112469437652811e-05
scampered,6.112469437652811e-05
darkest,6.112469437652811e-05
jaw,6.112469437652811e-05
beat,6.112469437652811e-05
lucky,6.112469437652811e-05
listener,6.112469437652811e-05
striped,6.112469437652811e-05
contain,6.112469437652811e-05
racket,6.112469437652811e-05
ability,6.112469437652811e-05
hurrying,6.112469437652811e-05
blinked,6.112469437652811e-05
swift,6.112469437652811e-05
instant,6.112469437652811e-05
invited,6.112469437652811e-05
equal,6.112469437652811e-05
safely,6.112469437652811e-05
glorious,6.112469437652811e-05
otherwise,6.112469437652811e-05
treat,6.112469437652811e-05
sheepish,6.112469437652811e-05
finished,6.112469437652811e-05
digger,6.112469437652811e-05
harder,6.112469437652811e-05
balance,6.112469437652811e-05
ripe,6.112469437652811e-05
vi,6.112469437652811e-05
tumbled,6.112469437652811e-05
brightened,6.112469437652811e-05
strange,6.112469437652811e-05
discouraged,6.112469437652811e-05
bluest,6.112469437652811e-05
drawing,6.112469437652811e-05
usual,6.112469437652811e-05
wren,6.112469437652811e-05
happiness,6.112469437652811e-05
fled,6.112469437652811e-05
extends,6.112469437652811e-05
crack,6.112469437652811e-05
admitted,6.112469437652811e-05
become,6.112469437652811e-05
page,6.112469437652811e-05
whitefoot,6.112469437652811e-05
glare,6.112469437652811e-05
scared,6.112469437652811e-05
tempered,6.112469437652811e-05
daylight,6.112469437652811e-05
112,6.112469437652811e-05
happens,6.112469437652811e-05
speak,6.112469437652811e-05
coated,6.112469437652811e-05
squealed,6.112469437652811e-05
shaking,6.112469437652811e-05
spilled,6.112469437652811e-05
recognized,6.112469437652811e-05
screamer,6.112469437652811e-05
pussy,6.112469437652811e-05
mere,6.112469437652811e-05
rushed,6.112469437652811e-05
smooth,6.112469437652811e-05
goggly,6.112469437652811e-05
below,6.112469437652811e-05
gloated,6.112469437652811e-05
jenny,6.112469437652811e-05
45,6.112469437652811e-05
suspiciously,6.112469437652811e-05
squeal,6.112469437652811e-05
rule,6.112469437652811e-05
