the,0.060065113216519736
a,0.03273951055346234
and,0.03189816000292644
to,0.026667154406116254
it,0.02385045908475692
she,0.020228993671580642
i,0.01986318908439112
of,0.0188023557815415
said,0.016900171928155978
you,0.01503456853348941
alice,0.01455902257014303
in,0.013498189267293412
wa,0.013059223762665984
that,0.011522844496469986
her,0.009071953762300178
t,0.00797454000073161
at,0.007755057248417895
s,0.007352672202509419
on,0.007060028532757801
all,0.006657643486849325
with,0.006584482569411421
had,0.006511321651973516
but,0.006218677982221897
for,0.005596810183999708
they,0.005560229725280755
so,0.005523649266561802
be,0.005413907890404946
not,0.005340746972967041
very,0.005267586055529136
what,0.00515784467937228
this,0.004901781468339613
little,0.004682298716025899
he,0.004572557339869042
out,0.004279913670117423
is,0.003950689541646853
one,0.0038409481654899953
down,0.0037312067893331383
up,0.0036580458718952335
there,0.0036214654131762813
if,0.0035117240370194243
his,0.0035117240370194243
then,0.0034385631195815195
about,0.0034385631195815195
no,0.0032922412847057104
know,0.0032922412847057104
them,0.0032190803672678056
like,0.003145919449829901
were,0.0031093389911109486
would,0.003036178073673044
went,0.003036178073673044
again,0.003036178073673044
herself,0.003036178073673044
do,0.002963017156235139
have,0.002926436697516187
thing,0.002926436697516187
when,0.0028898562387972347
or,0.00281669532135933
could,0.00281669532135933
time,0.00281669532135933
queen,0.0027801148626403773
thought,0.0027801148626403773
off,0.0026703734864835203
me,0.002487471192888759
how,0.002487471192888759
see,0.0024508907341698064
into,0.0024508907341698064
can,0.0023411493580129494
king,0.0023411493580129494
m,0.0023045688992939972
did,0.0023045688992939972
who,0.0023045688992939972
well,0.0023045688992939972
your,0.0022679884405750446
don,0.0022314079818560924
turtle,0.0022314079818560924
head,0.0021948275231371403
now,0.0021948275231371403
by,0.0021582470644181877
my,0.0021216666056992355
began,0.0021216666056992355
hatter,0.0020850861469802833
way,0.0020850861469802833
an,0.0020850861469802833
go,0.0020850861469802833
ll,0.0020850861469802833
mock,0.0020485056882613307
gryphon,0.0020119252295423785
quite,0.0020119252295423785
say,0.0020119252295423785
are,0.0019753447708234263
think,0.0019387643121044737
just,0.0019021838533855215
rabbit,0.0019021838533855215
their,0.0019021838533855215
some,0.0018656033946665691
here,0.0018656033946665691
much,0.0018656033946665691
voice,0.0018656033946665691
first,0.0018656033946665691
cat,0.0018290229359476167
only,0.0018290229359476167
more,0.0017924424772286643
which,0.0017924424772286643
never,0.0017558620185097122
mouse,0.0017558620185097122
come,0.0017558620185097122
get,0.0016827011010718074
got,0.0016461206423528552
oh,0.0016461206423528552
looked,0.0016461206423528552
must,0.0016095401836339028
ve,0.0016095401836339028
after,0.0015729597249149504
him,0.0015729597249149504
tone,0.001536379266195998
duchess,0.001536379266195998
round,0.0014997988074770458
such,0.0014997988074770458
over,0.0014632183487580934
came,0.0014632183487580934
two,0.0014632183487580934
back,0.0014632183487580934
dormouse,0.0014632183487580934
why,0.0014632183487580934
other,0.0014632183487580934
any,0.001426637890039141
great,0.001426637890039141
before,0.0013900574313201886
re,0.0013900574313201886
been,0.0013900574313201886
make,0.0013900574313201886
eye,0.001316896513882284
from,0.001316896513882284
tell,0.0012437355964443795
nothing,0.0012437355964443795
march,0.0012437355964443795
we,0.0012437355964443795
once,0.0012437355964443795
hand,0.001207155137725427
large,0.001207155137725427
will,0.001207155137725427
day,0.001207155137725427
last,0.001207155137725427
right,0.0011705746790064747
dear,0.0011705746790064747
minute,0.0011705746790064747
looking,0.0011705746790064747
door,0.0011705746790064747
found,0.0011705746790064747
long,0.0011705746790064747
moment,0.0011339942202875223
hare,0.0011339942202875223
put,0.0011339942202875223
word,0.0011339942202875223
heard,0.0010974137615685701
white,0.0010974137615685701
next,0.0010974137615685701
made,0.0010974137615685701
replied,0.0010608333028496177
foot,0.0010608333028496177
look,0.0010608333028496177
d,0.0010608333028496177
caterpillar,0.0010242528441306653
three,0.0010242528441306653
might,0.0010242528441306653
going,0.0009876723854117132
good,0.0009876723854117132
poor,0.0009876723854117132
seemed,0.0009876723854117132
should,0.0009876723854117132
too,0.0009510919266927608
upon,0.0009510919266927608
without,0.0009510919266927608
while,0.0009510919266927608
won,0.0009510919266927608
course,0.0009510919266927608
shall,0.0009145114679738084
away,0.0009145114679738084
yet,0.0009145114679738084
rather,0.0009145114679738084
soon,0.0009145114679738084
took,0.0008779310092548561
than,0.0008779310092548561
take,0.0008779310092548561
sure,0.0008779310092548561
same,0.0008779310092548561
felt,0.0008413505505359037
half,0.0008413505505359037
added,0.0008413505505359037
sort,0.0008413505505359037
another,0.0008047700918169514
jury,0.0008047700918169514
find,0.0008047700918169514
let,0.0008047700918169514
getting,0.0008047700918169514
ever,0.000768189633097999
side,0.000768189633097999
child,0.000768189633097999
till,0.000768189633097999
arm,0.000768189633097999
question,0.000768189633097999
wish,0.000768189633097999
however,0.0007316091743790467
anything,0.0007316091743790467
face,0.0007316091743790467
cried,0.0007316091743790467
even,0.0006950287156600943
old,0.0006950287156600943
curious,0.0006950287156600943
being,0.0006950287156600943
tea,0.0006950287156600943
tried,0.0006950287156600943
house,0.0006950287156600943
please,0.0006950287156600943
soup,0.000658448256941142
wonder,0.000658448256941142
enough,0.000658448256941142
table,0.000658448256941142
court,0.000658448256941142
use,0.000658448256941142
something,0.000658448256941142
eat,0.000658448256941142
spoke,0.0006218677982221897
end,0.0006218677982221897
asked,0.0006218677982221897
sat,0.0006218677982221897
begin,0.0006218677982221897
talking,0.0006218677982221897
bill,0.0006218677982221897
perhaps,0.0006218677982221897
pig,0.0006218677982221897
under,0.0005852873395032374
ran,0.0005852873395032374
life,0.0005852873395032374
air,0.0005852873395032374
change,0.0005852873395032374
indeed,0.0005852873395032374
hastily,0.0005852873395032374
turned,0.0005852873395032374
bit,0.0005852873395032374
doesn,0.0005852873395032374
garden,0.0005852873395032374
high,0.0005852873395032374
am,0.0005852873395032374
mean,0.0005487068807842851
tree,0.0005487068807842851
seen,0.0005487068807842851
saying,0.0005487068807842851
speak,0.0005487068807842851
near,0.0005487068807842851
gave,0.0005487068807842851
mad,0.0005487068807842851
where,0.0005487068807842851
low,0.0005487068807842851
footman,0.0005487068807842851
idea,0.0005487068807842851
done,0.0005487068807842851
because,0.0005487068807842851
called,0.0005487068807842851
turn,0.0005121264220653327
better,0.0005121264220653327
size,0.0005121264220653327
mouth,0.0005121264220653327
anxiously,0.0005121264220653327
left,0.0005121264220653327
everything,0.0005121264220653327
hear,0.0005121264220653327
certainly,0.0005121264220653327
talk,0.0005121264220653327
saw,0.0005121264220653327
knew,0.0005121264220653327
set,0.0005121264220653327
these,0.0005121264220653327
lobster,0.0005121264220653327
trying,0.0005121264220653327
u,0.0005121264220653327
creature,0.0005121264220653327
suppose,0.0005121264220653327
through,0.0005121264220653327
beginning,0.0005121264220653327
sea,0.0005121264220653327
both,0.0005121264220653327
ought,0.0005121264220653327
itself,0.0005121264220653327
game,0.0005121264220653327
silence,0.0005121264220653327
baby,0.0005121264220653327
remember,0.0005121264220653327
dinah,0.0005121264220653327
didn,0.0005121264220653327
room,0.0004755459633463804
dodo,0.0004755459633463804
kept,0.0004755459633463804
yes,0.0004755459633463804
people,0.0004755459633463804
dance,0.0004755459633463804
cook,0.0004755459633463804
may,0.0004755459633463804
grow,0.0004755459633463804
still,0.0004755459633463804
behind,0.0004755459633463804
gone,0.0004755459633463804
far,0.0004755459633463804
suddenly,0.0004755459633463804
beautiful,0.0004755459633463804
wouldn,0.0004755459633463804
always,0.0004755459633463804
really,0.0004755459633463804
close,0.0004755459633463804
whole,0.0004755459633463804
remark,0.0004755459633463804
used,0.0004755459633463804
lesson,0.0004755459633463804
book,0.0004755459633463804
every,0.00043896550462742804
serpent,0.00043896550462742804
give,0.00043896550462742804
slate,0.00043896550462742804
turning,0.00043896550462742804
queer,0.00043896550462742804
best,0.00043896550462742804
chapter,0.00043896550462742804
deal,0.00043896550462742804
name,0.00043896550462742804
many,0.00043896550462742804
among,0.00043896550462742804
hardly,0.00043896550462742804
tail,0.00043896550462742804
pigeon,0.00043896550462742804
majesty,0.00043896550462742804
else,0.00043896550462742804
try,0.00043896550462742804
bird,0.00043896550462742804
afraid,0.00043896550462742804
finished,0.00043896550462742804
want,0.0004023850459084757
wasn,0.0004023850459084757
matter,0.0004023850459084757
mind,0.0004023850459084757
ear,0.0004023850459084757
trial,0.0004023850459084757
growing,0.0004023850459084757
hurried,0.0004023850459084757
waited,0.0004023850459084757
nearly,0.0004023850459084757
thinking,0.0004023850459084757
read,0.0004023850459084757
pool,0.0004023850459084757
soldier,0.0004023850459084757
hurry,0.0004023850459084757
glad,0.0004023850459084757
tear,0.0004023850459084757
ask,0.0004023850459084757
sister,0.0004023850459084757
glove,0.0004023850459084757
though,0.0004023850459084757
keep,0.0004023850459084757
conversation,0.0004023850459084757
whether,0.0004023850459084757
glass,0.00036580458718952336
hold,0.00036580458718952336
answer,0.00036580458718952336
hedgehog,0.00036580458718952336
mine,0.00036580458718952336
explain,0.00036580458718952336
remarked,0.00036580458718952336
box,0.00036580458718952336
heart,0.00036580458718952336
opened,0.00036580458718952336
place,0.00036580458718952336
those,0.00036580458718952336
bottle,0.00036580458718952336
rest,0.00036580458718952336
fan,0.00036580458718952336
small,0.00036580458718952336
offended,0.00036580458718952336
reason,0.00036580458718952336
sight,0.00036580458718952336
either,0.00036580458718952336
walked,0.00036580458718952336
having,0.00036580458718952336
yourself,0.00036580458718952336
witness,0.00036580458718952336
sitting,0.00036580458718952336
party,0.00036580458718952336
own,0.00036580458718952336
repeated,0.00036580458718952336
angrily,0.000329224128470571
moral,0.000329224128470571
call,0.000329224128470571
join,0.000329224128470571
croquet,0.000329224128470571
top,0.000329224128470571
feeling,0.000329224128470571
doe,0.000329224128470571
butter,0.000329224128470571
together,0.000329224128470571
leave,0.000329224128470571
shook,0.000329224128470571
hall,0.000329224128470571
shouted,0.000329224128470571
couldn,0.000329224128470571
different,0.000329224128470571
knave,0.000329224128470571
puzzled,0.000329224128470571
rate,0.000329224128470571
coming,0.000329224128470571
help,0.000329224128470571
fish,0.000329224128470571
least,0.000329224128470571
believe,0.000329224128470571
timidly,0.000329224128470571
work,0.000329224128470571
continued,0.000329224128470571
waiting,0.000329224128470571
few,0.000329224128470571
interrupted,0.000329224128470571
key,0.000329224128470571
against,0.000329224128470571
piece,0.000329224128470571
four,0.0002926436697516187
changed,0.0002926436697516187
story,0.0002926436697516187
each,0.0002926436697516187
distance,0.0002926436697516187
seem,0.0002926436697516187
eagerly,0.0002926436697516187
nobody,0.0002926436697516187
appeared,0.0002926436697516187
dry,0.0002926436697516187
mushroom,0.0002926436697516187
opportunity,0.0002926436697516187
shoulder,0.0002926436697516187
everybody,0.0002926436697516187
live,0.0002926436697516187
wood,0.0002926436697516187
making,0.0002926436697516187
window,0.0002926436697516187
bright,0.0002926436697516187
asleep,0.0002926436697516187
direction,0.0002926436697516187
running,0.0002926436697516187
nose,0.0002926436697516187
slowly,0.0002926436697516187
whiting,0.0002926436697516187
sound,0.0002926436697516187
followed,0.0002926436697516187
history,0.0002926436697516187
hard,0.0002926436697516187
gardener,0.0002926436697516187
feel,0.0002926436697516187
play,0.0002926436697516187
most,0.0002926436697516187
lying,0.0002926436697516187
tart,0.0002926436697516187
verse,0.0002926436697516187
ready,0.0002926436697516187
twinkle,0.0002926436697516187
william,0.0002926436697516187
meaning,0.0002926436697516187
sit,0.0002926436697516187
watch,0.0002926436697516187
our,0.0002926436697516187
exactly,0.0002926436697516187
haven,0.0002926436697516187
beg,0.0002926436697516187
fact,0.0002926436697516187
hadn,0.0002926436697516187
five,0.0002926436697516187
pepper,0.0002926436697516187
noticed,0.0002926436697516187
happen,0.0002926436697516187
ground,0.0002926436697516187
rule,0.0002926436697516187
lory,0.00025606321103266634
song,0.00025606321103266634
tired,0.00025606321103266634
golden,0.00025606321103266634
hot,0.00025606321103266634
bread,0.00025606321103266634
listen,0.00025606321103266634
bat,0.00025606321103266634
subject,0.00025606321103266634
treacle,0.00025606321103266634
grown,0.00025606321103266634
frightened,0.00025606321103266634
evidence,0.00025606321103266634
generally,0.00025606321103266634
wondering,0.00025606321103266634
oop,0.00025606321103266634
chin,0.00025606321103266634
neck,0.00025606321103266634
happened,0.00025606321103266634
soo,0.00025606321103266634
begun,0.00025606321103266634
girl,0.00025606321103266634
open,0.00025606321103266634
silent,0.00025606321103266634
shoe,0.00025606321103266634
cheshire,0.00025606321103266634
myself,0.00025606321103266634
middle,0.00025606321103266634
rose,0.00025606321103266634
grin,0.00025606321103266634
business,0.00025606321103266634
deep,0.00025606321103266634
puppy,0.00025606321103266634
important,0.00025606321103266634
fall,0.00025606321103266634
stood,0.00025606321103266634
learn,0.00025606321103266634
adventure,0.00025606321103266634
paw,0.00025606321103266634
dream,0.00025606321103266634
somebody,0.00025606321103266634
fancy,0.00025606321103266634
kind,0.00025606321103266634
chimney,0.00025606321103266634
world,0.00025606321103266634
surprised,0.00025606321103266634
nonsense,0.00025606321103266634
draw,0.00025606321103266634
others,0.00025606321103266634
larger,0.00025606321103266634
manage,0.00025606321103266634
fetch,0.00025606321103266634
pocket,0.00025606321103266634
sir,0.00025606321103266634
pleased,0.00025606321103266634
drink,0.00025606321103266634
flamingo,0.00025606321103266634
hair,0.00025606321103266634
isn,0.00025606321103266634
ha,0.00025606321103266634
repeat,0.00025606321103266634
pardon,0.00021948275231371402
sleep,0.00021948275231371402
school,0.00021948275231371402
prize,0.00021948275231371402
lizard,0.00021948275231371402
shriek,0.00021948275231371402
roof,0.00021948275231371402
executed,0.00021948275231371402
writing,0.00021948275231371402
written,0.00021948275231371402
loud,0.00021948275231371402
exclaimed,0.00021948275231371402
stupid,0.00021948275231371402
dog,0.00021948275231371402
stop,0.00021948275231371402
told,0.00021948275231371402
seven,0.00021948275231371402
sentence,0.00021948275231371402
o,0.00021948275231371402
father,0.00021948275231371402
trouble,0.00021948275231371402
water,0.00021948275231371402
along,0.00021948275231371402
marked,0.00021948275231371402
sharp,0.00021948275231371402
write,0.00021948275231371402
dreadfully,0.00021948275231371402
care,0.00021948275231371402
sneezing,0.00021948275231371402
pair,0.00021948275231371402
egg,0.00021948275231371402
jumped,0.00021948275231371402
between,0.00021948275231371402
broken,0.00021948275231371402
fell,0.00021948275231371402
stand,0.00021948275231371402
dish,0.00021948275231371402
ten,0.00021948275231371402
full,0.00021948275231371402
hour,0.00021948275231371402
late,0.00021948275231371402
executioner,0.00021948275231371402
cry,0.00021948275231371402
youth,0.00021948275231371402
guinea,0.00021948275231371402
wow,0.00021948275231371402
forgotten,0.00021948275231371402
liked,0.00021948275231371402
shan,0.00021948275231371402
politely,0.00021948275231371402
chorus,0.00021948275231371402
himself,0.00021948275231371402
nice,0.00021948275231371402
e,0.00021948275231371402
race,0.00021948275231371402
procession,0.00021948275231371402
melancholy,0.00021948275231371402
sing,0.00021948275231371402
animal,0.00021948275231371402
trembling,0.00021948275231371402
almost,0.00021948275231371402
inch,0.00021948275231371402
english,0.00021948275231371402
leaf,0.00021948275231371402
cake,0.00021948275231371402
stay,0.00021948275231371402
understand,0.00021948275231371402
likely,0.00018290229359476168
new,0.00018290229359476168
drew,0.00018290229359476168
swam,0.00018290229359476168
hole,0.00018290229359476168
wrong,0.00018290229359476168
arch,0.00018290229359476168
aloud,0.00018290229359476168
speaking,0.00018290229359476168
altogether,0.00018290229359476168
finger,0.00018290229359476168
confusion,0.00018290229359476168
height,0.00018290229359476168
kid,0.00018290229359476168
sleepy,0.00018290229359476168
officer,0.00018290229359476168
night,0.00018290229359476168
asking,0.00018290229359476168
sob,0.00018290229359476168
until,0.00018290229359476168
temper,0.00018290229359476168
picture,0.00018290229359476168
surprise,0.00018290229359476168
mile,0.00018290229359476168
sighed,0.00018290229359476168
reply,0.00018290229359476168
impatiently,0.00018290229359476168
angry,0.00018290229359476168
dropped,0.00018290229359476168
sudden,0.00018290229359476168
man,0.00018290229359476168
tale,0.00018290229359476168
interesting,0.00018290229359476168
curiosity,0.00018290229359476168
friend,0.00018290229359476168
argument,0.00018290229359476168
hookah,0.00018290229359476168
knee,0.00018290229359476168
walking,0.00018290229359476168
corner,0.00018290229359476168
shrill,0.00018290229359476168
unimportant,0.00018290229359476168
morning,0.00018290229359476168
teacup,0.00018290229359476168
across,0.00018290229359476168
whispered,0.00018290229359476168
notice,0.00018290229359476168
case,0.00018290229359476168
taking,0.00018290229359476168
finish,0.00018290229359476168
seems,0.00018290229359476168
execution,0.00018290229359476168
quietly,0.00018290229359476168
moved,0.00018290229359476168
fellow,0.00018290229359476168
waving,0.00018290229359476168
ti,0.00018290229359476168
clock,0.00018290229359476168
shouldn,0.00018290229359476168
stick,0.00018290229359476168
nine,0.00018290229359476168
crowded,0.00018290229359476168
evening,0.00018290229359476168
difficulty,0.00018290229359476168
number,0.00018290229359476168
passed,0.00018290229359476168
sometimes,0.00018290229359476168
nervous,0.00018290229359476168
simple,0.00018290229359476168
pack,0.00018290229359476168
swim,0.00018290229359476168
person,0.00018290229359476168
cut,0.00018290229359476168
dare,0.00018290229359476168
often,0.00018290229359476168
remembered,0.00018290229359476168
young,0.00018290229359476168
sounded,0.00018290229359476168
plate,0.00018290229359476168
doing,0.00018290229359476168
twice,0.00018290229359476168
shut,0.00018290229359476168
sadly,0.00018290229359476168
nearer,0.00018290229359476168
meant,0.00018290229359476168
juror,0.00018290229359476168
walk,0.00018290229359476168
ah,0.00018290229359476168
present,0.00018290229359476168
instantly,0.00018290229359476168
strange,0.00018290229359476168
usual,0.00018290229359476168
sky,0.00018290229359476168
become,0.00018290229359476168
home,0.00018290229359476168
happens,0.00018290229359476168
juryman,0.00014632183487580934
worth,0.00014632183487580934
hers,0.00014632183487580934
ventured,0.00014632183487580934
violently,0.00014632183487580934
player,0.00014632183487580934
elbow,0.00014632183487580934
jumping,0.00014632183487580934
lay,0.00014632183487580934
green,0.00014632183487580934
mabel,0.00014632183487580934
fit,0.00014632183487580934
bank,0.00014632183487580934
telescope,0.00014632183487580934
taught,0.00014632183487580934
wanted,0.00014632183487580934
hearing,0.00014632183487580934
thoughtfully,0.00014632183487580934
master,0.00014632183487580934
second,0.00014632183487580934
letter,0.00014632183487580934
decidedly,0.00014632183487580934
earth,0.00014632183487580934
frowning,0.00014632183487580934
twinkling,0.00014632183487580934
catch,0.00014632183487580934
growl,0.00014632183487580934
several,0.00014632183487580934
yer,0.00014632183487580934
judge,0.00014632183487580934
quadrille,0.00014632183487580934
crowd,0.00014632183487580934
dead,0.00014632183487580934
escape,0.00014632183487580934
bottom,0.00014632183487580934
vanished,0.00014632183487580934
savage,0.00014632183487580934
managed,0.00014632183487580934
passage,0.00014632183487580934
answered,0.00014632183487580934
none,0.00014632183487580934
sigh,0.00014632183487580934
run,0.00014632183487580934
honour,0.00014632183487580934
french,0.00014632183487580934
figure,0.00014632183487580934
confused,0.00014632183487580934
natural,0.00014632183487580934
thank,0.00014632183487580934
besides,0.00014632183487580934
fast,0.00014632183487580934
ann,0.00014632183487580934
busily,0.00014632183487580934
true,0.00014632183487580934
ordered,0.00014632183487580934
suppressed,0.00014632183487580934
breath,0.00014632183487580934
mary,0.00014632183487580934
crumb,0.00014632183487580934
ootiful,0.00014632183487580934
week,0.00014632183487580934
except,0.00014632183487580934
thimble,0.00014632183487580934
twelve,0.00014632183487580934
shrinking,0.00014632183487580934
tiny,0.00014632183487580934
grass,0.00014632183487580934
sneeze,0.00014632183487580934
consider,0.00014632183487580934
pointing,0.00014632183487580934
ala,0.00014632183487580934
deeply,0.00014632183487580934
taken,0.00014632183487580934
particular,0.00014632183487580934
short,0.00014632183487580934
shore,0.00014632183487580934
held,0.00014632183487580934
paper,0.00014632183487580934
flower,0.00014632183487580934
since,0.00014632183487580934
fallen,0.00014632183487580934
porpoise,0.00014632183487580934
miss,0.00014632183487580934
bowed,0.00014632183487580934
uncomfortable,0.00014632183487580934
solemnly,0.00014632183487580934
reach,0.00014632183487580934
plan,0.00014632183487580934
fond,0.00014632183487580934
alone,0.00014632183487580934
fire,0.00014632183487580934
pale,0.00014632183487580934
puzzling,0.00014632183487580934
age,0.00014632183487580934
outside,0.00014632183487580934
severely,0.00014632183487580934
verdict,0.00014632183487580934
capital,0.00014632183487580934
led,0.00014632183487580934
duck,0.00014632183487580934
doubt,0.00014632183487580934
indignantly,0.00014632183487580934
le,0.00014632183487580934
perfectly,0.00014632183487580934
fear,0.00014632183487580934
beat,0.00014632183487580934
beau,0.00014632183487580934
stuff,0.00014632183487580934
sharply,0.00014632183487580934
otherwise,0.00014632183487580934
kitchen,0.00014632183487580934
digging,0.00014632183487580934
noise,0.00014632183487580934
carried,0.00014632183487580934
tongue,0.00014632183487580934
screamed,0.00014632183487580934
whisper,0.00014632183487580934
boot,0.00014632183487580934
chance,0.00014632183487580934
grunted,0.00014632183487580934
hanging,0.00010974137615685701
certain,0.00010974137615685701
bringing,0.00010974137615685701
solemn,0.00010974137615685701
poison,0.00010974137615685701
above,0.00010974137615685701
pressed,0.00010974137615685701
met,0.00010974137615685701
settled,0.00010974137615685701
brought,0.00010974137615685701
breathe,0.00010974137615685701
hurt,0.00010974137615685701
worse,0.00010974137615685701
order,0.00010974137615685701
joined,0.00010974137615685701
sighing,0.00010974137615685701
free,0.00010974137615685701
moving,0.00010974137615685701
caught,0.00010974137615685701
sorrow,0.00010974137615685701
manner,0.00010974137615685701
grave,0.00010974137615685701
folded,0.00010974137615685701
nurse,0.00010974137615685701
decided,0.00010974137615685701
bed,0.00010974137615685701
pity,0.00010974137615685701
beheaded,0.00010974137615685701
doth,0.00010974137615685701
mistake,0.00010974137615685701
unfortunate,0.00010974137615685701
delight,0.00010974137615685701
yours,0.00010974137615685701
possibly,0.00010974137615685701
crown,0.00010974137615685701
confusing,0.00010974137615685701
civil,0.00010974137615685701
music,0.00010974137615685701
remarking,0.00010974137615685701
throw,0.00010974137615685701
whisker,0.00010974137615685701
fury,0.00010974137615685701
howling,0.00010974137615685701
guessed,0.00010974137615685701
handed,0.00010974137615685701
holding,0.00010974137615685701
faster,0.00010974137615685701
advantage,0.00010974137615685701
filled,0.00010974137615685701
hoarse,0.00010974137615685701
boy,0.00010974137615685701
grinned,0.00010974137615685701
love,0.00010974137615685701
fly,0.00010974137615685701
nursing,0.00010974137615685701
succeeded,0.00010974137615685701
tucked,0.00010974137615685701
nor,0.00010974137615685701
needn,0.00010974137615685701
em,0.00010974137615685701
year,0.00010974137615685701
card,0.00010974137615685701
advance,0.00010974137615685701
impossible,0.00010974137615685701
pleaded,0.00010974137615685701
checked,0.00010974137615685701
venture,0.00010974137615685701
tasted,0.00010974137615685701
remained,0.00010974137615685701
sad,0.00010974137615685701
spectacle,0.00010974137615685701
themselves,0.00010974137615685701
considered,0.00010974137615685701
later,0.00010974137615685701
hungry,0.00010974137615685701
show,0.00010974137615685701
stair,0.00010974137615685701
hedge,0.00010974137615685701
cautiously,0.00010974137615685701
reading,0.00010974137615685701
caucus,0.00010974137615685701
somewhere,0.00010974137615685701
loudly,0.00010974137615685701
riddle,0.00010974137615685701
mark,0.00010974137615685701
pat,0.00010974137615685701
speech,0.00010974137615685701
floor,0.00010974137615685701
tossing,0.00010974137615685701
sulky,0.00010974137615685701
blow,0.00010974137615685701
real,0.00010974137615685701
around,0.00010974137615685701
easily,0.00010974137615685701
dark,0.00010974137615685701
listening,0.00010974137615685701
lady,0.00010974137615685701
knife,0.00010974137615685701
considering,0.00010974137615685701
repeating,0.00010974137615685701
taste,0.00010974137615685701
sobbing,0.00010974137615685701
hunting,0.00010974137615685701
washing,0.00010974137615685701
list,0.00010974137615685701
past,0.00010974137615685701
further,0.00010974137615685701
ma,0.00010974137615685701
tortoise,0.00010974137615685701
gravely,0.00010974137615685701
sense,0.00010974137615685701
pray,0.00010974137615685701
stopped,0.00010974137615685701
expecting,0.00010974137615685701
slipped,0.00010974137615685701
knocking,0.00010974137615685701
guess,0.00010974137615685701
guest,0.00010974137615685701
part,0.00010974137615685701
toe,0.00010974137615685701
livery,0.00010974137615685701
finding,0.00010974137615685701
carefully,0.00010974137615685701
courage,0.00010974137615685701
wrote,0.00010974137615685701
whatever,0.00010974137615685701
simply,0.00010974137615685701
lived,0.00010974137615685701
fur,0.00010974137615685701
twenty,0.00010974137615685701
forgetting,0.00010974137615685701
fun,0.00010974137615685701
hoping,0.00010974137615685701
funny,0.00010974137615685701
grand,0.00010974137615685701
snail,0.00010974137615685701
yesterday,0.00010974137615685701
timid,0.00010974137615685701
edge,0.00010974137615685701
eager,0.00010974137615685701
pattering,0.00010974137615685701
shaped,0.00010974137615685701
follows,0.00010974137615685701
eel,0.00010974137615685701
obliged,0.00010974137615685701
wonderland,0.00010974137615685701
candle,0.00010974137615685701
suit,0.00010974137615685701
line,0.00010974137615685701
dull,0.00010974137615685701
peeped,0.00010974137615685701
hush,0.00010974137615685701
mustard,0.00010974137615685701
notion,0.00010974137615685701
putting,0.00010974137615685701
anxious,0.00010974137615685701
smaller,0.00010974137615685701
picked,0.00010974137615685701
leg,0.00010974137615685701
apple,0.00010974137615685701
nibbling,0.00010974137615685701
cheered,0.00010974137615685701
frog,0.00010974137615685701
crab,0.00010974137615685701
eaglet,0.00010974137615685701
pencil,0.00010974137615685701
crossed,0.00010974137615685701
lock,0.00010974137615685701
trumpet,0.00010974137615685701
instead,0.00010974137615685701
allow,0.00010974137615685701
move,0.00010974137615685701
crash,0.00010974137615685701
cause,0.00010974137615685701
red,0.00010974137615685701
attending,0.00010974137615685701
explanation,0.00010974137615685701
gently,0.00010974137615685701
instance,0.00010974137615685701
upset,0.00010974137615685701
bring,0.00010974137615685701
longer,0.00010974137615685701
knowledge,0.00010974137615685701
jaw,0.00010974137615685701
hope,0.00010974137615685701
watching,0.00010974137615685701
muttering,0.00010974137615685701
mentioned,0.00010974137615685701
drawling,0.00010974137615685701
opening,0.00010974137615685701
staring,0.00010974137615685701
general,0.00010974137615685701
cross,0.00010974137615685701
effect,0.00010974137615685701
beast,0.00010974137615685701
panther,0.00010974137615685701
kick,0.00010974137615685701
branch,0.00010974137615685701
immediately,0.00010974137615685701
lost,0.00010974137615685701
alive,0.00010974137615685701
proper,0.00010974137615685701
passion,0.00010974137615685701
choked,0.00010974137615685701
shaking,0.00010974137615685701
owl,0.00010974137615685701
spread,0.00010974137615685701
below,0.00010974137615685701
pie,0.00010974137615685701
muchness,0.00010974137615685701
secondly,7.316091743790467e-05
hate,7.316091743790467e-05
assembled,7.316091743790467e-05
forget,7.316091743790467e-05
treading,7.316091743790467e-05
paris,7.316091743790467e-05
rise,7.316091743790467e-05
month,7.316091743790467e-05
pinch,7.316091743790467e-05
persisted,7.316091743790467e-05
meekly,7.316091743790467e-05
whose,7.316091743790467e-05
interrupting,7.316091743790467e-05
barrowful,7.316091743790467e-05
excellent,7.316091743790467e-05
drive,7.316091743790467e-05
law,7.316091743790467e-05
attempt,7.316091743790467e-05
wind,7.316091743790467e-05
personal,7.316091743790467e-05
safe,7.316091743790467e-05
break,7.316091743790467e-05
bone,7.316091743790467e-05
forgot,7.316091743790467e-05
ring,7.316091743790467e-05
laid,7.316091743790467e-05
stamping,7.316091743790467e-05
uglification,7.316091743790467e-05
trotting,7.316091743790467e-05
already,7.316091743790467e-05
curiouser,7.316091743790467e-05
encouraging,7.316091743790467e-05
wash,7.316091743790467e-05
wildly,7.316091743790467e-05
shower,7.316091743790467e-05
rat,7.316091743790467e-05
thoroughly,7.316091743790467e-05
laughed,7.316091743790467e-05
regular,7.316091743790467e-05
singer,7.316091743790467e-05
alarm,7.316091743790467e-05
sun,7.316091743790467e-05
ending,7.316091743790467e-05
busy,7.316091743790467e-05
sugar,7.316091743790467e-05
squeaking,7.316091743790467e-05
shutting,7.316091743790467e-05
cushion,7.316091743790467e-05
earl,7.316091743790467e-05
nicely,7.316091743790467e-05
bad,7.316091743790467e-05
blew,7.316091743790467e-05
miserable,7.316091743790467e-05
weak,7.316091743790467e-05
picking,7.316091743790467e-05
accident,7.316091743790467e-05
ill,7.316091743790467e-05
shouting,7.316091743790467e-05
quarrelling,7.316091743790467e-05
lovely,7.316091743790467e-05
threw,7.316091743790467e-05
ugly,7.316091743790467e-05
forehead,7.316091743790467e-05
showing,7.316091743790467e-05
rome,7.316091743790467e-05
humbly,7.316091743790467e-05
belongs,7.316091743790467e-05
easy,7.316091743790467e-05
save,7.316091743790467e-05
goldfish,7.316091743790467e-05
denied,7.316091743790467e-05
beating,7.316091743790467e-05
pinched,7.316091743790467e-05
neatly,7.316091743790467e-05
burn,7.316091743790467e-05
disappeared,7.316091743790467e-05
dinner,7.316091743790467e-05
raised,7.316091743790467e-05
delighted,7.316091743790467e-05
cauldron,7.316091743790467e-05
wag,7.316091743790467e-05
fight,7.316091743790467e-05
morcar,7.316091743790467e-05
waistcoat,7.316091743790467e-05
offer,7.316091743790467e-05
removed,7.316091743790467e-05
inside,7.316091743790467e-05
scream,7.316091743790467e-05
proud,7.316091743790467e-05
proved,7.316091743790467e-05
longed,7.316091743790467e-05
chain,7.316091743790467e-05
milk,7.316091743790467e-05
row,7.316091743790467e-05
unpleasant,7.316091743790467e-05
fancied,7.316091743790467e-05
brown,7.316091743790467e-05
choice,7.316091743790467e-05
blast,7.316091743790467e-05
feeble,7.316091743790467e-05
cool,7.316091743790467e-05
quick,7.316091743790467e-05
appear,7.316091743790467e-05
falling,7.316091743790467e-05
pause,7.316091743790467e-05
root,7.316091743790467e-05
extra,7.316091743790467e-05
jar,7.316091743790467e-05
merely,7.316091743790467e-05
somersault,7.316091743790467e-05
longitude,7.316091743790467e-05
undertone,7.316091743790467e-05
stole,7.316091743790467e-05
maybe,7.316091743790467e-05
sh,7.316091743790467e-05
footstep,7.316091743790467e-05
yawning,7.316091743790467e-05
wasting,7.316091743790467e-05
lonely,7.316091743790467e-05
introduce,7.316091743790467e-05
entirely,7.316091743790467e-05
goose,7.316091743790467e-05
catching,7.316091743790467e-05
living,7.316091743790467e-05
invitation,7.316091743790467e-05
directly,7.316091743790467e-05
message,7.316091743790467e-05
lap,7.316091743790467e-05
bite,7.316091743790467e-05
mostly,7.316091743790467e-05
snatch,7.316091743790467e-05
royal,7.316091743790467e-05
wide,7.316091743790467e-05
wandering,7.316091743790467e-05
anger,7.316091743790467e-05
wink,7.316091743790467e-05
note,7.316091743790467e-05
playing,7.316091743790467e-05
wine,7.316091743790467e-05
salt,7.316091743790467e-05
trembled,7.316091743790467e-05
curled,7.316091743790467e-05
coaxing,7.316091743790467e-05
dispute,7.316091743790467e-05
concert,7.316091743790467e-05
pennyworth,7.316091743790467e-05
pebble,7.316091743790467e-05
label,7.316091743790467e-05
tut,7.316091743790467e-05
lefthand,7.316091743790467e-05
quiet,7.316091743790467e-05
railway,7.316091743790467e-05
afterwards,7.316091743790467e-05
stretched,7.316091743790467e-05
learning,7.316091743790467e-05
custody,7.316091743790467e-05
muttered,7.316091743790467e-05
thousand,7.316091743790467e-05
wake,7.316091743790467e-05
rubbing,7.316091743790467e-05
edwin,7.316091743790467e-05
triumphantly,7.316091743790467e-05
changing,7.316091743790467e-05
summer,7.316091743790467e-05
violent,7.316091743790467e-05
kill,7.316091743790467e-05
dipped,7.316091743790467e-05
hint,7.316091743790467e-05
using,7.316091743790467e-05
claw,7.316091743790467e-05
throat,7.316091743790467e-05
mixed,7.316091743790467e-05
legged,7.316091743790467e-05
mercia,7.316091743790467e-05
rush,7.316091743790467e-05
tiptoe,7.316091743790467e-05
conqueror,7.316091743790467e-05
agree,7.316091743790467e-05
fright,7.316091743790467e-05
examine,7.316091743790467e-05
scroll,7.316091743790467e-05
wherever,7.316091743790467e-05
caused,7.316091743790467e-05
smoking,7.316091743790467e-05
follow,7.316091743790467e-05
dreadful,7.316091743790467e-05
remarkable,7.316091743790467e-05
startled,7.316091743790467e-05
laughing,7.316091743790467e-05
crimson,7.316091743790467e-05
smile,7.316091743790467e-05
woman,7.316091743790467e-05
returned,7.316091743790467e-05
sang,7.316091743790467e-05
sand,7.316091743790467e-05
stoop,7.316091743790467e-05
northumbria,7.316091743790467e-05
hasn,7.316091743790467e-05
extraordinary,7.316091743790467e-05
stretching,7.316091743790467e-05
narrow,7.316091743790467e-05
courtier,7.316091743790467e-05
proceed,7.316091743790467e-05
flat,7.316091743790467e-05
wretched,7.316091743790467e-05
broke,7.316091743790467e-05
keeping,7.316091743790467e-05
sulkily,7.316091743790467e-05
shark,7.316091743790467e-05
rude,7.316091743790467e-05
advice,7.316091743790467e-05
purring,7.316091743790467e-05
pleasure,7.316091743790467e-05
wandered,7.316091743790467e-05
smiling,7.316091743790467e-05
rapidly,7.316091743790467e-05
tumbling,7.316091743790467e-05
unrolled,7.316091743790467e-05
mystery,7.316091743790467e-05
heavy,7.316091743790467e-05
missed,7.316091743790467e-05
fountain,7.316091743790467e-05
imagine,7.316091743790467e-05
daisy,7.316091743790467e-05
dinn,7.316091743790467e-05
shilling,7.316091743790467e-05
recovered,7.316091743790467e-05
sensation,7.316091743790467e-05
luckily,7.316091743790467e-05
kindly,7.316091743790467e-05
declare,7.316091743790467e-05
sell,7.316091743790467e-05
lie,7.316091743790467e-05
dancing,7.316091743790467e-05
also,7.316091743790467e-05
relief,7.316091743790467e-05
extremely,7.316091743790467e-05
clear,7.316091743790467e-05
ugh,7.316091743790467e-05
fine,7.316091743790467e-05
unhappy,7.316091743790467e-05
hit,7.316091743790467e-05
ferret,7.316091743790467e-05
nibbled,7.316091743790467e-05
throwing,7.316091743790467e-05
bark,7.316091743790467e-05
learnt,7.316091743790467e-05
smallest,7.316091743790467e-05
knowing,7.316091743790467e-05
became,7.316091743790467e-05
drunk,7.316091743790467e-05
fashion,7.316091743790467e-05
collected,7.316091743790467e-05
resting,7.316091743790467e-05
sending,7.316091743790467e-05
wet,7.316091743790467e-05
struck,7.316091743790467e-05
furrow,7.316091743790467e-05
straight,7.316091743790467e-05
leaning,7.316091743790467e-05
beautifully,7.316091743790467e-05
shorter,7.316091743790467e-05
usually,7.316091743790467e-05
cucumber,7.316091743790467e-05
uneasily,7.316091743790467e-05
older,7.316091743790467e-05
useful,7.316091743790467e-05
cup,7.316091743790467e-05
couple,7.316091743790467e-05
entangled,7.316091743790467e-05
hurriedly,7.316091743790467e-05
prof,7.316091743790467e-05
nowhere,7.316091743790467e-05
plenty,7.316091743790467e-05
within,7.316091743790467e-05
authority,7.316091743790467e-05
atom,7.316091743790467e-05
directed,7.316091743790467e-05
ringlet,7.316091743790467e-05
constant,7.316091743790467e-05
ornamented,7.316091743790467e-05
smiled,7.316091743790467e-05
comfit,7.316091743790467e-05
ago,7.316091743790467e-05
splashing,7.316091743790467e-05
sent,7.316091743790467e-05
panting,7.316091743790467e-05
spoon,7.316091743790467e-05
rattling,7.316091743790467e-05
telling,7.316091743790467e-05
concluded,7.316091743790467e-05
giving,7.316091743790467e-05
experiment,7.316091743790467e-05
body,7.316091743790467e-05
chose,7.316091743790467e-05
wig,7.316091743790467e-05
addressed,7.316091743790467e-05
doubtfully,7.316091743790467e-05
singing,7.316091743790467e-05
archbishop,7.316091743790467e-05
clever,7.316091743790467e-05
started,7.316091743790467e-05
occurred,7.316091743790467e-05
carrying,7.316091743790467e-05
ashamed,7.316091743790467e-05
account,7.316091743790467e-05
meet,7.316091743790467e-05
bend,7.316091743790467e-05
wonderful,7.316091743790467e-05
six,7.316091743790467e-05
cupboard,7.316091743790467e-05
flapper,7.316091743790467e-05
doubtful,7.316091743790467e-05
latitude,7.316091743790467e-05
bye,7.316091743790467e-05
front,7.316091743790467e-05
delightful,7.316091743790467e-05
presently,7.316091743790467e-05
yard,7.316091743790467e-05
sorrowful,7.316091743790467e-05
ordering,7.316091743790467e-05
shelf,7.316091743790467e-05
yawned,7.316091743790467e-05
thistle,7.316091743790467e-05
_i_,7.316091743790467e-05
prisoner,7.316091743790467e-05
deny,7.316091743790467e-05
absurd,7.316091743790467e-05
painting,7.316091743790467e-05
bear,7.316091743790467e-05
frame,7.316091743790467e-05
edition,7.316091743790467e-05
unless,7.316091743790467e-05
closed,7.316091743790467e-05
neither,7.316091743790467e-05
invited,7.316091743790467e-05
feather,7.316091743790467e-05
wild,7.316091743790467e-05
advisable,7.316091743790467e-05
watched,7.316091743790467e-05
partner,7.316091743790467e-05
brightened,7.316091743790467e-05
difficult,7.316091743790467e-05
sooner,7.316091743790467e-05
position,7.316091743790467e-05
raving,7.316091743790467e-05
taller,7.316091743790467e-05
distant,7.316091743790467e-05
parchment,7.316091743790467e-05
earnestly,7.316091743790467e-05
raven,7.316091743790467e-05
knot,7.316091743790467e-05
desk,7.316091743790467e-05
unfolded,7.316091743790467e-05
saucepan,7.316091743790467e-05
patiently,7.316091743790467e-05
thump,7.316091743790467e-05
swimming,7.316091743790467e-05
quickly,7.316091743790467e-05
ridge,7.316091743790467e-05
contemptuously,7.316091743790467e-05
wise,7.316091743790467e-05
signed,7.316091743790467e-05
stirring,7.316091743790467e-05
twist,7.316091743790467e-05
tempered,7.316091743790467e-05
conclusion,7.316091743790467e-05
giddy,7.316091743790467e-05
lasted,7.316091743790467e-05
knelt,3.6580458718952335e-05
blacking,3.6580458718952335e-05
inwards,3.6580458718952335e-05
sorry,3.6580458718952335e-05
jack,3.6580458718952335e-05
wooden,3.6580458718952335e-05
wept,3.6580458718952335e-05
enjoy,3.6580458718952335e-05
elegant,3.6580458718952335e-05
louder,3.6580458718952335e-05
shining,3.6580458718952335e-05
oldest,3.6580458718952335e-05
hide,3.6580458718952335e-05
pace,3.6580458718952335e-05
thunder,3.6580458718952335e-05
conduct,3.6580458718952335e-05
wrapping,3.6580458718952335e-05
protection,3.6580458718952335e-05
cardboard,3.6580458718952335e-05
natured,3.6580458718952335e-05
daughter,3.6580458718952335e-05
smoke,3.6580458718952335e-05
plea,3.6580458718952335e-05
grumbled,3.6580458718952335e-05
explained,3.6580458718952335e-05
patience,3.6580458718952335e-05
drowned,3.6580458718952335e-05
punching,3.6580458718952335e-05
insult,3.6580458718952335e-05
therefore,3.6580458718952335e-05
fainting,3.6580458718952335e-05
peeping,3.6580458718952335e-05
grief,3.6580458718952335e-05
adjourn,3.6580458718952335e-05
blade,3.6580458718952335e-05
worm,3.6580458718952335e-05
obstacle,3.6580458718952335e-05
quarrel,3.6580458718952335e-05
rosetree,3.6580458718952335e-05
quiver,3.6580458718952335e-05
unjust,3.6580458718952335e-05
flung,3.6580458718952335e-05
suet,3.6580458718952335e-05
complaining,3.6580458718952335e-05
agony,3.6580458718952335e-05
returning,3.6580458718952335e-05
machine,3.6580458718952335e-05
truthful,3.6580458718952335e-05
poker,3.6580458718952335e-05
flustered,3.6580458718952335e-05
lad,3.6580458718952335e-05
ladder,3.6580458718952335e-05
beauti,3.6580458718952335e-05
tulip,3.6580458718952335e-05
wriggling,3.6580458718952335e-05
dreamed,3.6580458718952335e-05
xi,3.6580458718952335e-05
london,3.6580458718952335e-05
chatte,3.6580458718952335e-05
fireplace,3.6580458718952335e-05
fix,3.6580458718952335e-05
fig,3.6580458718952335e-05
glanced,3.6580458718952335e-05
overcome,3.6580458718952335e-05
remedy,3.6580458718952335e-05
interrupt,3.6580458718952335e-05
grammar,3.6580458718952335e-05
meat,3.6580458718952335e-05
alternately,3.6580458718952335e-05
herald,3.6580458718952335e-05
arrow,3.6580458718952335e-05
meal,3.6580458718952335e-05
lifted,3.6580458718952335e-05
series,3.6580458718952335e-05
vote,3.6580458718952335e-05
flock,3.6580458718952335e-05
reminding,3.6580458718952335e-05
velvet,3.6580458718952335e-05
forty,3.6580458718952335e-05
tomorrow,3.6580458718952335e-05
content,3.6580458718952335e-05
splashed,3.6580458718952335e-05
given,3.6580458718952335e-05
whereupon,3.6580458718952335e-05
enormous,3.6580458718952335e-05
ate,3.6580458718952335e-05
writhing,3.6580458718952335e-05
cackled,3.6580458718952335e-05
canterbury,3.6580458718952335e-05
favoured,3.6580458718952335e-05
dunce,3.6580458718952335e-05
thick,3.6580458718952335e-05
toy,3.6580458718952335e-05
xii,3.6580458718952335e-05
bitter,3.6580458718952335e-05
consented,3.6580458718952335e-05
ceiling,3.6580458718952335e-05
murder,3.6580458718952335e-05
positively,3.6580458718952335e-05
coward,3.6580458718952335e-05
seated,3.6580458718952335e-05
splendidly,3.6580458718952335e-05
guilt,3.6580458718952335e-05
iron,3.6580458718952335e-05
chrysalis,3.6580458718952335e-05
shyly,3.6580458718952335e-05
modern,3.6580458718952335e-05
raw,3.6580458718952335e-05
spade,3.6580458718952335e-05
strength,3.6580458718952335e-05
gravy,3.6580458718952335e-05
coil,3.6580458718952335e-05
zealand,3.6580458718952335e-05
annoyed,3.6580458718952335e-05
pardoned,3.6580458718952335e-05
pope,3.6580458718952335e-05
lewis,3.6580458718952335e-05
sage,3.6580458718952335e-05
toast,3.6580458718952335e-05
spite,3.6580458718952335e-05
refreshment,3.6580458718952335e-05
knuckle,3.6580458718952335e-05
deepest,3.6580458718952335e-05
disgust,3.6580458718952335e-05
coast,3.6580458718952335e-05
frying,3.6580458718952335e-05
nasty,3.6580458718952335e-05
shape,3.6580458718952335e-05
idiotic,3.6580458718952335e-05
bag,3.6580458718952335e-05
softly,3.6580458718952335e-05
steam,3.6580458718952335e-05
fair,3.6580458718952335e-05
depends,3.6580458718952335e-05
cattle,3.6580458718952335e-05
mournfully,3.6580458718952335e-05
unable,3.6580458718952335e-05
lazy,3.6580458718952335e-05
camomile,3.6580458718952335e-05
improve,3.6580458718952335e-05
received,3.6580458718952335e-05
country,3.6580458718952335e-05
jelly,3.6580458718952335e-05
edgar,3.6580458718952335e-05
argue,3.6580458718952335e-05
tease,3.6580458718952335e-05
character,3.6580458718952335e-05
lullaby,3.6580458718952335e-05
wider,3.6580458718952335e-05
trust,3.6580458718952335e-05
interest,3.6580458718952335e-05
schoolroom,3.6580458718952335e-05
expected,3.6580458718952335e-05
beloved,3.6580458718952335e-05
suppress,3.6580458718952335e-05
uncommon,3.6580458718952335e-05
teapot,3.6580458718952335e-05
lessen,3.6580458718952335e-05
neat,3.6580458718952335e-05
viii,3.6580458718952335e-05
stopping,3.6580458718952335e-05
remembering,3.6580458718952335e-05
ix,3.6580458718952335e-05
played,3.6580458718952335e-05
iv,3.6580458718952335e-05
ii,3.6580458718952335e-05
gloomily,3.6580458718952335e-05
clinging,3.6580458718952335e-05
happening,3.6580458718952335e-05
severity,3.6580458718952335e-05
clearly,3.6580458718952335e-05
vegetable,3.6580458718952335e-05
fairly,3.6580458718952335e-05
marched,3.6580458718952335e-05
dozing,3.6580458718952335e-05
hearth,3.6580458718952335e-05
askance,3.6580458718952335e-05
humble,3.6580458718952335e-05
impertinent,3.6580458718952335e-05
atheling,3.6580458718952335e-05
farther,3.6580458718952335e-05
adding,3.6580458718952335e-05
hjckrrh,3.6580458718952335e-05
cherry,3.6580458718952335e-05
prison,3.6580458718952335e-05
hat,3.6580458718952335e-05
vii,3.6580458718952335e-05
boxed,3.6580458718952335e-05
mayn,3.6580458718952335e-05
possible,3.6580458718952335e-05
dreamy,3.6580458718952335e-05
afore,3.6580458718952335e-05
burnt,3.6580458718952335e-05
appearing,3.6580458718952335e-05
uncivil,3.6580458718952335e-05
seaside,3.6580458718952335e-05
forepaw,3.6580458718952335e-05
hung,3.6580458718952335e-05
towards,3.6580458718952335e-05
sends,3.6580458718952335e-05
somehow,3.6580458718952335e-05
straightening,3.6580458718952335e-05
bore,3.6580458718952335e-05
creep,3.6580458718952335e-05
denies,3.6580458718952335e-05
purple,3.6580458718952335e-05
shakespeare,3.6580458718952335e-05
christmas,3.6580458718952335e-05
shifting,3.6580458718952335e-05
losing,3.6580458718952335e-05
bowing,3.6580458718952335e-05
permitted,3.6580458718952335e-05
theirs,3.6580458718952335e-05
choke,3.6580458718952335e-05
despair,3.6580458718952335e-05
sluggard,3.6580458718952335e-05
puzzle,3.6580458718952335e-05
son,3.6580458718952335e-05
respectable,3.6580458718952335e-05
balanced,3.6580458718952335e-05
flying,3.6580458718952335e-05
derision,3.6580458718952335e-05
happy,3.6580458718952335e-05
fork,3.6580458718952335e-05
form,3.6580458718952335e-05
attempted,3.6580458718952335e-05
becoming,3.6580458718952335e-05
failure,3.6580458718952335e-05
heap,3.6580458718952335e-05
nodded,3.6580458718952335e-05
flavour,3.6580458718952335e-05
rippling,3.6580458718952335e-05
retire,3.6580458718952335e-05
unusually,3.6580458718952335e-05
trim,3.6580458718952335e-05
classic,3.6580458718952335e-05
toss,3.6580458718952335e-05
muscular,3.6580458718952335e-05
promised,3.6580458718952335e-05
accounting,3.6580458718952335e-05
reality,3.6580458718952335e-05
beheading,3.6580458718952335e-05
setting,3.6580458718952335e-05
tie,3.6580458718952335e-05
shrink,3.6580458718952335e-05
wing,3.6580458718952335e-05
ointment,3.6580458718952335e-05
journey,3.6580458718952335e-05
inkstand,3.6580458718952335e-05
unlocking,3.6580458718952335e-05
died,3.6580458718952335e-05
contemptuous,3.6580458718952335e-05
push,3.6580458718952335e-05
whoever,3.6580458718952335e-05
untwist,3.6580458718952335e-05
rudeness,3.6580458718952335e-05
invent,3.6580458718952335e-05
crocodile,3.6580458718952335e-05
chair,3.6580458718952335e-05
mallet,3.6580458718952335e-05
charge,3.6580458718952335e-05
terror,3.6580458718952335e-05
jogged,3.6580458718952335e-05
string,3.6580458718952335e-05
locked,3.6580458718952335e-05
exact,3.6580458718952335e-05
swallowing,3.6580458718952335e-05
presented,3.6580458718952335e-05
die,3.6580458718952335e-05
dig,3.6580458718952335e-05
accidentally,3.6580458718952335e-05
settle,3.6580458718952335e-05
teaching,3.6580458718952335e-05
scaly,3.6580458718952335e-05
prevent,3.6580458718952335e-05
brave,3.6580458718952335e-05
tougher,3.6580458718952335e-05
sign,3.6580458718952335e-05
cost,3.6580458718952335e-05
currant,3.6580458718952335e-05
dried,3.6580458718952335e-05
helpless,3.6580458718952335e-05
irritated,3.6580458718952335e-05
lazily,3.6580458718952335e-05
geography,3.6580458718952335e-05
submitted,3.6580458718952335e-05
v,3.6580458718952335e-05
twentieth,3.6580458718952335e-05
wait,3.6580458718952335e-05
patriotic,3.6580458718952335e-05
inquisitively,3.6580458718952335e-05
puffed,3.6580458718952335e-05
swallowed,3.6580458718952335e-05
stingy,3.6580458718952335e-05
driest,3.6580458718952335e-05
visit,3.6580458718952335e-05
france,3.6580458718952335e-05
memory,3.6580458718952335e-05
today,3.6580458718952335e-05
loving,3.6580458718952335e-05
dismay,3.6580458718952335e-05
entrance,3.6580458718952335e-05
sharing,3.6580458718952335e-05
afford,3.6580458718952335e-05
ignorant,3.6580458718952335e-05
pretend,3.6580458718952335e-05
sour,3.6580458718952335e-05
toffee,3.6580458718952335e-05
laughter,3.6580458718952335e-05
slightest,3.6580458718952335e-05
crazy,3.6580458718952335e-05
carroll,3.6580458718952335e-05
paused,3.6580458718952335e-05
counting,3.6580458718952335e-05
evidently,3.6580458718952335e-05
pink,3.6580458718952335e-05
winter,3.6580458718952335e-05
fortunately,3.6580458718952335e-05
buttered,3.6580458718952335e-05
pine,3.6580458718952335e-05
fourth,3.6580458718952335e-05
stigand,3.6580458718952335e-05
condemn,3.6580458718952335e-05
map,3.6580458718952335e-05
dive,3.6580458718952335e-05
spot,3.6580458718952335e-05
crashed,3.6580458718952335e-05
birthday,3.6580458718952335e-05
tipped,3.6580458718952335e-05
date,3.6580458718952335e-05
scrambling,3.6580458718952335e-05
stupidly,3.6580458718952335e-05
crept,3.6580458718952335e-05
offend,3.6580458718952335e-05
pulled,3.6580458718952335e-05
undoing,3.6580458718952335e-05
canary,3.6580458718952335e-05
brain,3.6580458718952335e-05
quarrelled,3.6580458718952335e-05
shake,3.6580458718952335e-05
argued,3.6580458718952335e-05
cold,3.6580458718952335e-05
curly,3.6580458718952335e-05
antipathy,3.6580458718952335e-05
ours,3.6580458718952335e-05
conquest,3.6580458718952335e-05
bound,3.6580458718952335e-05
underneath,3.6580458718952335e-05
execute,3.6580458718952335e-05
chuckled,3.6580458718952335e-05
drop,3.6580458718952335e-05
rock,3.6580458718952335e-05
scolded,3.6580458718952335e-05
eyelid,3.6580458718952335e-05
eh,3.6580458718952335e-05
bursting,3.6580458718952335e-05
worried,3.6580458718952335e-05
exclamation,3.6580458718952335e-05
canvas,3.6580458718952335e-05
abide,3.6580458718952335e-05
seriously,3.6580458718952335e-05
stool,3.6580458718952335e-05
housemaid,3.6580458718952335e-05
attended,3.6580458718952335e-05
cart,3.6580458718952335e-05
screaming,3.6580458718952335e-05
honest,3.6580458718952335e-05
childhood,3.6580458718952335e-05
sprawling,3.6580458718952335e-05
spoken,3.6580458718952335e-05
awfully,3.6580458718952335e-05
merrily,3.6580458718952335e-05
carry,3.6580458718952335e-05
cheerfully,3.6580458718952335e-05
sheep,3.6580458718952335e-05
waist,3.6580458718952335e-05
trampled,3.6580458718952335e-05
shiver,3.6580458718952335e-05
ridiculous,3.6580458718952335e-05
eyed,3.6580458718952335e-05
grunt,3.6580458718952335e-05
whom,3.6580458718952335e-05
addressing,3.6580458718952335e-05
seal,3.6580458718952335e-05
snorting,3.6580458718952335e-05
downwards,3.6580458718952335e-05
emphasis,3.6580458718952335e-05
haste,3.6580458718952335e-05
butterfly,3.6580458718952335e-05
altered,3.6580458718952335e-05
norman,3.6580458718952335e-05
opposite,3.6580458718952335e-05
clearer,3.6580458718952335e-05
zigzag,3.6580458718952335e-05
printed,3.6580458718952335e-05
cleared,3.6580458718952335e-05
steady,3.6580458718952335e-05
cheap,3.6580458718952335e-05
fifth,3.6580458718952335e-05
hiss,3.6580458718952335e-05
resource,3.6580458718952335e-05
seldom,3.6580458718952335e-05
roast,3.6580458718952335e-05
executes,3.6580458718952335e-05
finishing,3.6580458718952335e-05
declared,3.6580458718952335e-05
burst,3.6580458718952335e-05
fanned,3.6580458718952335e-05
pretext,3.6580458718952335e-05
encouraged,3.6580458718952335e-05
managing,3.6580458718952335e-05
queerest,3.6580458718952335e-05
killing,3.6580458718952335e-05
blame,3.6580458718952335e-05
stupidest,3.6580458718952335e-05
nile,3.6580458718952335e-05
disappointment,3.6580458718952335e-05
expression,3.6580458718952335e-05
loveliest,3.6580458718952335e-05
lacie,3.6580458718952335e-05
pot,3.6580458718952335e-05
pop,3.6580458718952335e-05
accusation,3.6580458718952335e-05
uglify,3.6580458718952335e-05
punished,3.6580458718952335e-05
judging,3.6580458718952335e-05
engine,3.6580458718952335e-05
sobbed,3.6580458718952335e-05
trick,3.6580458718952335e-05
warning,3.6580458718952335e-05
slippery,3.6580458718952335e-05
promising,3.6580458718952335e-05
newspaper,3.6580458718952335e-05
engaged,3.6580458718952335e-05
worry,3.6580458718952335e-05
pas,3.6580458718952335e-05
pan,3.6580458718952335e-05
nest,3.6580458718952335e-05
swallow,3.6580458718952335e-05
complained,3.6580458718952335e-05
roughly,3.6580458718952335e-05
breeze,3.6580458718952335e-05
frontispiece,3.6580458718952335e-05
fidgeted,3.6580458718952335e-05
growled,3.6580458718952335e-05
touch,3.6580458718952335e-05
speed,3.6580458718952335e-05
death,3.6580458718952335e-05
mournful,3.6580458718952335e-05
lowing,3.6580458718952335e-05
vague,3.6580458718952335e-05
tremulous,3.6580458718952335e-05
draggled,3.6580458718952335e-05
sternly,3.6580458718952335e-05
downward,3.6580458718952335e-05
passionate,3.6580458718952335e-05
reduced,3.6580458718952335e-05
energetic,3.6580458718952335e-05
moon,3.6580458718952335e-05
expressing,3.6580458718952335e-05
moderate,3.6580458718952335e-05
welcome,3.6580458718952335e-05
reasonable,3.6580458718952335e-05
subdued,3.6580458718952335e-05
violence,3.6580458718952335e-05
shrimp,3.6580458718952335e-05
chop,3.6580458718952335e-05
boldly,3.6580458718952335e-05
act,3.6580458718952335e-05
ou,3.6580458718952335e-05
imitated,3.6580458718952335e-05
burning,3.6580458718952335e-05
trot,3.6580458718952335e-05
spreading,3.6580458718952335e-05
calmly,3.6580458718952335e-05
rising,3.6580458718952335e-05
dreaming,3.6580458718952335e-05
england,3.6580458718952335e-05
lastly,3.6580458718952335e-05
tight,3.6580458718952335e-05
mischief,3.6580458718952335e-05
jug,3.6580458718952335e-05
proposal,3.6580458718952335e-05
handsome,3.6580458718952335e-05
waste,3.6580458718952335e-05
arranged,3.6580458718952335e-05
frighten,3.6580458718952335e-05
bawled,3.6580458718952335e-05
ax,3.6580458718952335e-05
tremble,3.6580458718952335e-05
fill,3.6580458718952335e-05
rubbed,3.6580458718952335e-05
idiot,3.6580458718952335e-05
field,3.6580458718952335e-05
oneself,3.6580458718952335e-05
uncorked,3.6580458718952335e-05
twinkled,3.6580458718952335e-05
teeth,3.6580458718952335e-05
contradicted,3.6580458718952335e-05
whistling,3.6580458718952335e-05
brandy,3.6580458718952335e-05
brass,3.6580458718952335e-05
applause,3.6580458718952335e-05
wife,3.6580458718952335e-05
growling,3.6580458718952335e-05
snout,3.6580458718952335e-05
conger,3.6580458718952335e-05
capering,3.6580458718952335e-05
encourage,3.6580458718952335e-05
fat,3.6580458718952335e-05
minded,3.6580458718952335e-05
hatching,3.6580458718952335e-05
dodged,3.6580458718952335e-05
familiarly,3.6580458718952335e-05
quicker,3.6580458718952335e-05
darkness,3.6580458718952335e-05
crust,3.6580458718952335e-05
learned,3.6580458718952335e-05
loose,3.6580458718952335e-05
squeezed,3.6580458718952335e-05
affectionately,3.6580458718952335e-05
handwriting,3.6580458718952335e-05
search,3.6580458718952335e-05
murdering,3.6580458718952335e-05
family,3.6580458718952335e-05
turkey,3.6580458718952335e-05
clapping,3.6580458718952335e-05
usurpation,3.6580458718952335e-05
thatched,3.6580458718952335e-05
readily,3.6580458718952335e-05
injure,3.6580458718952335e-05
faint,3.6580458718952335e-05
splash,3.6580458718952335e-05
weren,3.6580458718952335e-05
diamond,3.6580458718952335e-05
company,3.6580458718952335e-05
known,3.6580458718952335e-05
producing,3.6580458718952335e-05
cunning,3.6580458718952335e-05
remain,3.6580458718952335e-05
pressing,3.6580458718952335e-05
knocked,3.6580458718952335e-05
feebly,3.6580458718952335e-05
rustled,3.6580458718952335e-05
share,3.6580458718952335e-05
gallon,3.6580458718952335e-05
axis,3.6580458718952335e-05
comfort,3.6580458718952335e-05
magpie,3.6580458718952335e-05
occasionally,3.6580458718952335e-05
skurried,3.6580458718952335e-05
appealed,3.6580458718952335e-05
eats,3.6580458718952335e-05
shade,3.6580458718952335e-05
fender,3.6580458718952335e-05
incessantly,3.6580458718952335e-05
existence,3.6580458718952335e-05
cheated,3.6580458718952335e-05
fanning,3.6580458718952335e-05
croqueted,3.6580458718952335e-05
overhead,3.6580458718952335e-05
buttercup,3.6580458718952335e-05
actually,3.6580458718952335e-05
absence,3.6580458718952335e-05
ye,3.6580458718952335e-05
noticing,3.6580458718952335e-05
desperately,3.6580458718952335e-05
fluttered,3.6580458718952335e-05
someone,3.6580458718952335e-05
fairy,3.6580458718952335e-05
pleasanter,3.6580458718952335e-05
harm,3.6580458718952335e-05
begged,3.6580458718952335e-05
upstairs,3.6580458718952335e-05
brother,3.6580458718952335e-05
scratching,3.6580458718952335e-05
inquired,3.6580458718952335e-05
wondered,3.6580458718952335e-05
snappishly,3.6580458718952335e-05
pun,3.6580458718952335e-05
crouched,3.6580458718952335e-05
circumstance,3.6580458718952335e-05
horse,3.6580458718952335e-05
pleasant,3.6580458718952335e-05
pus,3.6580458718952335e-05
thrown,3.6580458718952335e-05
curtsey,3.6580458718952335e-05
terribly,3.6580458718952335e-05
w,3.6580458718952335e-05
leading,3.6580458718952335e-05
paint,3.6580458718952335e-05
station,3.6580458718952335e-05
hundred,3.6580458718952335e-05
relieved,3.6580458718952335e-05
uncommonly,3.6580458718952335e-05
immediate,3.6580458718952335e-05
grew,3.6580458718952335e-05
double,3.6580458718952335e-05
grey,3.6580458718952335e-05
spirited,3.6580458718952335e-05
stalk,3.6580458718952335e-05
treated,3.6580458718952335e-05
fading,3.6580458718952335e-05
commotion,3.6580458718952335e-05
lit,3.6580458718952335e-05
lip,3.6580458718952335e-05
hopeless,3.6580458718952335e-05
eaten,3.6580458718952335e-05
oyster,3.6580458718952335e-05
mineral,3.6580458718952335e-05
clean,3.6580458718952335e-05
daresay,3.6580458718952335e-05
languid,3.6580458718952335e-05
croqueting,3.6580458718952335e-05
rocket,3.6580458718952335e-05
grazed,3.6580458718952335e-05
justice,3.6580458718952335e-05
unwillingly,3.6580458718952335e-05
stocking,3.6580458718952335e-05
pretty,3.6580458718952335e-05
circle,3.6580458718952335e-05
shepherd,3.6580458718952335e-05
meanwhile,3.6580458718952335e-05
whistle,3.6580458718952335e-05
hid,3.6580458718952335e-05
closely,3.6580458718952335e-05
shared,3.6580458718952335e-05
distraction,3.6580458718952335e-05
doubled,3.6580458718952335e-05
common,3.6580458718952335e-05
x,3.6580458718952335e-05
engraved,3.6580458718952335e-05
howled,3.6580458718952335e-05
signify,3.6580458718952335e-05
hoarsely,3.6580458718952335e-05
feared,3.6580458718952335e-05
various,3.6580458718952335e-05
flame,3.6580458718952335e-05
kneel,3.6580458718952335e-05
latin,3.6580458718952335e-05
vanishing,3.6580458718952335e-05
c,3.6580458718952335e-05
folding,3.6580458718952335e-05
onion,3.6580458718952335e-05
tittered,3.6580458718952335e-05
sentenced,3.6580458718952335e-05
sweet,3.6580458718952335e-05
hollow,3.6580458718952335e-05
supple,3.6580458718952335e-05
belt,3.6580458718952335e-05
acceptance,3.6580458718952335e-05
rattle,3.6580458718952335e-05
secret,3.6580458718952335e-05
dropping,3.6580458718952335e-05
meeting,3.6580458718952335e-05
empty,3.6580458718952335e-05
gay,3.6580458718952335e-05
1865,3.6580458718952335e-05
stolen,3.6580458718952335e-05
solid,3.6580458718952335e-05
rope,3.6580458718952335e-05
ful,3.6580458718952335e-05
pound,3.6580458718952335e-05
leant,3.6580458718952335e-05
righthand,3.6580458718952335e-05
choking,3.6580458718952335e-05
grant,3.6580458718952335e-05
belong,3.6580458718952335e-05
advise,3.6580458718952335e-05
flurry,3.6580458718952335e-05
flown,3.6580458718952335e-05
purpose,3.6580458718952335e-05
lower,3.6580458718952335e-05
cheek,3.6580458718952335e-05
clasped,3.6580458718952335e-05
morsel,3.6580458718952335e-05
rumbling,3.6580458718952335e-05
cur,3.6580458718952335e-05
hated,3.6580458718952335e-05
kissed,3.6580458718952335e-05
remaining,3.6580458718952335e-05
tillie,3.6580458718952335e-05
australia,3.6580458718952335e-05
ahem,3.6580458718952335e-05
knock,3.6580458718952335e-05
provoking,3.6580458718952335e-05
foolish,3.6580458718952335e-05
walrus,3.6580458718952335e-05
lodging,3.6580458718952335e-05
arrived,3.6580458718952335e-05
limb,3.6580458718952335e-05
marmalade,3.6580458718952335e-05
ourselves,3.6580458718952335e-05
saucer,3.6580458718952335e-05
pronounced,3.6580458718952335e-05
scale,3.6580458718952335e-05
pet,3.6580458718952335e-05
lark,3.6580458718952335e-05
peg,3.6580458718952335e-05
eating,3.6580458718952335e-05
salmon,3.6580458718952335e-05
refused,3.6580458718952335e-05
ache,3.6580458718952335e-05
bristling,3.6580458718952335e-05
deserved,3.6580458718952335e-05
wore,3.6580458718952335e-05
prove,3.6580458718952335e-05
straightened,3.6580458718952335e-05
naturedly,3.6580458718952335e-05
shiny,3.6580458718952335e-05
bleeds,3.6580458718952335e-05
seeing,3.6580458718952335e-05
piteous,3.6580458718952335e-05
signifies,3.6580458718952335e-05
consultation,3.6580458718952335e-05
prettier,3.6580458718952335e-05
forward,3.6580458718952335e-05
hoped,3.6580458718952335e-05
reed,3.6580458718952335e-05
upright,3.6580458718952335e-05
raising,3.6580458718952335e-05
accustomed,3.6580458718952335e-05
cartwheel,3.6580458718952335e-05
yelled,3.6580458718952335e-05
roared,3.6580458718952335e-05
skimming,3.6580458718952335e-05
graceful,3.6580458718952335e-05
curl,3.6580458718952335e-05
denying,3.6580458718952335e-05
occasional,3.6580458718952335e-05
club,3.6580458718952335e-05
nay,3.6580458718952335e-05
brushing,3.6580458718952335e-05
favourite,3.6580458718952335e-05
faintly,3.6580458718952335e-05
land,3.6580458718952335e-05
ledge,3.6580458718952335e-05
impatient,3.6580458718952335e-05
neighbouring,3.6580458718952335e-05
fitted,3.6580458718952335e-05
sixpence,3.6580458718952335e-05
dainty,3.6580458718952335e-05
peering,3.6580458718952335e-05
send,3.6580458718952335e-05
pleasing,3.6580458718952335e-05
memorandum,3.6580458718952335e-05
flinging,3.6580458718952335e-05
squeaked,3.6580458718952335e-05
drinking,3.6580458718952335e-05
magic,3.6580458718952335e-05
respectful,3.6580458718952335e-05
stiff,3.6580458718952335e-05
button,3.6580458718952335e-05
shock,3.6580458718952335e-05
rearing,3.6580458718952335e-05
insolence,3.6580458718952335e-05
uncomfortably,3.6580458718952335e-05
odd,3.6580458718952335e-05
squeeze,3.6580458718952335e-05
poky,3.6580458718952335e-05
upsetting,3.6580458718952335e-05
arrum,3.6580458718952335e-05
fifteenth,3.6580458718952335e-05
believed,3.6580458718952335e-05
sink,3.6580458718952335e-05
invented,3.6580458718952335e-05
fifteen,3.6580458718952335e-05
settling,3.6580458718952335e-05
vinegar,3.6580458718952335e-05
uneasy,3.6580458718952335e-05
involved,3.6580458718952335e-05
leaving,3.6580458718952335e-05
simpleton,3.6580458718952335e-05
opinion,3.6580458718952335e-05
climb,3.6580458718952335e-05
behead,3.6580458718952335e-05
examining,3.6580458718952335e-05
win,3.6580458718952335e-05
disobey,3.6580458718952335e-05
wit,3.6580458718952335e-05
standing,3.6580458718952335e-05
doubling,3.6580458718952335e-05
rich,3.6580458718952335e-05
inclined,3.6580458718952335e-05
labelled,3.6580458718952335e-05
iii,3.6580458718952335e-05
annoy,3.6580458718952335e-05
panted,3.6580458718952335e-05
shrieked,3.6580458718952335e-05
pour,3.6580458718952335e-05
curtseying,3.6580458718952335e-05
anywhere,3.6580458718952335e-05
thin,3.6580458718952335e-05
bent,3.6580458718952335e-05
dripping,3.6580458718952335e-05
pulling,3.6580458718952335e-05
skirt,3.6580458718952335e-05
contempt,3.6580458718952335e-05
curving,3.6580458718952335e-05
delay,3.6580458718952335e-05
lamp,3.6580458718952335e-05
furiously,3.6580458718952335e-05
farm,3.6580458718952335e-05
thunderstorm,3.6580458718952335e-05
tied,3.6580458718952335e-05
doze,3.6580458718952335e-05
men,3.6580458718952335e-05
minding,3.6580458718952335e-05
multiplication,3.6580458718952335e-05
terrier,3.6580458718952335e-05
patted,3.6580458718952335e-05
chief,3.6580458718952335e-05
crawling,3.6580458718952335e-05
furious,3.6580458718952335e-05
tunnel,3.6580458718952335e-05
bathing,3.6580458718952335e-05
pretending,3.6580458718952335e-05
arithmetic,3.6580458718952335e-05
produced,3.6580458718952335e-05
banquet,3.6580458718952335e-05
practice,3.6580458718952335e-05
muddle,3.6580458718952335e-05
flew,3.6580458718952335e-05
cutting,3.6580458718952335e-05
kiss,3.6580458718952335e-05
ambition,3.6580458718952335e-05
tray,3.6580458718952335e-05
sneezed,3.6580458718952335e-05
trap,3.6580458718952335e-05
truth,3.6580458718952335e-05
gazing,3.6580458718952335e-05
globe,3.6580458718952335e-05
licking,3.6580458718952335e-05
measure,3.6580458718952335e-05
wander,3.6580458718952335e-05
hippopotamus,3.6580458718952335e-05
barley,3.6580458718952335e-05
oblong,3.6580458718952335e-05
undo,3.6580458718952335e-05
completely,3.6580458718952335e-05
rustling,3.6580458718952335e-05
length,3.6580458718952335e-05
trickling,3.6580458718952335e-05
clamour,3.6580458718952335e-05
plainly,3.6580458718952335e-05
blown,3.6580458718952335e-05
pitied,3.6580458718952335e-05
soothing,3.6580458718952335e-05
eleventh,3.6580458718952335e-05
ancient,3.6580458718952335e-05
vulgar,3.6580458718952335e-05
sixteenth,3.6580458718952335e-05
bother,3.6580458718952335e-05
flashed,3.6580458718952335e-05
bee,3.6580458718952335e-05
whenever,3.6580458718952335e-05
result,3.6580458718952335e-05
tidy,3.6580458718952335e-05
comfortable,3.6580458718952335e-05
tide,3.6580458718952335e-05
comfortably,3.6580458718952335e-05
fourteenth,3.6580458718952335e-05
need,3.6580458718952335e-05
wearily,3.6580458718952335e-05
linked,3.6580458718952335e-05
bough,3.6580458718952335e-05
able,3.6580458718952335e-05
sol,3.6580458718952335e-05
centre,3.6580458718952335e-05
alarmed,3.6580458718952335e-05
gather,3.6580458718952335e-05
affair,3.6580458718952335e-05
planning,3.6580458718952335e-05
chanced,3.6580458718952335e-05
highest,3.6580458718952335e-05
reeling,3.6580458718952335e-05
hopeful,3.6580458718952335e-05
fumbled,3.6580458718952335e-05
pointed,3.6580458718952335e-05
indignant,3.6580458718952335e-05
prosecute,3.6580458718952335e-05
listened,3.6580458718952335e-05
listener,3.6580458718952335e-05
hearthrug,3.6580458718952335e-05
beak,3.6580458718952335e-05
shy,3.6580458718952335e-05
calling,3.6580458718952335e-05
rapped,3.6580458718952335e-05
fixed,3.6580458718952335e-05
shedding,3.6580458718952335e-05
crossly,3.6580458718952335e-05
desperate,3.6580458718952335e-05
closer,3.6580458718952335e-05
pattern,3.6580458718952335e-05
state,3.6580458718952335e-05
beautify,3.6580458718952335e-05
understood,3.6580458718952335e-05
joy,3.6580458718952335e-05
hurrying,3.6580458718952335e-05
precious,3.6580458718952335e-05
shingle,3.6580458718952335e-05
doorway,3.6580458718952335e-05
passing,3.6580458718952335e-05
laugh,3.6580458718952335e-05
respect,3.6580458718952335e-05
seaography,3.6580458718952335e-05
thanked,3.6580458718952335e-05
immense,3.6580458718952335e-05
poured,3.6580458718952335e-05
attends,3.6580458718952335e-05
treat,3.6580458718952335e-05
curtain,3.6580458718952335e-05
farmer,3.6580458718952335e-05
neighbour,3.6580458718952335e-05
orange,3.6580458718952335e-05
holiday,3.6580458718952335e-05
appearance,3.6580458718952335e-05
grinning,3.6580458718952335e-05
riper,3.6580458718952335e-05
vi,3.6580458718952335e-05
helped,3.6580458718952335e-05
sits,3.6580458718952335e-05
tumbled,3.6580458718952335e-05
denial,3.6580458718952335e-05
speaker,3.6580458718952335e-05
largest,3.6580458718952335e-05
glaring,3.6580458718952335e-05
twelfth,3.6580458718952335e-05
ball,3.6580458718952335e-05
disagree,3.6580458718952335e-05
collar,3.6580458718952335e-05
nevertheless,3.6580458718952335e-05
fighting,3.6580458718952335e-05
drawing,3.6580458718952335e-05
lest,3.6580458718952335e-05
barking,3.6580458718952335e-05
fancying,3.6580458718952335e-05
bell,3.6580458718952335e-05
adoption,3.6580458718952335e-05
ada,3.6580458718952335e-05
throne,3.6580458718952335e-05
term,3.6580458718952335e-05
audibly,3.6580458718952335e-05
crawled,3.6580458718952335e-05
lose,3.6580458718952335e-05
soft,3.6580458718952335e-05
heel,3.6580458718952335e-05
choosing,3.6580458718952335e-05
est,3.6580458718952335e-05
esq,3.6580458718952335e-05
avoid,3.6580458718952335e-05
kettle,3.6580458718952335e-05
leap,3.6580458718952335e-05
leader,3.6580458718952335e-05
tureen,3.6580458718952335e-05
reaching,3.6580458718952335e-05
gained,3.6580458718952335e-05
carrier,3.6580458718952335e-05
introduced,3.6580458718952335e-05
guard,3.6580458718952335e-05
promise,3.6580458718952335e-05
brush,3.6580458718952335e-05
custard,3.6580458718952335e-05
rushed,3.6580458718952335e-05
recognised,3.6580458718952335e-05
powdered,3.6580458718952335e-05
hm,3.6580458718952335e-05
placed,3.6580458718952335e-05
woke,3.6580458718952335e-05
thirteen,3.6580458718952335e-05
diligently,3.6580458718952335e-05
rightly,3.6580458718952335e-05
penny,3.6580458718952335e-05
ink,3.6580458718952335e-05
education,3.6580458718952335e-05
spell,3.6580458718952335e-05
dressed,3.6580458718952335e-05
lately,3.6580458718952335e-05
boon,3.6580458718952335e-05
star,3.6580458718952335e-05
variation,3.6580458718952335e-05
yelp,3.6580458718952335e-05
uglifying,3.6580458718952335e-05
tinkling,3.6580458718952335e-05
pictured,3.6580458718952335e-05
elsie,3.6580458718952335e-05
baked,3.6580458718952335e-05
