and,0.030028735632183907
the,0.027729885057471263
i,0.02552681992337165
to,0.02136015325670498
a,0.019157088122605363
you,0.018726053639846744
of,0.01695402298850575
that,0.013840996168582375
not,0.01264367816091954
is,0.012116858237547892
caesar,0.010919540229885057
in,0.010775862068965518
d,0.010296934865900383
my,0.010009578544061303
it,0.009482758620689655
me,0.009051724137931035
he,0.008477011494252874
for,0.00842911877394636
him,0.007950191570881227
this,0.007950191570881227
will,0.007806513409961685
brutus,0.007710727969348659
his,0.007519157088122605
bru,0.007327586206896552
with,0.007183908045977011
your,0.007136015325670498
haue,0.007088122605363984
be,0.007040229885057471
but,0.006752873563218391
so,0.006657088122605364
what,0.00617816091954023
shall,0.0059865900383141765
do,0.005842911877394636
thou,0.005507662835249042
all,0.005220306513409961
are,0.005220306513409961
then,0.005124521072796935
cassi,0.005124521072796935
by,0.004789272030651341
we,0.004549808429118774
no,0.004454022988505747
our,0.004454022988505747
come,0.004262452107279694
cassius,0.0040708812260536395
if,0.004022988505747126
did,0.003927203065134099
on,0.003927203065134099
antony,0.0036398467432950193
men,0.003400383141762452
o,0.003400383141762452
good,0.003400383141762452
let,0.003400383141762452
know,0.003352490421455939
wa,0.0032088122605363986
when,0.0032088122605363986
they,0.0031130268199233715
enter,0.0030651340996168583
v,0.003017241379310345
now,0.003017241379310345
man,0.0029693486590038312
their,0.002921455938697318
them,0.0028735632183908046
heere,0.002825670498084291
at,0.002825670498084291
am,0.0027298850574712643
thy,0.0026819923371647508
thee,0.0026340996168582377
there,0.002586206896551724
from,0.002346743295019157
ant,0.0022988505747126436
vpon,0.0022988505747126436
s,0.0022988505747126436
well,0.0022988505747126436
which,0.00225095785440613
friend,0.00225095785440613
day,0.002203065134099617
go,0.0021551724137931034
lord,0.00210727969348659
would,0.00210727969348659
hand,0.00210727969348659
night,0.00210727969348659
or,0.00210727969348659
why,0.0020593869731800767
yet,0.002011494252873563
should,0.002011494252873563
some,0.0019636015325670496
selfe,0.0019157088122605363
like,0.0019157088122605363
st,0.001867816091954023
these,0.001867816091954023
noble,0.001867816091954023
see,0.001867816091954023
caes,0.001867816091954023
rome,0.0018199233716475096
tell,0.0018199233716475096
heare,0.0018199233716475096
may,0.0018199233716475096
cask,0.0018199233716475096
such,0.001772030651340996
brut,0.001772030651340996
say,0.001772030651340996
stand,0.001772030651340996
must,0.0017241379310344827
thing,0.0017241379310344827
hath,0.0016762452107279694
how,0.0016762452107279694
heart,0.0016762452107279694
speake,0.0016762452107279694
were,0.0016762452107279694
giue,0.0016762452107279694
loue,0.0016283524904214558
one,0.0016283524904214558
more,0.0016283524904214558
an,0.0016283524904214558
where,0.0015804597701149425
caska,0.0015804597701149425
word,0.0015325670498084292
roman,0.0015325670498084292
who,0.0015325670498084292
vp,0.0015325670498084292
death,0.0014846743295019156
time,0.0014846743295019156
ca,0.0014846743295019156
too,0.0014367816091954023
doth,0.0014367816091954023
much,0.001388888888888889
make,0.001388888888888889
feare,0.001388888888888889
euery,0.0013409961685823754
god,0.0013409961685823754
most,0.0013409961685823754
out,0.0013409961685823754
luc,0.0013409961685823754
had,0.001293103448275862
any,0.001293103448275862
sir,0.001293103448275862
looke,0.001293103448275862
lucius,0.0012452107279693487
can,0.0012452107279693487
cinna,0.0012452107279693487
blood,0.0012452107279693487
art,0.0012452107279693487
great,0.0012452107279693487
messala,0.0011973180076628352
nor,0.0011494252873563218
downe,0.0011015325670498085
titinius,0.0011015325670498085
octauius,0.0011015325670498085
take,0.0011015325670498085
spirit,0.0011015325670498085
ti,0.0011015325670498085
done,0.0011015325670498085
beare,0.0011015325670498085
wrong,0.001053639846743295
mine,0.001053639846743295
exeunt,0.001053639846743295
till,0.001053639846743295
thinke,0.001053639846743295
hee,0.0010057471264367816
marke,0.0009578544061302681
eye,0.0009578544061302681
fire,0.0009578544061302681
forth,0.0009099616858237548
1,0.0009099616858237548
place,0.0009099616858237548
2,0.0009099616858237548
leaue,0.0009099616858237548
messa,0.0009099616858237548
bid,0.0009099616858237548
off,0.0009099616858237548
about,0.0009099616858237548
doe,0.0008620689655172414
away,0.0008620689655172414
true,0.0008620689655172414
name,0.0008620689655172414
liue,0.0008620689655172414
world,0.0008620689655172414
part,0.0008620689655172414
stay,0.0008620689655172414
octa,0.0008620689655172414
could,0.0008620689655172414
againe,0.0008620689655172414
neuer,0.0008141762452107279
l,0.0008141762452107279
euen,0.0008141762452107279
euer,0.0008141762452107279
put,0.0008141762452107279
decius,0.0008141762452107279
house,0.0008141762452107279
finde,0.0008141762452107279
capitoll,0.0008141762452107279
peace,0.0008141762452107279
sword,0.0008141762452107279
made,0.0008141762452107279
hold,0.0007662835249042146
3,0.0007662835249042146
dye,0.0007662835249042146
por,0.0007662835249042146
4,0.0007662835249042146
thus,0.0007662835249042146
cause,0.0007662835249042146
wee,0.0007662835249042146
better,0.0007183908045977011
shew,0.0007183908045977011
master,0.0007183908045977011
dead,0.0007183908045977011
many,0.0007183908045977011
reason,0.0007183908045977011
enemy,0.0007183908045977011
morrow,0.0007183908045977011
honor,0.0007183908045977011
face,0.0007183908045977011
himselfe,0.0006704980842911877
hast,0.0006704980842911877
boy,0.0006704980842911877
way,0.0006704980842911877
lucillius,0.0006704980842911877
mark,0.0006704980842911877
vnto,0.0006704980842911877
follow,0.0006704980842911877
honourable,0.0006704980842911877
set,0.0006704980842911877
into,0.0006704980842911877
once,0.0006704980842911877
therefore,0.0006226053639846744
answer,0.0006226053639846744
matter,0.0006226053639846744
ile,0.0006226053639846744
brother,0.0006226053639846744
within,0.0006226053639846744
fellow,0.0006226053639846744
might,0.0006226053639846744
portia,0.0006226053639846744
else,0.0006226053639846744
caius,0.0006226053639846744
body,0.0006226053639846744
other,0.0006226053639846744
metellus,0.0006226053639846744
before,0.0005747126436781609
bad,0.0005747126436781609
best,0.0005747126436781609
life,0.0005747126436781609
march,0.0005747126436781609
fell,0.0005747126436781609
first,0.0005747126436781609
very,0.0005747126436781609
exit,0.0005747126436781609
cato,0.0005747126436781609
cry,0.0005747126436781609
pindarus,0.0005747126436781609
mighty,0.0005747126436781609
run,0.0005747126436781609
backe,0.0005747126436781609
hence,0.0005747126436781609
home,0.0005747126436781609
sooth,0.0005268199233716475
philippi,0.0005268199233716475
after,0.0005268199233716475
publius,0.0005268199233716475
people,0.0005268199233716475
crowne,0.0005268199233716475
get,0.0005268199233716475
her,0.0005268199233716475
fall,0.0005268199233716475
still,0.0005268199233716475
common,0.0005268199233716475
ser,0.0005268199233716475
selues,0.0005268199233716475
while,0.0005268199233716475
beares,0.0005268199233716475
trebonius,0.0005268199233716475
lye,0.0005268199233716475
send,0.0005268199233716475
bring,0.0005268199233716475
meane,0.0005268199233716475
cicero,0.0005268199233716475
owne,0.0005268199233716475
thought,0.0005268199233716475
rest,0.0005268199233716475
flye,0.0005268199233716475
sicke,0.0005268199233716475
pardon,0.0004789272030651341
street,0.0004789272030651341
generall,0.0004789272030651341
call,0.0004789272030651341
keepe,0.0004789272030651341
meete,0.0004789272030651341
worke,0.0004789272030651341
yours,0.0004789272030651341
sure,0.0004789272030651341
farewell,0.0004789272030651341
being,0.0004789272030651341
woman,0.0004789272030651341
full,0.0004789272030651341
strong,0.0004789272030651341
two,0.0004789272030651341
nothing,0.0004789272030651341
vnder,0.0004789272030651341
gone,0.0004789272030651341
alarum,0.0004789272030651341
gentle,0.0004789272030651341
traitor,0.0004789272030651341
tent,0.0004789272030651341
vse,0.0004789272030651341
ho,0.0004789272030651341
calphurnia,0.0004789272030651341
yong,0.0004310344827586207
strato,0.0004310344827586207
letter,0.0004310344827586207
cymber,0.0004310344827586207
sleepe,0.0004310344827586207
head,0.0004310344827586207
bloody,0.0004310344827586207
heard,0.0004310344827586207
indeed,0.0004310344827586207
directly,0.0004310344827586207
sayes,0.0004310344827586207
ouer,0.0004310344827586207
enough,0.0004310344827586207
kill,0.0004310344827586207
power,0.0004310344827586207
deed,0.0004310344827586207
meanes,0.0004310344827586207
smile,0.0004310344827586207
both,0.0004310344827586207
awake,0.0004310344827586207
onely,0.0004310344827586207
t,0.0004310344827586207
those,0.0004310344827586207
ligarius,0.0004310344827586207
tongue,0.0004310344827586207
worthy,0.0004310344827586207
ha,0.0004310344827586207
seeke,0.0003831417624521073
deere,0.0003831417624521073
army,0.0003831417624521073
hoe,0.0003831417624521073
country,0.0003831417624521073
stirre,0.0003831417624521073
three,0.0003831417624521073
old,0.0003831417624521073
ple,0.0003831417624521073
ambitious,0.0003831417624521073
welcome,0.0003831417624521073
along,0.0003831417624521073
change,0.0003831417624521073
rather,0.0003831417624521073
lepidus,0.0003831417624521073
vile,0.0003831417624521073
talke,0.0003831417624521073
ala,0.0003831417624521073
none,0.0003831417624521073
hard,0.0003831417624521073
turne,0.0003831417624521073
please,0.0003831417624521073
last,0.0003831417624521073
read,0.0003831417624521073
cut,0.0003831417624521073
seene,0.0003831417624521073
loues,0.0003831417624521073
meet,0.0003831417624521073
countryman,0.0003831417624521073
shake,0.0003831417624521073
minde,0.0003831417624521073
poet,0.0003831417624521073
poore,0.0003831417624521073
fault,0.0003831417624521073
against,0.0003831417624521073
strange,0.0003831417624521073
volumnius,0.0003831417624521073
dangerous,0.0003831417624521073
ghost,0.0003831417624521073
hide,0.00033524904214559385
end,0.00033524904214559385
free,0.00033524904214559385
coward,0.00033524904214559385
fashion,0.00033524904214559385
thunder,0.00033524904214559385
came,0.00033524904214559385
said,0.00033524904214559385
wound,0.00033524904214559385
leade,0.00033524904214559385
farre,0.00033524904214559385
honour,0.00033524904214559385
appeare,0.00033524904214559385
sonne,0.00033524904214559385
saw,0.00033524904214559385
walke,0.00033524904214559385
beene,0.00033524904214559385
same,0.00033524904214559385
senator,0.00033524904214559385
instrument,0.00033524904214559385
mou,0.00033524904214559385
dagger,0.00033524904214559385
field,0.00033524904214559385
wife,0.00033524904214559385
houre,0.00033524904214559385
pray,0.00033524904214559385
enterprize,0.00033524904214559385
durst,0.00033524904214559385
senate,0.00033524904214559385
cin,0.00033524904214559385
age,0.00033524904214559385
high,0.00033524904214559385
remember,0.00033524904214559385
bed,0.00033524904214559385
she,0.00033524904214559385
wish,0.00033524904214559385
respect,0.00033524904214559385
ill,0.00033524904214559385
point,0.00033524904214559385
valiant,0.00028735632183908046
lesse,0.00028735632183908046
new,0.00028735632183908046
patience,0.00028735632183908046
reade,0.00028735632183908046
seruant,0.00028735632183908046
ere,0.00028735632183908046
ceremony,0.00028735632183908046
deci,0.00028735632183908046
satisfied,0.00028735632183908046
fit,0.00028735632183908046
went,0.00028735632183908046
side,0.00028735632183908046
purpose,0.00028735632183908046
another,0.00028735632183908046
nature,0.00028735632183908046
clit,0.00028735632183908046
speak,0.00028735632183908046
tane,0.00028735632183908046
mother,0.00028735632183908046
left,0.00028735632183908046
yes,0.00028735632183908046
right,0.00028735632183908046
dayes,0.00028735632183908046
offer,0.00028735632183908046
lookes,0.00028735632183908046
funerall,0.00028735632183908046
together,0.00028735632183908046
redresse,0.00028735632183908046
alone,0.00028735632183908046
hither,0.00028735632183908046
going,0.00028735632183908046
neere,0.00028735632183908046
course,0.00028735632183908046
cold,0.00028735632183908046
em,0.00028735632183908046
note,0.00028735632183908046
begin,0.00028735632183908046
flatterer,0.00028735632183908046
truly,0.00028735632183908046
voyce,0.00028735632183908046
speech,0.00028735632183908046
weake,0.00028735632183908046
certaine,0.00028735632183908046
ye,0.00028735632183908046
themselues,0.00028735632183908046
found,0.00028735632183908046
hart,0.00028735632183908046
th,0.00028735632183908046
further,0.00028735632183908046
pulpit,0.00028735632183908046
vertue,0.00028735632183908046
lucil,0.00028735632183908046
pleasure,0.00028735632183908046
trade,0.00028735632183908046
through,0.00028735632183908046
ides,0.00028735632183908046
since,0.00028735632183908046
base,0.00028735632183908046
pompeyes,0.00028735632183908046
gold,0.00028735632183908046
conspirator,0.00028735632183908046
nay,0.00028735632183908046
danger,0.00028735632183908046
sight,0.00028735632183908046
though,0.00028735632183908046
claudio,0.00028735632183908046
fetch,0.00028735632183908046
opinion,0.00028735632183908046
light,0.00028735632183908046
hearke,0.00028735632183908046
ambition,0.00028735632183908046
long,0.00028735632183908046
lou,0.00028735632183908046
passe,0.00028735632183908046
state,0.00028735632183908046
beleeue,0.00028735632183908046
wilt,0.00028735632183908046
clocke,0.00028735632183908046
weepe,0.00028735632183908046
thrice,0.00028735632183908046
whose,0.00023946360153256704
worth,0.00023946360153256704
suite,0.00023946360153256704
souldier,0.00023946360153256704
liberty,0.00023946360153256704
here,0.00023946360153256704
brought,0.00023946360153256704
calp,0.00023946360153256704
strike,0.00023946360153256704
wine,0.00023946360153256704
bond,0.00023946360153256704
re,0.00023946360153256704
ayre,0.00023946360153256704
marcus,0.00023946360153256704
gowne,0.00023946360153256704
titin,0.00023946360153256704
endure,0.00023946360153256704
earth,0.00023946360153256704
gaue,0.00023946360153256704
mur,0.00023946360153256704
soules,0.00023946360153256704
breake,0.00023946360153256704
shout,0.00023946360153256704
burne,0.00023946360153256704
spoke,0.00023946360153256704
fight,0.00023946360153256704
tit,0.00023946360153256704
clitus,0.00023946360153256704
wherefore,0.00023946360153256704
humour,0.00023946360153256704
market,0.00023946360153256704
angry,0.00023946360153256704
fly,0.00023946360153256704
cai,0.00023946360153256704
perceiue,0.00023946360153256704
ore,0.00023946360153256704
honest,0.00023946360153256704
little,0.00023946360153256704
braue,0.00023946360153256704
presse,0.00023946360153256704
blame,0.00023946360153256704
present,0.00023946360153256704
statue,0.00023946360153256704
without,0.00023946360153256704
touch,0.00023946360153256704
seeme,0.00023946360153256704
offence,0.00023946360153256704
fortune,0.00023946360153256704
sound,0.00023946360153256704
condition,0.00023946360153256704
actus,0.00023946360153256704
offended,0.00023946360153256704
number,0.00023946360153256704
least,0.00023946360153256704
heauen,0.00023946360153256704
bondman,0.00023946360153256704
secret,0.00023946360153256704
mutiny,0.00023946360153256704
look,0.00023946360153256704
wherein,0.00023946360153256704
resolu,0.00023946360153256704
tooke,0.00023946360153256704
flauius,0.00023946360153256704
seuerall,0.00023946360153256704
fla,0.00023946360153256704
ride,0.00023946360153256704
fare,0.00023946360153256704
mettle,0.00023946360153256704
pitty,0.00023946360153256704
prepare,0.00023946360153256704
sicknesse,0.00023946360153256704
bee,0.00023946360153256704
madam,0.00023946360153256704
lyon,0.00023946360153256704
giues,0.00023946360153256704
aliue,0.00023946360153256704
heauens,0.00023946360153256704
speakes,0.00023946360153256704
antonio,0.00023946360153256704
roome,0.00023946360153256704
tyber,0.00023946360153256704
glory,0.00023946360153256704
whether,0.00023946360153256704
sway,0.00019157088122605365
liuing,0.00019157088122605365
triumph,0.00019157088122605365
taper,0.00019157088122605365
ancestor,0.00019157088122605365
lay,0.00019157088122605365
stra,0.00019157088122605365
begge,0.00019157088122605365
safe,0.00019157088122605365
runne,0.00019157088122605365
whil,0.00019157088122605365
borne,0.00019157088122605365
goe,0.00019157088122605365
breefely,0.00019157088122605365
eares,0.00019157088122605365
dwell,0.00019157088122605365
treb,0.00019157088122605365
mouth,0.00019157088122605365
yee,0.00019157088122605365
growne,0.00019157088122605365
dy,0.00019157088122605365
eare,0.00019157088122605365
mee,0.00019157088122605365
cob,0.00019157088122605365
fearefull,0.00019157088122605365
knowne,0.00019157088122605365
plebeian,0.00019157088122605365
manet,0.00019157088122605365
warre,0.00019157088122605365
yea,0.00019157088122605365
legion,0.00019157088122605365
desire,0.00019157088122605365
dreame,0.00019157088122605365
crown,0.00019157088122605365
humor,0.00019157088122605365
taken,0.00019157088122605365
temper,0.00019157088122605365
flood,0.00019157088122605365
charge,0.00019157088122605365
pompey,0.00019157088122605365
feeble,0.00019157088122605365
round,0.00019157088122605365
patient,0.00019157088122605365
winde,0.00019157088122605365
flourish,0.00019157088122605365
conquest,0.00019157088122605365
drop,0.00019157088122605365
quite,0.00019157088122605365
besides,0.00019157088122605365
fast,0.00019157088122605365
open,0.00019157088122605365
fooles,0.00019157088122605365
reuenge,0.00019157088122605365
oath,0.00019157088122605365
sad,0.00019157088122605365
knee,0.00019157088122605365
signe,0.00019157088122605365
newes,0.00019157088122605365
ground,0.00019157088122605365
teare,0.00019157088122605365
knaue,0.00019157088122605365
morning,0.00019157088122605365
dreadfull,0.00019157088122605365
wisely,0.00019157088122605365
preuent,0.00019157088122605365
dare,0.00019157088122605365
teares,0.00019157088122605365
stone,0.00019157088122605365
stare,0.00019157088122605365
low,0.00019157088122605365
plucke,0.00019157088122605365
withall,0.00019157088122605365
beware,0.00019157088122605365
mindes,0.00019157088122605365
worse,0.00019157088122605365
proscription,0.00019157088122605365
depart,0.00019157088122605365
armes,0.00019157088122605365
glad,0.00019157088122605365
creature,0.00019157088122605365
held,0.00019157088122605365
greefes,0.00019157088122605365
health,0.00019157088122605365
thine,0.00019157088122605365
horse,0.00019157088122605365
grace,0.00019157088122605365
king,0.00019157088122605365
lie,0.00019157088122605365
musicke,0.00019157088122605365
noblest,0.00019157088122605365
freedome,0.00019157088122605365
sold,0.00019157088122605365
straight,0.00019157088122605365
ought,0.00019157088122605365
iulius,0.00019157088122605365
thinkes,0.00019157088122605365
cynna,0.00019157088122605365
sake,0.00019157088122605365
doubt,0.00019157088122605365
shalt,0.00019157088122605365
cic,0.00019157088122605365
constant,0.00019157088122605365
foorth,0.00019157088122605365
presently,0.00019157088122605365
sirra,0.00019157088122605365
battaile,0.00019157088122605365
chanc,0.00019157088122605365
cloud,0.00019157088122605365
sit,0.00019157088122605365
halfe,0.00019157088122605365
tyrant,0.00019157088122605365
write,0.00019157088122605365
red,0.00019157088122605365
tempt,0.00019157088122605365
businesse,0.00019157088122605365
deny,0.00019157088122605365
hope,0.00019157088122605365
monstrous,0.00019157088122605365
giuen,0.00019157088122605365
weare,0.00019157088122605365
general,0.00019157088122605365
almost,0.00019157088122605365
beast,0.00019157088122605365
dost,0.00019157088122605365
var,0.00019157088122605365
wise,0.00019157088122605365
behold,0.00019157088122605365
kinde,0.00019157088122605365
stab,0.00019157088122605365
sleep,0.00014367816091954023
yonder,0.00014367816091954023
forget,0.00014367816091954023
rise,0.00014367816091954023
second,0.00014367816091954023
told,0.00014367816091954023
met,0.00014367816091954023
sinke,0.00014367816091954023
brings,0.00014367816091954023
noyse,0.00014367816091954023
ready,0.00014367816091954023
hot,0.00014367816091954023
gate,0.00014367816091954023
ordinary,0.00014367816091954023
construe,0.00014367816091954023
haste,0.00014367816091954023
order,0.00014367816091954023
consent,0.00014367816091954023
bone,0.00014367816091954023
kneele,0.00014367816091954023
content,0.00014367816091954023
already,0.00014367816091954023
render,0.00014367816091954023
idle,0.00014367816091954023
ran,0.00014367816091954023
manner,0.00014367816091954023
de,0.00014367816091954023
saue,0.00014367816091954023
spurre,0.00014367816091954023
gentleman,0.00014367816091954023
finger,0.00014367816091954023
publike,0.00014367816091954023
conference,0.00014367816091954023
child,0.00014367816091954023
harme,0.00014367816091954023
need,0.00014367816091954023
swell,0.00014367816091954023
sweare,0.00014367816091954023
rous,0.00014367816091954023
foote,0.00014367816091954023
graues,0.00014367816091954023
soothsayer,0.00014367816091954023
bold,0.00014367816091954023
kisse,0.00014367816091954023
happy,0.00014367816091954023
deede,0.00014367816091954023
battell,0.00014367816091954023
dying,0.00014367816091954023
ne,0.00014367816091954023
palme,0.00014367816091954023
teeth,0.00014367816091954023
soule,0.00014367816091954023
father,0.00014367816091954023
answered,0.00014367816091954023
trouble,0.00014367816091954023
fearing,0.00014367816091954023
visit,0.00014367816091954023
pind,0.00014367816091954023
amisse,0.00014367816091954023
reioyce,0.00014367816091954023
forme,0.00014367816091954023
soone,0.00014367816091954023
cruell,0.00014367816091954023
romane,0.00014367816091954023
care,0.00014367816091954023
refus,0.00014367816091954023
motion,0.00014367816091954023
honesty,0.00014367816091954023
immortall,0.00014367816091954023
buried,0.00014367816091954023
turnes,0.00014367816091954023
knew,0.00014367816091954023
yeeld,0.00014367816091954023
streetes,0.00014367816091954023
windowes,0.00014367816091954023
beseech,0.00014367816091954023
paper,0.00014367816091954023
wonder,0.00014367816091954023
limbes,0.00014367816091954023
according,0.00014367816091954023
villaines,0.00014367816091954023
varrus,0.00014367816091954023
brow,0.00014367816091954023
traine,0.00014367816091954023
thinking,0.00014367816091954023
lady,0.00014367816091954023
dard,0.00014367816091954023
lightning,0.00014367816091954023
image,0.00014367816091954023
regard,0.00014367816091954023
pluckt,0.00014367816091954023
rage,0.00014367816091954023
taste,0.00014367816091954023
trash,0.00014367816091954023
walkes,0.00014367816091954023
consider,0.00014367816091954023
bosome,0.00014367816091954023
stood,0.00014367816091954023
sodaine,0.00014367816091954023
loose,0.00014367816091954023
huge,0.00014367816091954023
neede,0.00014367816091954023
shore,0.00014367816091954023
graunt,0.00014367816091954023
late,0.00014367816091954023
haile,0.00014367816091954023
hill,0.00014367816091954023
fled,0.00014367816091954023
elder,0.00014367816091954023
hundred,0.00014367816091954023
toward,0.00014367816091954023
silence,0.00014367816091954023
permission,0.00014367816091954023
close,0.00014367816091954023
sardis,0.00014367816091954023
sweet,0.00014367816091954023
steele,0.00014367816091954023
successe,0.00014367816091954023
aduantage,0.00014367816091954023
knowes,0.00014367816091954023
y,0.00014367816091954023
receiue,0.00014367816091954023
bin,0.00014367816091954023
greefe,0.00014367816091954023
conspiracie,0.00014367816091954023
question,0.00014367816091954023
comming,0.00014367816091954023
doest,0.00014367816091954023
popillius,0.00014367816091954023
friendly,0.00014367816091954023
led,0.00014367816091954023
lep,0.00014367816091954023
laughter,0.00014367816091954023
apt,0.00014367816091954023
prythee,0.00014367816091954023
sort,0.00014367816091954023
constancie,0.00014367816091954023
bend,0.00014367816091954023
heauy,0.00014367816091954023
sunne,0.00014367816091954023
metel,0.00014367816091954023
affayres,0.00014367816091954023
vrge,0.00014367816091954023
greater,0.00014367816091954023
priuate,0.00014367816091954023
truth,0.00014367816091954023
twas,0.00014367816091954023
turn,0.00014367816091954023
crosse,0.00014367816091954023
awe,0.00014367816091954023
watch,0.00014367816091954023
fear,0.00014367816091954023
dardanius,0.00014367816091954023
tydings,0.00014367816091954023
iudge,0.00014367816091954023
walk,0.00014367816091954023
commend,0.00014367816091954023
shame,0.00014367816091954023
ioy,0.00014367816091954023
oft,0.00014367816091954023
fate,0.00014367816091954023
become,0.00014367816091954023
therein,0.00014367816091954023
because,0.00014367816091954023
proofe,0.00014367816091954023
proper,0.00014367816091954023
passion,0.00014367816091954023
aboue,0.00014367816091954023
promise,0.00014367816091954023
demand,9.578544061302682e-05
hate,9.578544061302682e-05
intreat,9.578544061302682e-05
sorry,9.578544061302682e-05
cobl,9.578544061302682e-05
heereafter,9.578544061302682e-05
seale,9.578544061302682e-05
volum,9.578544061302682e-05
marching,9.578544061302682e-05
serues,9.578544061302682e-05
credit,9.578544061302682e-05
vnknowne,9.578544061302682e-05
heeles,9.578544061302682e-05
arme,9.578544061302682e-05
holy,9.578544061302682e-05
hole,9.578544061302682e-05
brest,9.578544061302682e-05
peece,9.578544061302682e-05
mess,9.578544061302682e-05
ladder,9.578544061302682e-05
attempt,9.578544061302682e-05
pub,9.578544061302682e-05
ensigne,9.578544061302682e-05
office,9.578544061302682e-05
vttermost,9.578544061302682e-05
cly,9.578544061302682e-05
schoole,9.578544061302682e-05
break,9.578544061302682e-05
weary,9.578544061302682e-05
each,9.578544061302682e-05
sham,9.578544061302682e-05
slew,9.578544061302682e-05
decree,9.578544061302682e-05
reades,9.578544061302682e-05
sufficeth,9.578544061302682e-05
mourning,9.578544061302682e-05
bestow,9.578544061302682e-05
fret,9.578544061302682e-05
speede,9.578544061302682e-05
councell,9.578544061302682e-05
listen,9.578544061302682e-05
griefe,9.578544061302682e-05
past,9.578544061302682e-05
peril,9.578544061302682e-05
flame,9.578544061302682e-05
mirth,9.578544061302682e-05
groaning,9.578544061302682e-05
seem,9.578544061302682e-05
doore,9.578544061302682e-05
strength,9.578544061302682e-05
iudgement,9.578544061302682e-05
parting,9.578544061302682e-05
m,9.578544061302682e-05
incorporate,9.578544061302682e-05
chariot,9.578544061302682e-05
rich,9.578544061302682e-05
knocke,9.578544061302682e-05
shape,9.578544061302682e-05
bay,9.578544061302682e-05
softly,9.578544061302682e-05
spurres,9.578544061302682e-05
proclaime,9.578544061302682e-05
driue,9.578544061302682e-05
battailes,9.578544061302682e-05
tyranny,9.578544061302682e-05
com,9.578544061302682e-05
pre,9.578544061302682e-05
vtterance,9.578544061302682e-05
hauing,9.578544061302682e-05
blowes,9.578544061302682e-05
aske,9.578544061302682e-05
seuenty,9.578544061302682e-05
wildenesse,9.578544061302682e-05
sting,9.578544061302682e-05
playes,9.578544061302682e-05
vnfold,9.578544061302682e-05
beside,9.578544061302682e-05
descend,9.578544061302682e-05
hony,9.578544061302682e-05
lusty,9.578544061302682e-05
hang,9.578544061302682e-05
saide,9.578544061302682e-05
humble,9.578544061302682e-05
thanke,9.578544061302682e-05
obserue,9.578544061302682e-05
rushing,9.578544061302682e-05
ease,9.578544061302682e-05
east,9.578544061302682e-05
ope,9.578544061302682e-05
hung,9.578544061302682e-05
reuerence,9.578544061302682e-05
strife,9.578544061302682e-05
foe,9.578544061302682e-05
betimes,9.578544061302682e-05
bury,9.578544061302682e-05
curre,9.578544061302682e-05
liues,9.578544061302682e-05
bankes,9.578544061302682e-05
mantle,9.578544061302682e-05
corpes,9.578544061302682e-05
bound,9.578544061302682e-05
cryed,9.578544061302682e-05
gouern,9.578544061302682e-05
sometime,9.578544061302682e-05
terror,9.578544061302682e-05
exalted,9.578544061302682e-05
olympus,9.578544061302682e-05
mightie,9.578544061302682e-05
die,9.578544061302682e-05
drinke,9.578544061302682e-05
knockes,9.578544061302682e-05
tempest,9.578544061302682e-05
curse,9.578544061302682e-05
appear,9.578544061302682e-05
preferre,9.578544061302682e-05
deceiu,9.578544061302682e-05
haire,9.578544061302682e-05
bow,9.578544061302682e-05
raise,9.578544061302682e-05
spoyle,9.578544061302682e-05
strooke,9.578544061302682e-05
stoope,9.578544061302682e-05
swet,9.578544061302682e-05
dyest,9.578544061302682e-05
fawne,9.578544061302682e-05
growing,9.578544061302682e-05
droppes,9.578544061302682e-05
qualitie,9.578544061302682e-05
stroke,9.578544061302682e-05
cobler,9.578544061302682e-05
spot,9.578544061302682e-05
grow,9.578544061302682e-05
tending,9.578544061302682e-05
window,9.578544061302682e-05
ours,9.578544061302682e-05
petition,9.578544061302682e-05
ayme,9.578544061302682e-05
flint,9.578544061302682e-05
married,9.578544061302682e-05
torch,9.578544061302682e-05
dispos,9.578544061302682e-05
abide,9.578544061302682e-05
priest,9.578544061302682e-05
greeke,9.578544061302682e-05
browes,9.578544061302682e-05
contented,9.578544061302682e-05
sufferance,9.578544061302682e-05
worthinesse,9.578544061302682e-05
impossible,9.578544061302682e-05
ring,9.578544061302682e-05
quality,9.578544061302682e-05
plaine,9.578544061302682e-05
breed,9.578544061302682e-05
fiery,9.578544061302682e-05
deliuer,9.578544061302682e-05
seru,9.578544061302682e-05
third,9.578544061302682e-05
slay,9.578544061302682e-05
lowe,9.578544061302682e-05
spectacle,9.578544061302682e-05
aside,9.578544061302682e-05
blunt,9.578544061302682e-05
popil,9.578544061302682e-05
walking,9.578544061302682e-05
leather,9.578544061302682e-05
carrion,9.578544061302682e-05
beholding,9.578544061302682e-05
sport,9.578544061302682e-05
dreames,9.578544061302682e-05
shewes,9.578544061302682e-05
countenance,9.578544061302682e-05
duty,9.578544061302682e-05
among,9.578544061302682e-05
exploit,9.578544061302682e-05
compell,9.578544061302682e-05
grone,9.578544061302682e-05
holyday,9.578544061302682e-05
offered,9.578544061302682e-05
slumber,9.578544061302682e-05
cast,9.578544061302682e-05
warning,9.578544061302682e-05
bathe,9.578544061302682e-05
commander,9.578544061302682e-05
vnbraced,9.578544061302682e-05
pay,9.578544061302682e-05
vnderneath,9.578544061302682e-05
discouer,9.578544061302682e-05
indeede,9.578544061302682e-05
bondage,9.578544061302682e-05
personall,9.578544061302682e-05
diuell,9.578544061302682e-05
speed,9.578544061302682e-05
yeeres,9.578544061302682e-05
verse,9.578544061302682e-05
augurers,9.578544061302682e-05
rendred,9.578544061302682e-05
fauour,9.578544061302682e-05
early,9.578544061302682e-05
asleepe,9.578544061302682e-05
audience,9.578544061302682e-05
either,9.578544061302682e-05
thriue,9.578544061302682e-05
clau,9.578544061302682e-05
draw,9.578544061302682e-05
mistrust,9.578544061302682e-05
forgetfull,9.578544061302682e-05
sutors,9.578544061302682e-05
itching,9.578544061302682e-05
royall,9.578544061302682e-05
throw,9.578544061302682e-05
countrey,9.578544061302682e-05
preuention,9.578544061302682e-05
asse,9.578544061302682e-05
affection,9.578544061302682e-05
hound,9.578544061302682e-05
tremble,9.578544061302682e-05
fill,9.578544061302682e-05
poor,9.578544061302682e-05
push,9.578544061302682e-05
chasticement,9.578544061302682e-05
troopes,9.578544061302682e-05
c√¶sar,9.578544061302682e-05
worst,9.578544061302682e-05
vouchsafe,9.578544061302682e-05
ingratitude,9.578544061302682e-05
batchellor,9.578544061302682e-05
soldier,9.578544061302682e-05
action,9.578544061302682e-05
narrow,9.578544061302682e-05
sparkes,9.578544061302682e-05
stretcht,9.578544061302682e-05
company,9.578544061302682e-05
sucke,9.578544061302682e-05
dec,9.578544061302682e-05
terrible,9.578544061302682e-05
condemn,9.578544061302682e-05
lupercall,9.578544061302682e-05
murellus,9.578544061302682e-05
ordinance,9.578544061302682e-05
comfort,9.578544061302682e-05
acte,9.578544061302682e-05
intended,9.578544061302682e-05
testament,9.578544061302682e-05
strucke,9.578544061302682e-05
orchard,9.578544061302682e-05
infant,9.578544061302682e-05
hell,9.578544061302682e-05
smiling,9.578544061302682e-05
prodigy,9.578544061302682e-05
lippes,9.578544061302682e-05
foot,9.578544061302682e-05
witnesse,9.578544061302682e-05
faire,9.578544061302682e-05
indure,9.578544061302682e-05
betweene,9.578544061302682e-05
try,9.578544061302682e-05
hilt,9.578544061302682e-05
issue,9.578544061302682e-05
liu,9.578544061302682e-05
threat,9.578544061302682e-05
stabb,9.578544061302682e-05
slept,9.578544061302682e-05
store,9.578544061302682e-05
agen,9.578544061302682e-05
sell,9.578544061302682e-05
speaking,9.578544061302682e-05
foolerie,9.578544061302682e-05
added,9.578544061302682e-05
artemidorus,9.578544061302682e-05
barren,9.578544061302682e-05
think,9.578544061302682e-05
seuen,9.578544061302682e-05
louers,9.578544061302682e-05
hie,9.578544061302682e-05
falling,9.578544061302682e-05
enuious,9.578544061302682e-05
ciuill,9.578544061302682e-05
sea,9.578544061302682e-05
arm,9.578544061302682e-05
woe,9.578544061302682e-05
rite,9.578544061302682e-05
c,9.578544061302682e-05
ioyn,9.578544061302682e-05
mean,9.578544061302682e-05
whole,9.578544061302682e-05
load,9.578544061302682e-05
confesse,9.578544061302682e-05
spurne,9.578544061302682e-05
partly,9.578544061302682e-05
error,9.578544061302682e-05
riu,9.578544061302682e-05
leane,9.578544061302682e-05
rid,9.578544061302682e-05
italy,9.578544061302682e-05
grant,9.578544061302682e-05
butcher,9.578544061302682e-05
higher,9.578544061302682e-05
leape,9.578544061302682e-05
yesterday,9.578544061302682e-05
pricke,9.578544061302682e-05
sawcy,9.578544061302682e-05
showts,9.578544061302682e-05
prince,9.578544061302682e-05
truely,9.578544061302682e-05
knock,9.578544061302682e-05
canst,9.578544061302682e-05
often,9.578544061302682e-05
starres,9.578544061302682e-05
towards,9.578544061302682e-05
pale,9.578544061302682e-05
benefit,9.578544061302682e-05
rul,9.578544061302682e-05
abroad,9.578544061302682e-05
faith,9.578544061302682e-05
shooes,9.578544061302682e-05
fantasie,9.578544061302682e-05
seeing,9.578544061302682e-05
errand,9.578544061302682e-05
whereto,9.578544061302682e-05
buriall,9.578544061302682e-05
weeping,9.578544061302682e-05
iealous,9.578544061302682e-05
calles,9.578544061302682e-05
tweene,9.578544061302682e-05
sutor,9.578544061302682e-05
lena,9.578544061302682e-05
lend,9.578544061302682e-05
deseru,9.578544061302682e-05
harke,9.578544061302682e-05
bribe,9.578544061302682e-05
fresh,9.578544061302682e-05
saying,9.578544061302682e-05
commoner,9.578544061302682e-05
helpe,9.578544061302682e-05
moue,9.578544061302682e-05
marry,9.578544061302682e-05
mooue,9.578544061302682e-05
ouercame,9.578544061302682e-05
bleeding,9.578544061302682e-05
tragedie,9.578544061302682e-05
bird,9.578544061302682e-05
reueng,9.578544061302682e-05
next,9.578544061302682e-05
iust,9.578544061302682e-05
porch,9.578544061302682e-05
loued,9.578544061302682e-05
billes,9.578544061302682e-05
mend,9.578544061302682e-05
recount,9.578544061302682e-05
louer,9.578544061302682e-05
drawes,9.578544061302682e-05
something,9.578544061302682e-05
bent,9.578544061302682e-05
fortunate,9.578544061302682e-05
peeces,9.578544061302682e-05
proceeded,9.578544061302682e-05
swore,9.578544061302682e-05
philosophy,9.578544061302682e-05
hazard,9.578544061302682e-05
abuse,9.578544061302682e-05
element,9.578544061302682e-05
writ,9.578544061302682e-05
drachmaes,9.578544061302682e-05
whilst,9.578544061302682e-05
willing,9.578544061302682e-05
choose,9.578544061302682e-05
practice,9.578544061302682e-05
feast,9.578544061302682e-05
souldiers,9.578544061302682e-05
wel,9.578544061302682e-05
booke,9.578544061302682e-05
gallant,9.578544061302682e-05
defend,9.578544061302682e-05
messenger,9.578544061302682e-05
honorable,9.578544061302682e-05
bleed,9.578544061302682e-05
loe,9.578544061302682e-05
mad,9.578544061302682e-05
yond,9.578544061302682e-05
euill,9.578544061302682e-05
start,9.578544061302682e-05
euils,9.578544061302682e-05
slaine,9.578544061302682e-05
false,9.578544061302682e-05
tide,9.578544061302682e-05
eight,9.578544061302682e-05
prisoner,9.578544061302682e-05
prickt,9.578544061302682e-05
vpward,9.578544061302682e-05
madman,9.578544061302682e-05
rash,9.578544061302682e-05
deerer,9.578544061302682e-05
familiar,9.578544061302682e-05
ended,9.578544061302682e-05
neyther,9.578544061302682e-05
sorrow,9.578544061302682e-05
vrg,9.578544061302682e-05
merry,9.578544061302682e-05
streame,9.578544061302682e-05
drum,9.578544061302682e-05
straine,9.578544061302682e-05
assure,9.578544061302682e-05
thicke,9.578544061302682e-05
laugh,9.578544061302682e-05
yeares,9.578544061302682e-05
thrusting,9.578544061302682e-05
banish,9.578544061302682e-05
obiects,9.578544061302682e-05
perhaps,9.578544061302682e-05
crost,9.578544061302682e-05
valour,9.578544061302682e-05
nod,9.578544061302682e-05
steale,9.578544061302682e-05
effect,9.578544061302682e-05
fierce,9.578544061302682e-05
destruction,9.578544061302682e-05
reflection,9.578544061302682e-05
colour,9.578544061302682e-05
wisedome,9.578544061302682e-05
citizen,9.578544061302682e-05
immediately,9.578544061302682e-05
doores,9.578544061302682e-05
throng,9.578544061302682e-05
necessary,9.578544061302682e-05
lost,9.578544061302682e-05
slaues,9.578544061302682e-05
soft,9.578544061302682e-05
shed,9.578544061302682e-05
leaden,9.578544061302682e-05
lead,9.578544061302682e-05
iustice,9.578544061302682e-05
murderer,9.578544061302682e-05
slight,9.578544061302682e-05
enuy,9.578544061302682e-05
chance,9.578544061302682e-05
attaine,9.578544061302682e-05
impatience,9.578544061302682e-05
brand,9.578544061302682e-05
moreouer,9.578544061302682e-05
pin,9.578544061302682e-05
whisper,9.578544061302682e-05
rule,9.578544061302682e-05
octauio,9.578544061302682e-05
wing,9.578544061302682e-05
yoake,9.578544061302682e-05
ranke,9.578544061302682e-05
fawn,4.789272030651341e-05
lowlynesse,4.789272030651341e-05
protest,4.789272030651341e-05
appetite,4.789272030651341e-05
feeding,4.789272030651341e-05
calculate,4.789272030651341e-05
receyuing,4.789272030651341e-05
voyces,4.789272030651341e-05
tarry,4.789272030651341e-05
vildely,4.789272030651341e-05
entertaine,4.789272030651341e-05
affabilitie,4.789272030651341e-05
waues,4.789272030651341e-05
encounter,4.789272030651341e-05
sickely,4.789272030651341e-05
school,4.789272030651341e-05
prize,4.789272030651341e-05
slewe,4.789272030651341e-05
deuise,4.789272030651341e-05
brutish,4.789272030651341e-05
wept,4.789272030651341e-05
chew,4.789272030651341e-05
force,4.789272030651341e-05
alasse,4.789272030651341e-05
lustre,4.789272030651341e-05
warne,4.789272030651341e-05
muffling,4.789272030651341e-05
glasse,4.789272030651341e-05
natiue,4.789272030651341e-05
beaten,4.789272030651341e-05
legacie,4.789272030651341e-05
murther,4.789272030651341e-05
cull,4.789272030651341e-05
crouch,4.789272030651341e-05
pluto,4.789272030651341e-05
path,4.789272030651341e-05
prostrate,4.789272030651341e-05
daughter,4.789272030651341e-05
seduc,4.789272030651341e-05
study,4.789272030651341e-05
piercing,4.789272030651341e-05
chayre,4.789272030651341e-05
seruants,4.789272030651341e-05
superstitious,4.789272030651341e-05
climber,4.789272030651341e-05
musing,4.789272030651341e-05
sterrile,4.789272030651341e-05
meate,4.789272030651341e-05
plea,4.789272030651341e-05
split,4.789272030651341e-05
outlarie,4.789272030651341e-05
describ,4.789272030651341e-05
cals,4.789272030651341e-05
vntyr,4.789272030651341e-05
bussling,4.789272030651341e-05
vppe,4.789272030651341e-05
barke,4.789272030651341e-05
coine,4.789272030651341e-05
vseth,4.789272030651341e-05
glass,4.789272030651341e-05
greatnesse,4.789272030651341e-05
portentous,4.789272030651341e-05
greeuously,4.789272030651341e-05
striue,4.789272030651341e-05
player,4.789272030651341e-05
hideous,4.789272030651341e-05
mo,4.789272030651341e-05
burneth,4.789272030651341e-05
plunged,4.789272030651341e-05
boldest,4.789272030651341e-05
neruij,4.789272030651341e-05
serpent,4.789272030651341e-05
laught,4.789272030651341e-05
infus,4.789272030651341e-05
want,4.789272030651341e-05
indifferent,4.789272030651341e-05
scolding,4.789272030651341e-05
song,4.789272030651341e-05
stomacke,4.789272030651341e-05
deerely,4.789272030651341e-05
winne,4.789272030651341e-05
scoena,4.789272030651341e-05
sate,4.789272030651341e-05
vndone,4.789272030651341e-05
misconstrued,4.789272030651341e-05
beauty,4.789272030651341e-05
dumbe,4.789272030651341e-05
water,4.789272030651341e-05
custome,4.789272030651341e-05
thewes,4.789272030651341e-05
replication,4.789272030651341e-05
smoake,4.789272030651341e-05
vngently,4.789272030651341e-05
greeu,4.789272030651341e-05
wind,4.789272030651341e-05
fam,4.789272030651341e-05
subiect,4.789272030651341e-05
sickly,4.789272030651341e-05
befall,4.789272030651341e-05
trickes,4.789272030651341e-05
wrought,4.789272030651341e-05
digest,4.789272030651341e-05
fir,4.789272030651341e-05
deceitfull,4.789272030651341e-05
glanced,4.789272030651341e-05
nobler,4.789272030651341e-05
hidden,4.789272030651341e-05
enemie,4.789272030651341e-05
swound,4.789272030651341e-05
bang,4.789272030651341e-05
promis,4.789272030651341e-05
coffer,4.789272030651341e-05
cogitation,4.789272030651341e-05
stinking,4.789272030651341e-05
feede,4.789272030651341e-05
sodainly,4.789272030651341e-05
rocke,4.789272030651341e-05
taught,4.789272030651341e-05
forgot,4.789272030651341e-05
bowle,4.789272030651341e-05
whit,4.789272030651341e-05
craues,4.789272030651341e-05
sighing,4.789272030651341e-05
safety,4.789272030651341e-05
remorse,4.789272030651341e-05
haires,4.789272030651341e-05
turning,4.789272030651341e-05
fixt,4.789272030651341e-05
howre,4.789272030651341e-05
ate,4.789272030651341e-05
weakenesse,4.789272030651341e-05
disturbed,4.789272030651341e-05
refresht,4.789272030651341e-05
wast,4.789272030651341e-05
hearing,4.789272030651341e-05
fantasy,4.789272030651341e-05
towres,4.789272030651341e-05
lawfull,4.789272030651341e-05
rated,4.789272030651341e-05
hearse,4.789272030651341e-05
engagement,4.789272030651341e-05
girle,4.789272030651341e-05
ranging,4.789272030651341e-05
troubled,4.789272030651341e-05
villager,4.789272030651341e-05
cauerne,4.789272030651341e-05
wasted,4.789272030651341e-05
spoiles,4.789272030651341e-05
exorcist,4.789272030651341e-05
stemming,4.789272030651341e-05
sennet,4.789272030651341e-05
iron,4.789272030651341e-05
leafe,4.789272030651341e-05
runnes,4.789272030651341e-05
campe,4.789272030651341e-05
raw,4.789272030651341e-05
seen,4.789272030651341e-05
seek,4.789272030651341e-05
praising,4.789272030651341e-05
preuaile,4.789272030651341e-05
eagerly,4.789272030651341e-05
streete,4.789272030651341e-05
hatch,4.789272030651341e-05
pretor,4.789272030651341e-05
disgest,4.789272030651341e-05
victorie,4.789272030651341e-05
drizel,4.789272030651341e-05
glow,4.789272030651341e-05
doo,4.789272030651341e-05
mixt,4.789272030651341e-05
breathed,4.789272030651341e-05
propos,4.789272030651341e-05
vnderlings,4.789272030651341e-05
beloued,4.789272030651341e-05
kerchiefe,4.789272030651341e-05
tempted,4.789272030651341e-05
apace,4.789272030651341e-05
sennit,4.789272030651341e-05
factious,4.789272030651341e-05
touched,4.789272030651341e-05
lodge,4.789272030651341e-05
voyd,4.789272030651341e-05
oct,4.789272030651341e-05
progresse,4.789272030651341e-05
perillous,4.789272030651341e-05
pocket,4.789272030651341e-05
cushion,4.789272030651341e-05
report,4.789272030651341e-05
maisters,4.789272030651341e-05
suffers,4.789272030651341e-05
bar,4.789272030651341e-05
northerne,4.789272030651341e-05
carkasse,4.789272030651341e-05
squadron,4.789272030651341e-05
blew,4.789272030651341e-05
pitteous,4.789272030651341e-05
mischeefes,4.789272030651341e-05
triumphes,4.789272030651341e-05
reuiuing,4.789272030651341e-05
offall,4.789272030651341e-05
voyage,4.789272030651341e-05
spaine,4.789272030651341e-05
exhalation,4.789272030651341e-05
bestride,4.789272030651341e-05
scorn,4.789272030651341e-05
beggers,4.789272030651341e-05
yesternight,4.789272030651341e-05
richest,4.789272030651341e-05
rime,4.789272030651341e-05
bargaine,4.789272030651341e-05
statillius,4.789272030651341e-05
vnlesse,4.789272030651341e-05
defiance,4.789272030651341e-05
debt,4.789272030651341e-05
brau,4.789272030651341e-05
groane,4.789272030651341e-05
incense,4.789272030651341e-05
couetous,4.789272030651341e-05
strawes,4.789272030651341e-05
contribution,4.789272030651341e-05
regarded,4.789272030651341e-05
con,4.789272030651341e-05
mortified,4.789272030651341e-05
assur,4.789272030651341e-05
vexed,4.789272030651341e-05
reueller,4.789272030651341e-05
height,4.789272030651341e-05
lowly,4.789272030651341e-05
trust,4.789272030651341e-05
artimedorus,4.789272030651341e-05
petty,4.789272030651341e-05
basis,4.789272030651341e-05
moneths,4.789272030651341e-05
transformed,4.789272030651341e-05
linkes,4.789272030651341e-05
brasse,4.789272030651341e-05
threw,4.789272030651341e-05
doomesday,4.789272030651341e-05
whatsoeuer,4.789272030651341e-05
lift,4.789272030651341e-05
stolne,4.789272030651341e-05
gracious,4.789272030651341e-05
dash,4.789272030651341e-05
misgiuing,4.789272030651341e-05
signifies,4.789272030651341e-05
property,4.789272030651341e-05
reme,4.789272030651341e-05
deepe,4.789272030651341e-05
rent,4.789272030651341e-05
straite,4.789272030651341e-05
throwing,4.789272030651341e-05
perform,4.789272030651341e-05
receiu,4.789272030651341e-05
contaminate,4.789272030651341e-05
vngentle,4.789272030651341e-05
meerely,4.789272030651341e-05
suburb,4.789272030651341e-05
leuying,4.789272030651341e-05
kil,4.789272030651341e-05
insisted,4.789272030651341e-05
tune,4.789272030651341e-05
inclos,4.789272030651341e-05
shadowes,4.789272030651341e-05
drowsily,4.789272030651341e-05
wisedom,4.789272030651341e-05
ocean,4.789272030651341e-05
deafe,4.789272030651341e-05
sentence,4.789272030651341e-05
sleepy,4.789272030651341e-05
repose,4.789272030651341e-05
farther,4.789272030651341e-05
followed,4.789272030651341e-05
vaunting,4.789272030651341e-05
chides,4.789272030651341e-05
rumor,4.789272030651341e-05
hat,4.789272030651341e-05
couer,4.789272030651341e-05
suffering,4.789272030651341e-05
birth,4.789272030651341e-05
dreamt,4.789272030651341e-05
shadow,4.789272030651341e-05
feete,4.789272030651341e-05
retreat,4.789272030651341e-05
layest,4.789272030651341e-05
dignity,4.789272030651341e-05
appearing,4.789272030651341e-05
teach,4.789272030651341e-05
purchase,4.789272030651341e-05
officer,4.789272030651341e-05
security,4.789272030651341e-05
cowardice,4.789272030651341e-05
loines,4.789272030651341e-05
crowd,4.789272030651341e-05
tearmes,4.789272030651341e-05
shakespeare,4.789272030651341e-05
aeneas,4.789272030651341e-05
bolt,4.789272030651341e-05
keepes,4.789272030651341e-05
post,4.789272030651341e-05
sauing,4.789272030651341e-05
limitation,4.789272030651341e-05
euening,4.789272030651341e-05
posture,4.789272030651341e-05
showt,4.789272030651341e-05
gentler,4.789272030651341e-05
whilest,4.789272030651341e-05
dinner,4.789272030651341e-05
scedule,4.789272030651341e-05
liued,4.789272030651341e-05
commit,4.789272030651341e-05
meddle,4.789272030651341e-05
cappes,4.789272030651341e-05
float,4.789272030651341e-05
profession,4.789272030651341e-05
bath,4.789272030651341e-05
heyres,4.789272030651341e-05
scarffes,4.789272030651341e-05
twentie,4.789272030651341e-05
sixe,4.789272030651341e-05
constantly,4.789272030651341e-05
couert,4.789272030651341e-05
cautelous,4.789272030651341e-05
thorow,4.789272030651341e-05
lowest,4.789272030651341e-05
insurrection,4.789272030651341e-05
offering,4.789272030651341e-05
forc,4.789272030651341e-05
cryedst,4.789272030651341e-05
heap,4.789272030651341e-05
tradesman,4.789272030651341e-05
marrie,4.789272030651341e-05
absent,4.789272030651341e-05
counsel,4.789272030651341e-05
extremity,4.789272030651341e-05
afear,4.789272030651341e-05
vndeseruers,4.789272030651341e-05
twixt,4.789272030651341e-05
contriue,4.789272030651341e-05
mouthes,4.789272030651341e-05
ruines,4.789272030651341e-05
labio,4.789272030651341e-05
proud,4.789272030651341e-05
extenuated,4.789272030651341e-05
fury,4.789272030651341e-05
stronger,4.789272030651341e-05
prayer,4.789272030651341e-05
annoying,4.789272030651341e-05
darke,4.789272030651341e-05
check,4.789272030651341e-05
neerer,4.789272030651341e-05
squeale,4.789272030651341e-05
stake,4.789272030651341e-05
actor,4.789272030651341e-05
setting,4.789272030651341e-05
protester,4.789272030651341e-05
soundly,4.789272030651341e-05
vanished,4.789272030651341e-05
smell,4.789272030651341e-05
seruile,4.789272030651341e-05
diuided,4.789272030651341e-05
intend,4.789272030651341e-05
garland,4.789272030651341e-05
faction,4.789272030651341e-05
wounded,4.789272030651341e-05
proceeding,4.789272030651341e-05
alwayes,4.789272030651341e-05
meere,4.789272030651341e-05
exigent,4.789272030651341e-05
chidden,4.789272030651341e-05
fasten,4.789272030651341e-05
dust,4.789272030651341e-05
befriend,4.789272030651341e-05
busie,4.789272030651341e-05
rob,4.789272030651341e-05
consum,4.789272030651341e-05
phantasma,4.789272030651341e-05
childe,4.789272030651341e-05
shot,4.789272030651341e-05
skie,4.789272030651341e-05
quartered,4.789272030651341e-05
depend,4.789272030651341e-05
flash,4.789272030651341e-05
suffered,4.789272030651341e-05
prouidence,4.789272030651341e-05
shooke,4.789272030651341e-05
remaines,4.789272030651341e-05
vnscorch,4.789272030651341e-05
string,4.789272030651341e-05
behauiours,4.789272030651341e-05
choice,4.789272030651341e-05
mourn,4.789272030651341e-05
consorted,4.789272030651341e-05
banished,4.789272030651341e-05
presented,4.789272030651341e-05
aule,4.789272030651341e-05
warriours,4.789272030651341e-05
quick,4.789272030651341e-05
peepe,4.789272030651341e-05
dip,4.789272030651341e-05
dis,4.789272030651341e-05
byrth,4.789272030651341e-05
vnborne,4.789272030651341e-05
prediction,4.789272030651341e-05
sign,4.789272030651341e-05
sayd,4.789272030651341e-05
appeas,4.789272030651341e-05
current,4.789272030651341e-05
adde,4.789272030651341e-05
purgers,4.789272030651341e-05
stubborne,4.789272030651341e-05
reply,4.789272030651341e-05
supporting,4.789272030651341e-05
deriu,4.789272030651341e-05
funeral,4.789272030651341e-05
plucking,4.789272030651341e-05
addrest,4.789272030651341e-05
pause,4.789272030651341e-05
wait,4.789272030651341e-05
vtter,4.789272030651341e-05
impatiently,4.789272030651341e-05
speechlesse,4.789272030651341e-05
sawe,4.789272030651341e-05
sowre,4.789272030651341e-05
elbowes,4.789272030651341e-05
quartus,4.789272030651341e-05
angell,4.789272030651341e-05
suppe,4.789272030651341e-05
aye,4.789272030651341e-05
confounded,4.789272030651341e-05
mischeefe,4.789272030651341e-05
memory,4.789272030651341e-05
scope,4.789272030651341e-05
euills,4.789272030651341e-05
carue,4.789272030651341e-05
peazants,4.789272030651341e-05
wafter,4.789272030651341e-05
finis,4.789272030651341e-05
captiue,4.789272030651341e-05
roares,4.789272030651341e-05
orator,4.789272030651341e-05
storme,4.789272030651341e-05
julius,4.789272030651341e-05
car,4.789272030651341e-05
prepar,4.789272030651341e-05
apparant,4.789272030651341e-05
walles,4.789272030651341e-05
cal,4.789272030651341e-05
making,4.789272030651341e-05
besmeare,4.789272030651341e-05
purpos,4.789272030651341e-05
houres,4.789272030651341e-05
figure,4.789272030651341e-05
locke,4.789272030651341e-05
prethee,4.789272030651341e-05
serue,4.789272030651341e-05
vntrod,4.789272030651341e-05
stole,4.789272030651341e-05
arbor,4.789272030651341e-05
winter,4.789272030651341e-05
stricken,4.789272030651341e-05
begg,4.789272030651341e-05
rudenesse,4.789272030651341e-05
fearefulnesse,4.789272030651341e-05
pure,4.789272030651341e-05
elephant,4.789272030651341e-05
sacrifice,4.789272030651341e-05
tyred,4.789272030651341e-05
mocke,4.789272030651341e-05
produce,4.789272030651341e-05
kindnesse,4.789272030651341e-05
mak,4.789272030651341e-05
indifferently,4.789272030651341e-05
disconsolate,4.789272030651341e-05
tale,4.789272030651341e-05
crept,4.789272030651341e-05
lamented,4.789272030651341e-05
blockes,4.789272030651341e-05
hilles,4.789272030651341e-05
enlarge,4.789272030651341e-05
pitch,4.789272030651341e-05
yeare,4.789272030651341e-05
worship,4.789272030651341e-05
thank,4.789272030651341e-05
presence,4.789272030651341e-05
limbe,4.789272030651341e-05
affraid,4.789272030651341e-05
braines,4.789272030651341e-05
apron,4.789272030651341e-05
vanishest,4.789272030651341e-05
touching,4.789272030651341e-05
wont,4.789272030651341e-05
shouted,4.789272030651341e-05
vnderstood,4.789272030651341e-05
inkindled,4.789272030651341e-05
quarter,4.789272030651341e-05
acrosse,4.789272030651341e-05
begun,4.789272030651341e-05
et,4.789272030651341e-05
tried,4.789272030651341e-05
wofull,4.789272030651341e-05
space,4.789272030651341e-05
looking,4.789272030651341e-05
cancell,4.789272030651341e-05
intermit,4.789272030651341e-05
eagle,4.789272030651341e-05
bayed,4.789272030651341e-05
million,4.789272030651341e-05
vnfirme,4.789272030651341e-05
emulation,4.789272030651341e-05
physicall,4.789272030651341e-05
curtesie,4.789272030651341e-05
seest,4.789272030651341e-05
slaying,4.789272030651341e-05
vision,4.789272030651341e-05
kingdome,4.789272030651341e-05
neglect,4.789272030651341e-05
waited,4.789272030651341e-05
dwelling,4.789272030651341e-05
omitted,4.789272030651341e-05
smatch,4.789272030651341e-05
merrily,4.789272030651341e-05
beest,4.789272030651341e-05
carry,4.789272030651341e-05
formall,4.789272030651341e-05
returne,4.789272030651341e-05
rayes,4.789272030651341e-05
cooling,4.789272030651341e-05
sayer,4.789272030651341e-05
thaw,4.789272030651341e-05
lyable,4.789272030651341e-05
season,4.789272030651341e-05
signified,4.789272030651341e-05
seat,4.789272030651341e-05
wide,4.789272030651341e-05
sparke,4.789272030651341e-05
vntill,4.789272030651341e-05
venture,4.789272030651341e-05
encreaseth,4.789272030651341e-05
damned,4.789272030651341e-05
angel,4.789272030651341e-05
heares,4.789272030651341e-05
fauors,4.789272030651341e-05
lowd,4.789272030651341e-05
anger,4.789272030651341e-05
answering,4.789272030651341e-05
performance,4.789272030651341e-05
flattered,4.789272030651341e-05
prick,4.789272030651341e-05
theatre,4.789272030651341e-05
arguing,4.789272030651341e-05
buffet,4.789272030651341e-05
strucken,4.789272030651341e-05
billow,4.789272030651341e-05
toucht,4.789272030651341e-05
napkin,4.789272030651341e-05
hungry,4.789272030651341e-05
threatning,4.789272030651341e-05
trembled,4.789272030651341e-05
shop,4.789272030651341e-05
ouerthrowne,4.789272030651341e-05
monwealth,4.789272030651341e-05
heires,4.789272030651341e-05
trod,4.789272030651341e-05
bright,4.789272030651341e-05
captiuitie,4.789272030651341e-05
maine,4.789272030651341e-05
chide,4.789272030651341e-05
nice,4.789272030651341e-05
neats,4.789272030651341e-05
treasure,4.789272030651341e-05
shoulder,4.789272030651341e-05
partake,4.789272030651341e-05
faile,4.789272030651341e-05
robe,4.789272030651341e-05
staines,4.789272030651341e-05
vnkindely,4.789272030651341e-05
lighted,4.789272030651341e-05
dishonourable,4.789272030651341e-05
expectation,4.789272030651341e-05
loath,4.789272030651341e-05
whizzing,4.789272030651341e-05
conceyu,4.789272030651341e-05
hedge,4.789272030651341e-05
baite,4.789272030651341e-05
reading,4.789272030651341e-05
prima,4.789272030651341e-05
mischieuous,4.789272030651341e-05
workman,4.789272030651341e-05
colossus,4.789272030651341e-05
naked,4.789272030651341e-05
ruddy,4.789272030651341e-05
liable,4.789272030651341e-05
husband,4.789272030651341e-05
burst,4.789272030651341e-05
abler,4.789272030651341e-05
seal,4.789272030651341e-05
salutation,4.789272030651341e-05
sawcie,4.789272030651341e-05
reputed,4.789272030651341e-05
moone,4.789272030651341e-05
nimblenesse,4.789272030651341e-05
voluntary,4.789272030651341e-05
crooked,4.789272030651341e-05
complexion,4.789272030651341e-05
deckt,4.789272030651341e-05
dreamer,4.789272030651341e-05
presage,4.789272030651341e-05
notice,4.789272030651341e-05
stroken,4.789272030651341e-05
apparition,4.789272030651341e-05
tut,4.789272030651341e-05
pluck,4.789272030651341e-05
killing,4.789272030651341e-05
spare,4.789272030651341e-05
hugge,4.789272030651341e-05
primus,4.789272030651341e-05
euerie,4.789272030651341e-05
comet,4.789272030651341e-05
afterwards,4.789272030651341e-05
satisfaction,4.789272030651341e-05
ordered,4.789272030651341e-05
writing,4.789272030651341e-05
sensible,4.789272030651341e-05
stretch,4.789272030651341e-05
breath,4.789272030651341e-05
marr,4.789272030651341e-05
formed,4.789272030651341e-05
mechanicall,4.789272030651341e-05
clymate,4.789272030651341e-05
wake,4.789272030651341e-05
formes,4.789272030651341e-05
former,4.789272030651341e-05
robber,4.789272030651341e-05
sleeue,4.789272030651341e-05
case,4.789272030651341e-05
soare,4.789272030651341e-05
mount,4.789272030651341e-05
shrieke,4.789272030651341e-05
slippery,4.789272030651341e-05
region,4.789272030651341e-05
troy,4.789272030651341e-05
affrighted,4.789272030651341e-05
brauely,4.789272030651341e-05
embrace,4.789272030651341e-05
loosing,4.789272030651341e-05
trophees,4.789272030651341e-05
banquetting,4.789272030651341e-05
recouer,4.789272030651341e-05
bowl,4.789272030651341e-05
seuerally,4.789272030651341e-05
willes,4.789272030651341e-05
gorging,4.789272030651341e-05
yeelds,4.789272030651341e-05
cheere,4.789272030651341e-05
vowes,4.789272030651341e-05
foam,4.789272030651341e-05
companion,4.789272030651341e-05
arose,4.789272030651341e-05
nobly,4.789272030651341e-05
theater,4.789272030651341e-05
summes,4.789272030651341e-05
summer,4.789272030651341e-05
youthfull,4.789272030651341e-05
money,4.789272030651341e-05
ninth,4.789272030651341e-05
disperse,4.789272030651341e-05
heape,4.789272030651341e-05
blow,4.789272030651341e-05
rose,4.789272030651341e-05
except,4.789272030651341e-05
conioyntly,4.789272030651341e-05
surest,4.789272030651341e-05
whet,4.789272030651341e-05
dart,4.789272030651341e-05
earnest,4.789272030651341e-05
hatefull,4.789272030651341e-05
execution,4.789272030651341e-05
vniuersall,4.789272030651341e-05
acquainted,4.789272030651341e-05
particle,4.789272030651341e-05
greeting,4.789272030651341e-05
throwes,4.789272030651341e-05
downward,4.789272030651341e-05
clap,4.789272030651341e-05
grug,4.789272030651341e-05
worldly,4.789272030651341e-05
seruice,4.789272030651341e-05
hackt,4.789272030651341e-05
parthia,4.789272030651341e-05
receiued,4.789272030651341e-05
ascend,4.789272030651341e-05
hacke,4.789272030651341e-05
showted,4.789272030651341e-05
mood,4.789272030651341e-05
dogge,4.789272030651341e-05
sauage,4.789272030651341e-05
throat,4.789272030651341e-05
scandall,4.789272030651341e-05
assembly,4.789272030651341e-05
slaughter,4.789272030651341e-05
assemble,4.789272030651341e-05
contagion,4.789272030651341e-05
roar,4.789272030651341e-05
boldly,4.789272030651341e-05
neighbor,4.789272030651341e-05
lofty,4.789272030651341e-05
eyther,4.789272030651341e-05
enioy,4.789272030651341e-05
cursed,4.789272030651341e-05
determine,4.789272030651341e-05
legges,4.789272030651341e-05
obseruer,4.789272030651341e-05
mart,4.789272030651341e-05
hew,4.789272030651341e-05
disposed,4.789272030651341e-05
gliding,4.789272030651341e-05
mourne,4.789272030651341e-05
1599,4.789272030651341e-05
scorning,4.789272030651341e-05
mortall,4.789272030651341e-05
conqueror,4.789272030651341e-05
infirmitie,4.789272030651341e-05
agree,4.789272030651341e-05
choak,4.789272030651341e-05
arriue,4.789272030651341e-05
frighted,4.789272030651341e-05
fright,4.789272030651341e-05
grasped,4.789272030651341e-05
sheath,4.789272030651341e-05
yon,4.789272030651341e-05
hurtled,4.789272030651341e-05
euerlasting,4.789272030651341e-05
foole,4.789272030651341e-05
thither,4.789272030651341e-05
hibla,4.789272030651341e-05
twere,4.789272030651341e-05
thousand,4.789272030651341e-05
contriuer,4.789272030651341e-05
carpenter,4.789272030651341e-05
wrathfully,4.789272030651341e-05
sland,4.789272030651341e-05
infirmity,4.789272030651341e-05
grudge,4.789272030651341e-05
applause,4.789272030651341e-05
firebrand,4.789272030651341e-05
dyed,4.789272030651341e-05
louing,4.789272030651341e-05
bookes,4.789272030651341e-05
doubted,4.789272030651341e-05
resolution,4.789272030651341e-05
bequeathing,4.789272030651341e-05
lack,4.789272030651341e-05
neigh,4.789272030651341e-05
ragge,4.789272030651341e-05
rascall,4.789272030651341e-05
dish,4.789272030651341e-05
shreeking,4.789272030651341e-05
vessell,4.789272030651341e-05
foure,4.789272030651341e-05
tu,4.789272030651341e-05
auoyded,4.789272030651341e-05
crimson,4.789272030651341e-05
deare,4.789272030651341e-05
crest,4.789272030651341e-05
bastardie,4.789272030651341e-05
abridg,4.789272030651341e-05
returning,4.789272030651341e-05
far,4.789272030651341e-05
fierie,4.789272030651341e-05
fat,4.789272030651341e-05
rogue,4.789272030651341e-05
minded,4.789272030651341e-05
powres,4.789272030651341e-05
difference,4.789272030651341e-05
hye,4.789272030651341e-05
heauie,4.789272030651341e-05
list,4.789272030651341e-05
large,4.789272030651341e-05
vanquish,4.789272030651341e-05
spout,4.789272030651341e-05
husbanded,4.789272030651341e-05
honourably,4.789272030651341e-05
mayest,4.789272030651341e-05
tardie,4.789272030651341e-05
compasse,4.789272030651341e-05
chafing,4.789272030651341e-05
conscience,4.789272030651341e-05
defence,4.789272030651341e-05
sweetly,4.789272030651341e-05
stoop,4.789272030651341e-05
displeas,4.789272030651341e-05
repeale,4.789272030651341e-05
coronet,4.789272030651341e-05
vesture,4.789272030651341e-05
multitude,4.789272030651341e-05
ruffle,4.789272030651341e-05
toyles,4.789272030651341e-05
gastly,4.789272030651341e-05
pittifull,4.789272030651341e-05
palter,4.789272030651341e-05
horsses,4.789272030651341e-05
soyle,4.789272030651341e-05
answere,4.789272030651341e-05
buzzing,4.789272030651341e-05
fatter,4.789272030651341e-05
search,4.789272030651341e-05
indirection,4.789272030651341e-05
paid,4.789272030651341e-05
misery,4.789272030651341e-05
cognisance,4.789272030651341e-05
spleene,4.789272030651341e-05
cowardly,4.789272030651341e-05
followes,4.789272030651341e-05
establish,4.789272030651341e-05
attendant,4.789272030651341e-05
obscurely,4.789272030651341e-05
amaze,4.789272030651341e-05
faint,4.789272030651341e-05
reliques,4.789272030651341e-05
faine,4.789272030651341e-05
possible,4.789272030651341e-05
glaz,4.789272030651341e-05
wretched,4.789272030651341e-05
desir,4.789272030651341e-05
eternall,4.789272030651341e-05
guesse,4.789272030651341e-05
sens,4.789272030651341e-05
dew,4.789272030651341e-05
remain,4.789272030651341e-05
showting,4.789272030651341e-05
wherfore,4.789272030651341e-05
learn,4.789272030651341e-05
quintus,4.789272030651341e-05
history,4.789272030651341e-05
compare,4.789272030651341e-05
visage,4.789272030651341e-05
share,4.789272030651341e-05
lacke,4.789272030651341e-05
imitation,4.789272030651341e-05
scap,4.789272030651341e-05
domesticke,4.789272030651341e-05
alchymie,4.789272030651341e-05
imminent,4.789272030651341e-05
chopt,4.789272030651341e-05
chace,4.789272030651341e-05
vnicornes,4.789272030651341e-05
sacred,4.789272030651341e-05
stayes,4.789272030651341e-05
tyed,4.789272030651341e-05
rude,4.789272030651341e-05
mender,4.789272030651341e-05
interpose,4.789272030651341e-05
charme,4.789272030651341e-05
faculty,4.789272030651341e-05
refuse,4.789272030651341e-05
bosomes,4.789272030651341e-05
howted,4.789272030651341e-05
eate,4.789272030651341e-05
began,4.789272030651341e-05
excepted,4.789272030651341e-05
melteth,4.789272030651341e-05
accidentall,4.789272030651341e-05
sister,4.789272030651341e-05
quarrell,4.789272030651341e-05
naughty,4.789272030651341e-05
tertius,4.789272030651341e-05
brim,4.789272030651341e-05
intrailes,4.789272030651341e-05
formost,4.789272030651341e-05
resort,4.789272030651341e-05
absence,4.789272030651341e-05
astonish,4.789272030651341e-05
clamor,4.789272030651341e-05
peeuish,4.789272030651341e-05
closset,4.789272030651341e-05
worthier,4.789272030651341e-05
hunter,4.789272030651341e-05
tharsus,4.789272030651341e-05
channell,4.789272030651341e-05
lightens,4.789272030651341e-05
slighted,4.789272030651341e-05
easily,4.789272030651341e-05
gentlenesse,4.789272030651341e-05
wash,4.789272030651341e-05
tear,4.789272030651341e-05
token,4.789272030651341e-05
blest,4.789272030651341e-05
louest,4.789272030651341e-05
friendship,4.789272030651341e-05
sober,4.789272030651341e-05
iigging,4.789272030651341e-05
expect,4.789272030651341e-05
surly,4.789272030651341e-05
bethinke,4.789272030651341e-05
beyond,4.789272030651341e-05
flower,4.789272030651341e-05
meditating,4.789272030651341e-05
blacke,4.789272030651341e-05
acting,4.789272030651341e-05
pul,4.789272030651341e-05
story,4.789272030651341e-05
quicke,4.789272030651341e-05
ask,4.789272030651341e-05
epicurus,4.789272030651341e-05
beginning,4.789272030651341e-05
falles,4.789272030651341e-05
instigation,4.789272030651341e-05
sicken,4.789272030651341e-05
reares,4.789272030651341e-05
apprehensiue,4.789272030651341e-05
consequence,4.789272030651341e-05
pawse,4.789272030651341e-05
feed,4.789272030651341e-05
dine,4.789272030651341e-05
vnmeritable,4.789272030651341e-05
dint,4.789272030651341e-05
wench,4.789272030651341e-05
corporall,4.789272030651341e-05
stage,4.789272030651341e-05
paine,4.789272030651341e-05
fuller,4.789272030651341e-05
twenty,4.789272030651341e-05
entreated,4.789272030651341e-05
mischiefe,4.789272030651341e-05
necessitie,4.789272030651341e-05
bowel,4.789272030651341e-05
immediate,4.789272030651341e-05
rawe,4.789272030651341e-05
prodigious,4.789272030651341e-05
flattery,4.789272030651341e-05
stirr,4.789272030651341e-05
lament,4.789272030651341e-05
grey,4.789272030651341e-05
batchellour,4.789272030651341e-05
spirited,4.789272030651341e-05
determined,4.789272030651341e-05
marriage,4.789272030651341e-05
dang,4.789272030651341e-05
kindle,4.789272030651341e-05
stale,4.789272030651341e-05
weapon,4.789272030651341e-05
tride,4.789272030651341e-05
strengthen,4.789272030651341e-05
oakes,4.789272030651341e-05
choaked,4.789272030651341e-05
dismember,4.789272030651341e-05
also,4.789272030651341e-05
lip,4.789272030651341e-05
silent,4.789272030651341e-05
inroll,4.789272030651341e-05
siluer,4.789272030651341e-05
couchings,4.789272030651341e-05
eruption,4.789272030651341e-05
accoutred,4.789272030651341e-05
coniur,4.789272030651341e-05
adder,4.789272030651341e-05
egge,4.789272030651341e-05
amaz,4.789272030651341e-05
barres,4.789272030651341e-05
bloodie,4.789272030651341e-05
noone,4.789272030651341e-05
sometimes,4.789272030651341e-05
soundlesse,4.789272030651341e-05
knottie,4.789272030651341e-05
modestly,4.789272030651341e-05
lordship,4.789272030651341e-05
weigh,4.789272030651341e-05
prouender,4.789272030651341e-05
lying,4.789272030651341e-05
bending,4.789272030651341e-05
fond,4.789272030651341e-05
rebell,4.789272030651341e-05
fine,4.789272030651341e-05
occupation,4.789272030651341e-05
wolfe,4.789272030651341e-05
discouered,4.789272030651341e-05
betray,4.789272030651341e-05
feele,4.789272030651341e-05
fatall,4.789272030651341e-05
ferret,4.789272030651341e-05
courage,4.789272030651341e-05
chimney,4.789272030651341e-05
lionnesse,4.789272030651341e-05
sacrificer,4.789272030651341e-05
praetor,4.789272030651341e-05
doublet,4.789272030651341e-05
tree,4.789272030651341e-05
sex,4.789272030651341e-05
youth,4.789272030651341e-05
meeke,4.789272030651341e-05
horrid,4.789272030651341e-05
burnes,4.789272030651341e-05
smallest,4.789272030651341e-05
learne,4.789272030651341e-05
falser,4.789272030651341e-05
corruption,4.789272030651341e-05
rankes,4.789272030651341e-05
sheepe,4.789272030651341e-05
wreath,4.789272030651341e-05
apparrell,4.789272030651341e-05
griefes,4.789272030651341e-05
stinglesse,4.789272030651341e-05
headed,4.789272030651341e-05
simple,4.789272030651341e-05
acted,4.789272030651341e-05
hollow,4.789272030651341e-05
wayes,4.789272030651341e-05
modestie,4.789272030651341e-05
clowds,4.789272030651341e-05
bench,4.789272030651341e-05
decline,4.789272030651341e-05
dum,4.789272030651341e-05
controuersie,4.789272030651341e-05
whom,4.789272030651341e-05
dropping,4.789272030651341e-05
coarse,4.789272030651341e-05
threaten,4.789272030651341e-05
empty,4.789272030651341e-05
swimme,4.789272030651341e-05
resting,4.789272030651341e-05
wheeles,4.789272030651341e-05
bidding,4.789272030651341e-05
drawne,4.789272030651341e-05
wood,4.789272030651341e-05
liefe,4.789272030651341e-05
conception,4.789272030651341e-05
kissing,4.789272030651341e-05
guide,4.789272030651341e-05
swim,4.789272030651341e-05
costly,4.789272030651341e-05
hoping,4.789272030651341e-05
vol,4.789272030651341e-05
guilty,4.789272030651341e-05
vow,4.789272030651341e-05
calender,4.789272030651341e-05
vanish,4.789272030651341e-05
dishonor,4.789272030651341e-05
discourse,4.789272030651341e-05
aueng,4.789272030651341e-05
tower,4.789272030651341e-05
swoonded,4.789272030651341e-05
incertaine,4.789272030651341e-05
censure,4.789272030651341e-05
breathlesse,4.789272030651341e-05
necessity,4.789272030651341e-05
confines,4.789272030651341e-05
basest,4.789272030651341e-05
older,4.789272030651341e-05
person,4.789272030651341e-05
melting,4.789272030651341e-05
veyl,4.789272030651341e-05
presume,4.789272030651341e-05
erebus,4.789272030651341e-05
repealing,4.789272030651341e-05
thorough,4.789272030651341e-05
shrewdly,4.789272030651341e-05
talk,4.789272030651341e-05
sawce,4.789272030651341e-05
praying,4.789272030651341e-05
forrest,4.789272030651341e-05
cup,4.789272030651341e-05
hated,4.789272030651341e-05
signall,4.789272030651341e-05
danke,4.789272030651341e-05
shouting,4.789272030651341e-05
labour,4.789272030651341e-05
moe,4.789272030651341e-05
findes,4.789272030651341e-05
wil,4.789272030651341e-05
alreadie,4.789272030651341e-05
game,4.789272030651341e-05
rabblement,4.789272030651341e-05
prophesie,4.789272030651341e-05
guiltinesse,4.789272030651341e-05
withal,4.789272030651341e-05
sardians,4.789272030651341e-05
foolish,4.789272030651341e-05
back,4.789272030651341e-05
litter,4.789272030651341e-05
mirror,4.789272030651341e-05
meales,4.789272030651341e-05
spouting,4.789272030651341e-05
prou,4.789272030651341e-05
thirtie,4.789272030651341e-05
desiring,4.789272030651341e-05
forgets,4.789272030651341e-05
captiues,4.789272030651341e-05
eating,4.789272030651341e-05
fed,4.789272030651341e-05
br,4.789272030651341e-05
lottery,4.789272030651341e-05
aswell,4.789272030651341e-05
shine,4.789272030651341e-05
yawn,4.789272030651341e-05
bleede,4.789272030651341e-05
mace,4.789272030651341e-05
range,4.789272030651341e-05
greets,4.789272030651341e-05
ransomes,4.789272030651341e-05
sleeke,4.789272030651341e-05
foule,4.789272030651341e-05
recreate,4.789272030651341e-05
fiue,4.789272030651341e-05
watchfull,4.789272030651341e-05
curtsy,4.789272030651341e-05
maiesticke,4.789272030651341e-05
repayre,4.789272030651341e-05
greeuous,4.789272030651341e-05
darknesse,4.789272030651341e-05
prey,4.789272030651341e-05
fifteene,4.789272030651341e-05
belike,4.789272030651341e-05
sighted,4.789272030651341e-05
searching,4.789272030651341e-05
mountaine,4.789272030651341e-05
tapor,4.789272030651341e-05
line,4.789272030651341e-05
dull,4.789272030651341e-05
ioynes,4.789272030651341e-05
testie,4.789272030651341e-05
necke,4.789272030651341e-05
expedition,4.789272030651341e-05
single,4.789272030651341e-05
mightier,4.789272030651341e-05
professe,4.789272030651341e-05
whelped,4.789272030651341e-05
tarquin,4.789272030651341e-05
concaue,4.789272030651341e-05
grauity,4.789272030651341e-05
shallowes,4.789272030651341e-05
mock,4.789272030651341e-05
ivlivs,4.789272030651341e-05
incompast,4.789272030651341e-05
wisht,4.789272030651341e-05
william,4.789272030651341e-05
inflame,4.789272030651341e-05
vexeth,4.789272030651341e-05
lane,4.789272030651341e-05
land,4.789272030651341e-05
impatient,4.789272030651341e-05
menace,4.789272030651341e-05
sounded,4.789272030651341e-05
rubbish,4.789272030651341e-05
seemes,4.789272030651341e-05
scratch,4.789272030651341e-05
wrangle,4.789272030651341e-05
dogges,4.789272030651341e-05
strew,4.789272030651341e-05
coniure,4.789272030651341e-05
pearch,4.789272030651341e-05
compact,4.789272030651341e-05
tincture,4.789272030651341e-05
seldome,4.789272030651341e-05
gustie,4.789272030651341e-05
young,4.789272030651341e-05
blaze,4.789272030651341e-05
moou,4.789272030651341e-05
pleasing,4.789272030651341e-05
sent,4.789272030651341e-05
annoy,4.789272030651341e-05
disclos,4.789272030651341e-05
ague,4.789272030651341e-05
driuen,4.789272030651341e-05
slaue,4.789272030651341e-05
putting,4.789272030651341e-05
stomackes,4.789272030651341e-05
driues,4.789272030651341e-05
surgeon,4.789272030651341e-05
harlot,4.789272030651341e-05
entire,4.789272030651341e-05
deale,4.789272030651341e-05
shrunke,4.789272030651341e-05
crowes,4.789272030651341e-05
swallow,4.789272030651341e-05
betwixt,4.789272030651341e-05
noted,4.789272030651341e-05
concluded,4.789272030651341e-05
pledge,4.789272030651341e-05
malice,4.789272030651341e-05
fold,4.789272030651341e-05
enclosed,4.789272030651341e-05
subtle,4.789272030651341e-05
notwithstanding,4.789272030651341e-05
appertaine,4.789272030651341e-05
insuppressiue,4.789272030651341e-05
firme,4.789272030651341e-05
henceforth,4.789272030651341e-05
oration,4.789272030651341e-05
forgaue,4.789272030651341e-05
hisse,4.789272030651341e-05
melancholy,4.789272030651341e-05
chose,4.789272030651341e-05
degree,4.789272030651341e-05
spake,4.789272030651341e-05
conceited,4.789272030651341e-05
senslesse,4.789272030651341e-05
sinewes,4.789272030651341e-05
conceit,4.789272030651341e-05
defeat,4.789272030651341e-05
vnluckily,4.789272030651341e-05
climb,4.789272030651341e-05
growes,4.789272030651341e-05
ouerthrow,4.789272030651341e-05
attyre,4.789272030651341e-05
counsell,4.789272030651341e-05
wit,4.789272030651341e-05
warie,4.789272030651341e-05
apply,4.789272030651341e-05
ape,4.789272030651341e-05
standing,4.789272030651341e-05
confidence,4.789272030651341e-05
cheeke,4.789272030651341e-05
charractery,4.789272030651341e-05
remaine,4.789272030651341e-05
flauio,4.789272030651341e-05
becomes,4.789272030651341e-05
train,4.789272030651341e-05
ashamed,4.789272030651341e-05
disrobe,4.789272030651341e-05
entrailes,4.789272030651341e-05
hauocke,4.789272030651341e-05
farwell,4.789272030651341e-05
perceiu,4.789272030651341e-05
oh,4.789272030651341e-05
wearie,4.789272030651341e-05
tag,4.789272030651341e-05
praise,4.789272030651341e-05
fulfill,4.789272030651341e-05
dropt,4.789272030651341e-05
coffin,4.789272030651341e-05
yoaked,4.789272030651341e-05
thirsty,4.789272030651341e-05
villain,4.789272030651341e-05
niggard,4.789272030651341e-05
pulling,4.789272030651341e-05
slip,4.789272030651341e-05
sought,4.789272030651341e-05
vnaccustom,4.789272030651341e-05
meditates,4.789272030651341e-05
delay,4.789272030651341e-05
courtesie,4.789272030651341e-05
bootlesse,4.789272030651341e-05
vntouch,4.789272030651341e-05
rauens,4.789272030651341e-05
stop,4.789272030651341e-05
discomfort,4.789272030651341e-05
maske,4.789272030651341e-05
fray,4.789272030651341e-05
disprooue,4.789272030651341e-05
spaniell,4.789272030651341e-05
counter,4.789272030651341e-05
sayst,4.789272030651341e-05
allow,4.789272030651341e-05
tenure,4.789272030651341e-05
perswasion,4.789272030651341e-05
earely,4.789272030651341e-05
breast,4.789272030651341e-05
warres,4.789272030651341e-05
thigh,4.789272030651341e-05
inforced,4.789272030651341e-05
top,4.789272030651341e-05
interpreted,4.789272030651341e-05
decay,4.789272030651341e-05
shold,4.789272030651341e-05
brook,4.789272030651341e-05
whereof,4.789272030651341e-05
greeue,4.789272030651341e-05
ruby,4.789272030651341e-05
sirrah,4.789272030651341e-05
holiday,4.789272030651341e-05
ly,4.789272030651341e-05
dam,4.789272030651341e-05
commended,4.789272030651341e-05
mention,4.789272030651341e-05
dar,4.789272030651341e-05
ingag,4.789272030651341e-05
handy,4.789272030651341e-05
heraulds,4.789272030651341e-05
cimber,4.789272030651341e-05
vpper,4.789272030651341e-05
shaking,4.789272030651341e-05
leysure,4.789272030651341e-05
supper,4.789272030651341e-05
receiuest,4.789272030651341e-05
illuminate,4.789272030651341e-05
doing,4.789272030651341e-05
dismisse,4.789272030651341e-05
measure,4.789272030651341e-05
tarrying,4.789272030651341e-05
wander,4.789272030651341e-05
venom,4.789272030651341e-05
impart,4.789272030651341e-05
tributary,4.789272030651341e-05
disclose,4.789272030651341e-05
tyrannie,4.789272030651341e-05
graze,4.789272030651341e-05
shrew,4.789272030651341e-05
enfranchisement,4.789272030651341e-05
enforc,4.789272030651341e-05
vnpurged,4.789272030651341e-05
south,4.789272030651341e-05
lethee,4.789272030651341e-05
scene,4.789272030651341e-05
brute,4.789272030651341e-05
flearing,4.789272030651341e-05
submitting,4.789272030651341e-05
drinkes,4.789272030651341e-05
diuision,4.789272030651341e-05
horseman,4.789272030651341e-05
womanish,4.789272030651341e-05
vulgar,4.789272030651341e-05
accent,4.789272030651341e-05
teethes,4.789272030651341e-05
feares,4.789272030651341e-05
battlement,4.789272030651341e-05
pella,4.789272030651341e-05
beard,4.789272030651341e-05
shell,4.789272030651341e-05
foame,4.789272030651341e-05
wonderfull,4.789272030651341e-05
cyn,4.789272030651341e-05
roate,4.789272030651341e-05
steed,4.789272030651341e-05
engendred,4.789272030651341e-05
richer,4.789272030651341e-05
ber,4.789272030651341e-05
torrent,4.789272030651341e-05
behinde,4.789272030651341e-05
enforced,4.789272030651341e-05
labouring,4.789272030651341e-05
bigge,4.789272030651341e-05
diuers,4.789272030651341e-05
gently,4.789272030651341e-05
villaine,4.789272030651341e-05
bastard,4.789272030651341e-05
bouge,4.789272030651341e-05
rout,4.789272030651341e-05
mid,4.789272030651341e-05
outward,4.789272030651341e-05
instance,4.789272030651341e-05
vnkindest,4.789272030651341e-05
heede,4.789272030651341e-05
combin,4.789272030651341e-05
reeke,4.789272030651341e-05
worthles,4.789272030651341e-05
vnnumbred,4.789272030651341e-05
courtesy,4.789272030651341e-05
cloakes,4.789272030651341e-05
iades,4.789272030651341e-05
purpled,4.789272030651341e-05
request,4.789272030651341e-05
pipe,4.789272030651341e-05
furnish,4.789272030651341e-05
plague,4.789272030651341e-05
choller,4.789272030651341e-05
kite,4.789272030651341e-05
mistook,4.789272030651341e-05
vnassayleable,4.789272030651341e-05
puisant,4.789272030651341e-05
naturall,4.789272030651341e-05
faithfull,4.789272030651341e-05
ear,4.789272030651341e-05
attaines,4.789272030651341e-05
earnes,4.789272030651341e-05
planted,4.789272030651341e-05
sweatie,4.789272030651341e-05
wiues,4.789272030651341e-05
stampt,4.789272030651341e-05
murrellus,4.789272030651341e-05
cride,4.789272030651341e-05
beat,4.789272030651341e-05
repaire,4.789272030651341e-05
oathes,4.789272030651341e-05
preuayl,4.789272030651341e-05
bead,4.789272030651341e-05
wring,4.789272030651341e-05
ascended,4.789272030651341e-05
gray,4.789272030651341e-05
view,4.789272030651341e-05
farthest,4.789272030651341e-05
vtmost,4.789272030651341e-05
legacy,4.789272030651341e-05
portent,4.789272030651341e-05
dungeon,4.789272030651341e-05
omnes,4.789272030651341e-05
closet,4.789272030651341e-05
genius,4.789272030651341e-05
neither,4.789272030651341e-05
weighing,4.789272030651341e-05
opening,4.789272030651341e-05
auoyd,4.789272030651341e-05
taking,4.789272030651341e-05
healthfull,4.789272030651341e-05
canopy,4.789272030651341e-05
safely,4.789272030651341e-05
staine,4.789272030651341e-05
otherwise,4.789272030651341e-05
comment,4.789272030651341e-05
co,4.789272030651341e-05
wall,4.789272030651341e-05
infranchisement,4.789272030651341e-05
arriu,4.789272030651341e-05
inuenomed,4.789272030651341e-05
yeelded,4.789272030651341e-05
vnshak,4.789272030651341e-05
chollericke,4.789272030651341e-05
moued,4.789272030651341e-05
addition,4.789272030651341e-05
gaze,4.789272030651341e-05
enterred,4.789272030651341e-05
feather,4.789272030651341e-05
waste,4.789272030651341e-05
arises,4.789272030651341e-05
league,4.789272030651341e-05
painted,4.789272030651341e-05
expounded,4.789272030651341e-05
ingrafted,4.789272030651341e-05
howting,4.789272030651341e-05
value,4.789272030651341e-05
giuing,4.789272030651341e-05
secundus,4.789272030651341e-05
instantly,4.789272030651341e-05
obseru,4.789272030651341e-05
readie,4.789272030651341e-05
ripe,4.789272030651341e-05
dimme,4.789272030651341e-05
lambe,4.789272030651341e-05
improue,4.789272030651341e-05
reuels,4.789272030651341e-05
carelesly,4.789272030651341e-05
clapp,4.789272030651341e-05
waspish,4.789272030651341e-05
doubtfull,4.789272030651341e-05
kingly,4.789272030651341e-05
party,4.789272030651341e-05
firmament,4.789272030651341e-05
wrath,4.789272030651341e-05
stonie,4.789272030651341e-05
vpmost,4.789272030651341e-05
vttered,4.789272030651341e-05
proues,4.789272030651341e-05
drawing,4.789272030651341e-05
latest,4.789272030651341e-05
lest,4.789272030651341e-05
seate,4.789272030651341e-05
arming,4.789272030651341e-05
cried,4.789272030651341e-05
flesh,4.789272030651341e-05
losse,4.789272030651341e-05
interim,4.789272030651341e-05
wauing,4.789272030651341e-05
cloake,4.789272030651341e-05
parchment,4.789272030651341e-05
satisfie,4.789272030651341e-05
sky,4.789272030651341e-05
cynicke,4.789272030651341e-05
wer,4.789272030651341e-05
anchyses,4.789272030651341e-05
feauer,4.789272030651341e-05
sterner,4.789272030651341e-05
cobble,4.789272030651341e-05
sits,4.789272030651341e-05
knot,4.789272030651341e-05
loss,4.789272030651341e-05
starre,4.789272030651341e-05
heed,4.789272030651341e-05
lose,4.789272030651341e-05
chaire,4.789272030651341e-05
stuffe,4.789272030651341e-05
murd,4.789272030651341e-05
demeanor,4.789272030651341e-05
masker,4.789272030651341e-05
doer,4.789272030651341e-05
waxe,4.789272030651341e-05
leades,4.789272030651341e-05
hinder,4.789272030651341e-05
hindes,4.789272030651341e-05
encourag,4.789272030651341e-05
noise,4.789272030651341e-05
obey,4.789272030651341e-05
wholsome,4.789272030651341e-05
motiues,4.789272030651341e-05
cumber,4.789272030651341e-05
hurle,4.789272030651341e-05
shriller,4.789272030651341e-05
parley,4.789272030651341e-05
vnkindnesse,4.789272030651341e-05
discard,4.789272030651341e-05
cleane,4.789272030651341e-05
alliance,4.789272030651341e-05
rhewmy,4.789272030651341e-05
owe,4.789272030651341e-05
guard,4.789272030651341e-05
monarkes,4.789272030651341e-05
gamesom,4.789272030651341e-05
fawning,4.789272030651341e-05
smil,4.789272030651341e-05
appoint,4.789272030651341e-05
buy,4.789272030651341e-05
north,4.789272030651341e-05
hastie,4.789272030651341e-05
fountaine,4.789272030651341e-05
count,4.789272030651341e-05
distract,4.789272030651341e-05
belou,4.789272030651341e-05
below,4.789272030651341e-05
catching,4.789272030651341e-05
retentiue,4.789272030651341e-05
piece,4.789272030651341e-05
rightly,4.789272030651341e-05
proceede,4.789272030651341e-05
pit,4.789272030651341e-05
redder,4.789272030651341e-05
dreampt,4.789272030651341e-05
triall,4.789272030651341e-05
repute,4.789272030651341e-05
disposing,4.789272030651341e-05
semblance,4.789272030651341e-05
star,4.789272030651341e-05
insupportable,4.789272030651341e-05
treason,4.789272030651341e-05
brauery,4.789272030651341e-05
dewes,4.789272030651341e-05
stal,4.789272030651341e-05
gouerne,4.789272030651341e-05
entreat,4.789272030651341e-05
augmented,4.789272030651341e-05
