the,0.03538185183169125
and,0.029720755538620653
to,0.02090250938979914
i,0.018942899134505472
of,0.01839856295247945
a,0.017963094006858638
that,0.01295520113221926
d,0.012193130477382831
you,0.011213325349735997
my,0.01105002449512819
in,0.010941157258722987
is,0.010233520222089162
not,0.010070219367481356
it,0.008763812530618911
with,0.008328343584998095
his,0.007947308257579881
be,0.007457405693756464
macb,0.007457405693756464
s,0.007130803984540852
your,0.006858635893527843
our,0.006695335038920037
haue,0.006640901420717435
but,0.006532034184312231
what,0.006423166947907027
me,0.006368733329704426
for,0.0060965652386914156
he,0.0060965652386914156
this,0.005661096293070601
all,0.005606662674867998
so,0.005225627347449785
thou,0.004899025638234173
him,0.004899025638234173
we,0.00451799031081596
enter,0.004409123074410756
which,0.004354689456208154
are,0.003973654128789941
will,0.003919220510587339
they,0.0038103532741821347
shall,0.0037014860377769312
no,0.0036470524195743293
come,0.0036470524195743293
macbeth,0.0035926188013717273
king,0.0035926188013717273
then,0.0034293179467639215
on,0.0034293179467639215
their,0.0033748843285613195
vpon,0.0033748843285613195
thee,0.0033204507103587176
do,0.0033204507103587176
macd,0.0031571498557509117
th,0.0031027162375483097
v,0.0031027162375483097
from,0.0031027162375483097
yet,0.0031027162375483097
thy,0.0030482826193457078
would,0.002884981764737902
there,0.002884981764737902
now,0.002884981764737902
hath,0.0028305481465353004
at,0.0028305481465353004
more,0.0027761145283326984
time,0.0027216809101300965
who,0.0027216809101300965
rosse,0.0026672472919274945
good,0.0026672472919274945
by,0.0026672472919274945
wa,0.0026672472919274945
them,0.0026128136737248926
t,0.0026128136737248926
lady,0.0026128136737248926
lord,0.0025039464373196887
doe,0.0025039464373196887
can,0.0025039464373196887
if,0.0024495128191170867
make,0.0024495128191170867
night,0.002340645582711883
her,0.002340645582711883
like,0.002340645582711883
did,0.002286211964509281
should,0.002286211964509281
st,0.002286211964509281
let,0.002286211964509281
say,0.002231778346306679
when,0.002177344728104077
were,0.002122911109901475
where,0.002122911109901475
banquo,0.002122911109901475
o,0.002068477491698873
man,0.002068477491698873
or,0.0020140438734962715
ti,0.0020140438734962715
must,0.0019596102552936695
1,0.0019596102552936695
selfe,0.0019051766370910674
ile,0.0019051766370910674
hand,0.0019051766370910674
may,0.0019051766370910674
one,0.0019051766370910674
done,0.0019051766370910674
feare,0.0019051766370910674
know,0.0019051766370910674
how,0.0018507430188884656
had,0.0018507430188884656
wife,0.0018507430188884656
well,0.0017963094006858637
too,0.0017418757824832617
why,0.0017418757824832617
thing,0.0016874421642806598
thane,0.0016874421642806598
see,0.0016874421642806598
great,0.0016874421642806598
exeunt,0.0016330085460780578
am,0.0016330085460780578
speake,0.0015785749278754558
sir,0.0015785749278754558
lenox,0.0015241413096728539
an,0.0015241413096728539
out,0.001469707691470252
mine,0.0014152740732676502
vp,0.0014152740732676502
nature,0.0014152740732676502
heere,0.0014152740732676502
thought,0.0013608404550650482
mal,0.0013608404550650482
banq,0.0013064068368624463
such,0.0013064068368624463
nor,0.0013064068368624463
those,0.0013064068368624463
blood,0.0013064068368624463
looke,0.0013064068368624463
giue,0.0013064068368624463
sleepe,0.0012519732186598443
these,0.0012519732186598443
take,0.0012519732186598443
eye,0.0012519732186598443
most,0.0012519732186598443
2,0.0011975396004572424
scena,0.0011975396004572424
here,0.0011431059822546404
before,0.0011431059822546404
life,0.0011431059822546404
heart,0.0011431059822546404
death,0.0011431059822546404
la,0.0011431059822546404
cawdor,0.0011431059822546404
againe,0.0011431059822546404
till,0.0010886723640520385
3,0.0010886723640520385
doct,0.0010886723640520385
ha,0.0010886723640520385
men,0.0010342387458494365
call,0.0010342387458494365
loue,0.0010342387458494365
still,0.0010342387458494365
art,0.0010342387458494365
go,0.0010342387458494365
day,0.0010342387458494365
father,0.0009798051276468348
heare,0.0009798051276468348
woman,0.0009798051276468348
both,0.0009798051276468348
macduffe,0.0009798051276468348
shew,0.0009798051276468348
god,0.0009253715094442328
way,0.0009253715094442328
owne,0.0009253715094442328
put,0.0009253715094442328
some,0.0009253715094442328
though,0.0009253715094442328
within,0.0009253715094442328
sey,0.0009253715094442328
she,0.0009253715094442328
euery,0.0008709378912416309
word,0.0008709378912416309
dare,0.0008709378912416309
stand,0.0008709378912416309
deed,0.0008709378912416309
poore,0.0008709378912416309
nothing,0.0008709378912416309
cry,0.0008709378912416309
knock,0.0008709378912416309
honor,0.0008709378912416309
could,0.0008709378912416309
face,0.0008709378912416309
son,0.0008709378912416309
strange,0.0008709378912416309
worthy,0.0008709378912416309
ere,0.0008165042730390289
downe,0.0008165042730390289
borne,0.0008165042730390289
goe,0.0008165042730390289
ayre,0.0008165042730390289
bloody,0.0008165042730390289
name,0.0008165042730390289
friend,0.0008165042730390289
malc,0.0008165042730390289
lye,0.0008165042730390289
sword,0.0008165042730390289
tyrant,0.0008165042730390289
heauen,0.0008165042730390289
other,0.0008165042730390289
murther,0.0007620706548364269
whose,0.0007620706548364269
against,0.0007620706548364269
dead,0.0007620706548364269
noble,0.0007620706548364269
without,0.0007620706548364269
leaue,0.0007620706548364269
haile,0.0007620706548364269
grace,0.0007620706548364269
euer,0.0007620706548364269
wee,0.0007620706548364269
new,0.0007076370366338251
each,0.0007076370366338251
three,0.0007076370366338251
much,0.0007076370366338251
neuer,0.0007076370366338251
thinke,0.0007076370366338251
exit,0.0007076370366338251
hee,0.0007076370366338251
thus,0.0007076370366338251
none,0.0007076370366338251
pray,0.0007076370366338251
malcolme,0.0007076370366338251
duncan,0.0007076370366338251
sight,0.0007076370366338251
bed,0.0007076370366338251
about,0.0007076370366338251
made,0.0007076370366338251
hold,0.0006532034184312231
keepe,0.0006532034184312231
hang,0.0006532034184312231
place,0.0006532034184312231
first,0.0006532034184312231
scotland,0.0006532034184312231
onely,0.0006532034184312231
into,0.0006532034184312231
euen,0.0006532034184312231
beare,0.0006532034184312231
hope,0.0006532034184312231
away,0.0005987698002286212
liue,0.0005987698002286212
liues,0.0005987698002286212
fight,0.0005987698002286212
head,0.0005987698002286212
wood,0.0005987698002286212
whom,0.0005987698002286212
beene,0.0005987698002286212
very,0.0005987698002286212
welcome,0.0005987698002286212
full,0.0005987698002286212
while,0.0005987698002286212
hell,0.0005987698002286212
double,0.0005987698002286212
finde,0.0005987698002286212
else,0.0005987698002286212
seruant,0.0005987698002286212
morrow,0.0005987698002286212
two,0.0005987698002286212
once,0.0005987698002286212
gent,0.0005987698002286212
peace,0.0005987698002286212
tongue,0.0005987698002286212
hence,0.0005987698002286212
report,0.0005443361820260192
old,0.0005443361820260192
tell,0.0005443361820260192
seyward,0.0005443361820260192
mac,0.0005443361820260192
thine,0.0005443361820260192
being,0.0005443361820260192
l,0.0005443361820260192
dagger,0.0005443361820260192
houre,0.0005443361820260192
murth,0.0005443361820260192
house,0.0005443361820260192
alarum,0.0005443361820260192
truth,0.0005443361820260192
thunder,0.0005443361820260192
flye,0.0005443361820260192
lesse,0.0004899025638234174
trouble,0.0004899025638234174
witch,0.0004899025638234174
macduff,0.0004899025638234174
get,0.0004899025638234174
highnesse,0.0004899025638234174
many,0.0004899025638234174
fleans,0.0004899025638234174
rest,0.0004899025638234174
royall,0.0004899025638234174
further,0.0004899025638234174
horse,0.0004899025638234174
sister,0.0004899025638234174
set,0.0004899025638234174
vnder,0.0004899025638234174
last,0.0004899025638234174
light,0.0004899025638234174
false,0.0004899025638234174
businesse,0.0004899025638234174
bring,0.0004899025638234174
minde,0.0004899025638234174
off,0.0004899025638234174
better,0.00043546894562081543
ring,0.00043546894562081543
re,0.00043546894562081543
master,0.00043546894562081543
earth,0.00043546894562081543
country,0.00043546894562081543
knowne,0.00043546894562081543
child,0.00043546894562081543
desire,0.00043546894562081543
dayes,0.00043546894562081543
true,0.00043546894562081543
fell,0.00043546894562081543
drinke,0.00043546894562081543
heard,0.00043546894562081543
any,0.00043546894562081543
present,0.00043546894562081543
doctor,0.00043546894562081543
power,0.00043546894562081543
enough,0.00043546894562081543
gone,0.00043546894562081543
spirit,0.00043546894562081543
hast,0.00043546894562081543
sonne,0.00043546894562081543
rather,0.00043546894562081543
might,0.00043546894562081543
england,0.00043546894562081543
knocking,0.00043546894562081543
feares,0.00043546894562081543
bid,0.00043546894562081543
himselfe,0.00043546894562081543
best,0.00043546894562081543
dunsinane,0.00043546894562081543
shake,0.00043546894562081543
giuen,0.00043546894562081543
sorrow,0.00043546894562081543
almost,0.00043546894562081543
bell,0.00043546894562081543
rise,0.00038103532741821347
ban,0.00038103532741821347
mur,0.00038103532741821347
gentleman,0.00038103532741821347
gracious,0.00038103532741821347
breath,0.00038103532741821347
speech,0.00038103532741821347
seeme,0.00038103532741821347
world,0.00038103532741821347
fortune,0.00038103532741821347
chamber,0.00038103532741821347
throw,0.00038103532741821347
oh,0.00038103532741821347
castle,0.00038103532741821347
kill,0.00038103532741821347
anon,0.00038103532741821347
knowes,0.00038103532741821347
donalbaine,0.00038103532741821347
comming,0.00038103532741821347
meet,0.00038103532741821347
sit,0.00038103532741821347
cause,0.00038103532741821347
traitor,0.00038103532741821347
state,0.00038103532741821347
colour,0.00038103532741821347
command,0.00038103532741821347
fled,0.00038103532741821347
end,0.00032660170921561157
after,0.00032660170921561157
lay,0.00032660170921561157
forth,0.00032660170921561157
mother,0.00032660170921561157
shalt,0.00032660170921561157
dy,0.00032660170921561157
doth,0.00032660170921561157
gentle,0.00032660170921561157
deepe,0.00032660170921561157
left,0.00032660170921561157
round,0.00032660170921561157
neere,0.00032660170921561157
cold,0.00032660170921561157
little,0.00032660170921561157
title,0.00032660170921561157
seene,0.00032660170921561157
through,0.00032660170921561157
powre,0.00032660170921561157
late,0.00032660170921561157
themselues,0.00032660170921561157
whence,0.00032660170921561157
horror,0.00032660170921561157
fall,0.00032660170921561157
angus,0.00032660170921561157
helpe,0.00032660170921561157
soldier,0.00032660170921561157
pleasure,0.00032660170921561157
faire,0.00032660170921561157
another,0.00032660170921561157
since,0.00032660170921561157
issue,0.00032660170921561157
reason,0.00032660170921561157
attendant,0.00032660170921561157
please,0.00032660170921561157
fire,0.00032660170921561157
purpose,0.00032660170921561157
y,0.00032660170921561157
faith,0.00032660170921561157
send,0.00032660170921561157
moue,0.00032660170921561157
bird,0.00032660170921561157
doubt,0.00032660170921561157
babe,0.00032660170921561157
point,0.00032660170921561157
hearke,0.00032660170921561157
feast,0.00032660170921561157
messenger,0.00032660170921561157
withall,0.00032660170921561157
mortall,0.00032660170921561157
thence,0.00032660170921561157
english,0.00032660170921561157
wisedome,0.00032660170921561157
fate,0.00032660170921561157
lost,0.00032660170921561157
vse,0.00032660170921561157
stay,0.00032660170921561157
seyton,0.00032660170921561157
graue,0.0002721680910130096
strike,0.0002721680910130096
answer,0.0002721680910130096
water,0.0002721680910130096
office,0.0002721680910130096
fit,0.0002721680910130096
safe,0.0002721680910130096
free,0.0002721680910130096
ten,0.0002721680910130096
tree,0.0002721680910130096
came,0.0002721680910130096
ment,0.0002721680910130096
eare,0.0002721680910130096
bad,0.0002721680910130096
approach,0.0002721680910130096
thrice,0.0002721680910130096
harme,0.0002721680910130096
need,0.0002721680910130096
wound,0.0002721680910130096
innocent,0.0002721680910130096
bold,0.0002721680910130096
secunda,0.0002721680910130096
darke,0.0002721680910130096
crowne,0.0002721680910130096
farre,0.0002721680910130096
hither,0.0002721680910130096
indeed,0.0002721680910130096
cauldron,0.0002721680910130096
em,0.0002721680910130096
torch,0.0002721680910130096
care,0.0002721680910130096
honest,0.0002721680910130096
returne,0.0002721680910130096
braine,0.0002721680910130096
saw,0.0002721680910130096
prima,0.0002721680910130096
husband,0.0002721680910130096
ouer,0.0002721680910130096
duty,0.0002721680910130096
thousand,0.0002721680910130096
former,0.0002721680910130096
certaine,0.0002721680910130096
toth,0.0002721680910130096
act,0.0002721680910130096
bubble,0.0002721680910130096
fill,0.0002721680910130096
hart,0.0002721680910130096
thither,0.0002721680910130096
treason,0.0002721680910130096
sound,0.0002721680910130096
worst,0.0002721680910130096
strong,0.0002721680910130096
actus,0.0002721680910130096
meanes,0.0002721680910130096
terrible,0.0002721680910130096
comfort,0.0002721680910130096
gash,0.0002721680910130096
charme,0.0002721680910130096
valour,0.0002721680910130096
foot,0.0002721680910130096
health,0.0002721680910130096
paine,0.0002721680910130096
together,0.0002721680910130096
part,0.0002721680910130096
tertia,0.0002721680910130096
selues,0.0002721680910130096
toward,0.0002721680910130096
due,0.0002721680910130096
meeting,0.0002721680910130096
receiue,0.0002721680910130096
pale,0.0002721680910130096
foule,0.0002721680910130096
backe,0.0002721680910130096
seemes,0.0002721680910130096
porter,0.0002721680910130096
len,0.0002721680910130096
start,0.0002721680910130096
high,0.0002721680910130096
bene,0.0002721680910130096
attend,0.0002721680910130096
hostesse,0.0002721680910130096
perfect,0.0002721680910130096
flourish,0.0002721680910130096
slaine,0.0002721680910130096
said,0.0002721680910130096
sonnes,0.0002721680910130096
amen,0.0002721680910130096
thankes,0.0002721680910130096
home,0.0002721680910130096
chance,0.0002721680910130096
glamis,0.00021773447281040771
worth,0.00021773447281040771
appar,0.00021773447281040771
souldier,0.00021773447281040771
hide,0.00021773447281040771
seruants,0.00021773447281040771
generall,0.00021773447281040771
golden,0.00021773447281040771
arme,0.00021773447281040771
smile,0.00021773447281040771
vanish,0.00021773447281040771
gate,0.00021773447281040771
owle,0.00021773447281040771
fife,0.00021773447281040771
wrought,0.00021773447281040771
enemie,0.00021773447281040771
promis,0.00021773447281040771
went,0.00021773447281040771
side,0.00021773447281040771
second,0.00021773447281040771
valiant,0.00021773447281040771
don,0.00021773447281040771
de,0.00021773447281040771
knocke,0.00021773447281040771
ill,0.00021773447281040771
trust,0.00021773447281040771
hauing,0.00021773447281040771
murtherers,0.00021773447281040771
villaine,0.00021773447281040771
fleance,0.00021773447281040771
warre,0.00021773447281040771
thanke,0.00021773447281040771
soules,0.00021773447281040771
burne,0.00021773447281040771
towards,0.00021773447281040771
keepes,0.00021773447281040771
spoke,0.00021773447281040771
broke,0.00021773447281040771
people,0.00021773447281040771
childe,0.00021773447281040771
cap,0.00021773447281040771
court,0.00021773447281040771
remember,0.00021773447281040771
seruice,0.00021773447281040771
cruell,0.00021773447281040771
drop,0.00021773447281040771
long,0.00021773447281040771
open,0.00021773447281040771
breed,0.00021773447281040771
ang,0.00021773447281040771
note,0.00021773447281040771
sure,0.00021773447281040771
yeeld,0.00021773447281040771
black,0.00021773447281040771
dye,0.00021773447281040771
gainst,0.00021773447281040771
blessing,0.00021773447281040771
wake,0.00021773447281040771
minister,0.00021773447281040771
pay,0.00021773447281040771
cheere,0.00021773447281040771
diuell,0.00021773447281040771
violent,0.00021773447281040771
touch,0.00021773447281040771
blow,0.00021773447281040771
pronounce,0.00021773447281040771
throat,0.00021773447281040771
kinsman,0.00021773447281040771
ala,0.00021773447281040771
bosome,0.00021773447281040771
worse,0.00021773447281040771
heauie,0.00021773447281040771
stood,0.00021773447281040771
byrnane,0.00021773447281040771
table,0.00021773447281040771
deuill,0.00021773447281040771
soule,0.00021773447281040771
nine,0.00021773447281040771
eate,0.00021773447281040771
blacke,0.00021773447281040771
guest,0.00021773447281040771
least,0.00021773447281040771
something,0.00021773447281040771
port,0.00021773447281040771
play,0.00021773447281040771
griefe,0.00021773447281040771
feele,0.00021773447281040771
fatall,0.00021773447281040771
liu,0.00021773447281040771
whole,0.00021773447281040771
sweet,0.00021773447281040771
successe,0.00021773447281040771
alone,0.00021773447281040771
instrument,0.00021773447281040771
secret,0.00021773447281040771
flight,0.00021773447281040771
spend,0.00021773447281040771
cut,0.00021773447281040771
labour,0.00021773447281040771
often,0.00021773447281040771
scorne,0.00021773447281040771
question,0.00021773447281040771
newes,0.00021773447281040771
cure,0.00021773447281040771
thanks,0.00021773447281040771
land,0.00021773447281040771
winde,0.00021773447281040771
young,0.00021773447281040771
sent,0.00021773447281040771
ride,0.00021773447281040771
prythee,0.00021773447281040771
throne,0.00021773447281040771
fiend,0.00021773447281040771
loues,0.00021773447281040771
drumme,0.00021773447281040771
dearest,0.00021773447281040771
le,0.00021773447281040771
performe,0.00021773447281040771
bleed,0.00021773447281040771
yong,0.00021773447281040771
sea,0.00021773447281040771
watch,0.00021773447281040771
glamys,0.00021773447281040771
meane,0.00021773447281040771
giues,0.00021773447281040771
swift,0.00021773447281040771
drum,0.00021773447281040771
worke,0.00021773447281040771
laugh,0.00021773447281040771
shame,0.00021773447281040771
heauens,0.00021773447281040771
walke,0.00021773447281040771
scaena,0.00021773447281040771
become,0.00021773447281040771
shee,0.00021773447281040771
speak,0.00021773447281040771
owe,0.00021773447281040771
whether,0.00021773447281040771
behold,0.00021773447281040771
quarta,0.00021773447281040771
ghost,0.00021773447281040771
sleep,0.00016330085460780579
knell,0.00016330085460780579
wayes,0.00016330085460780579
hoboyes,0.00016330085460780579
marching,0.00016330085460780579
met,0.00016330085460780579
deere,0.00016330085460780579
patience,0.00016330085460780579
ore,0.00016330085460780579
holy,0.00016330085460780579
meere,0.00016330085460780579
greatnesse,0.00016330085460780579
noyse,0.00016330085460780579
want,0.00016330085460780579
brest,0.00016330085460780579
absolute,0.00016330085460780579
hoa,0.00016330085460780579
lad,0.00016330085460780579
wine,0.00016330085460780579
hecat,0.00016330085460780579
mouncht,0.00016330085460780579
bone,0.00016330085460780579
contend,0.00016330085460780579
got,0.00016330085460780579
already,0.00016330085460780579
thick,0.00016330085460780579
top,0.00016330085460780579
quinta,0.00016330085460780579
seem,0.00016330085460780579
doore,0.00016330085460780579
strength,0.00016330085460780579
m,0.00016330085460780579
seeke,0.00016330085460780579
slaue,0.00016330085460780579
goodnight,0.00016330085460780579
affear,0.00016330085460780579
ye,0.00016330085460780579
weare,0.00016330085460780579
cousin,0.00016330085460780579
quickly,0.00016330085460780579
wish,0.00016330085460780579
catch,0.00016330085460780579
bin,0.00016330085460780579
delight,0.00016330085460780579
yours,0.00016330085460780579
weyard,0.00016330085460780579
breake,0.00016330085460780579
shadow,0.00016330085460780579
summons,0.00016330085460780579
right,0.00016330085460780579
crown,0.00016330085460780579
foe,0.00016330085460780579
duncane,0.00016330085460780579
bound,0.00016330085460780579
happy,0.00016330085460780579
sundry,0.00016330085460780579
marke,0.00016330085460780579
charge,0.00016330085460780579
dis,0.00016330085460780579
wherefore,0.00016330085460780579
run,0.00016330085460780579
curse,0.00016330085460780579
boy,0.00016330085460780579
making,0.00016330085460780579
affraid,0.00016330085460780579
soone,0.00016330085460780579
goose,0.00016330085460780579
besides,0.00016330085460780579
spoken,0.00016330085460780579
murthers,0.00016330085460780579
damned,0.00016330085460780579
queene,0.00016330085460780579
robe,0.00016330085460780579
boyle,0.00016330085460780579
sickly,0.00016330085460780579
kernes,0.00016330085460780579
wonder,0.00016330085460780579
faile,0.00016330085460780579
blame,0.00016330085460780579
dispatch,0.00016330085460780579
remoue,0.00016330085460780579
mark,0.00016330085460780579
tiger,0.00016330085460780579
cast,0.00016330085460780579
sometime,0.00016330085460780579
brow,0.00016330085460780579
same,0.00016330085460780579
applaud,0.00016330085460780579
vantage,0.00016330085460780579
execution,0.00016330085460780579
tooke,0.00016330085460780579
weyward,0.00016330085460780579
stone,0.00016330085460780579
wilde,0.00016330085460780579
vnto,0.00016330085460780579
cath,0.00016330085460780579
pallace,0.00016330085460780579
pull,0.00016330085460780579
file,0.00016330085460780579
foole,0.00016330085460780579
twere,0.00016330085460780579
winne,0.00016330085460780579
wash,0.00016330085460780579
mindes,0.00016330085460780579
fac,0.00016330085460780579
loose,0.00016330085460780579
milke,0.00016330085460780579
norweyan,0.00016330085460780579
lacke,0.00016330085460780579
began,0.00016330085460780579
roote,0.00016330085460780579
suffer,0.00016330085460780579
maiesty,0.00016330085460780579
hereafter,0.00016330085460780579
found,0.00016330085460780579
hard,0.00016330085460780579
banquet,0.00016330085460780579
flower,0.00016330085460780579
twenty,0.00016330085460780579
consequence,0.00016330085460780579
turne,0.00016330085460780579
obedience,0.00016330085460780579
musicke,0.00016330085460780579
lip,0.00016330085460780579
charg,0.00016330085460780579
summer,0.00016330085460780579
dismall,0.00016330085460780579
therefore,0.00016330085460780579
courage,0.00016330085460780579
ser,0.00016330085460780579
close,0.00016330085460780579
horrid,0.00016330085460780579
prayer,0.00016330085460780579
sences,0.00016330085460780579
damn,0.00016330085460780579
look,0.00016330085460780579
ready,0.00016330085460780579
moment,0.00016330085460780579
person,0.00016330085460780579
scale,0.00016330085460780579
shine,0.00016330085460780579
remembrance,0.00016330085460780579
liege,0.00016330085460780579
fast,0.00016330085460780579
line,0.00016330085460780579
warlike,0.00016330085460780579
single,0.00016330085460780579
mock,0.00016330085460780579
draw,0.00016330085460780579
mallice,0.00016330085460780579
firme,0.00016330085460780579
body,0.00016330085460780579
others,0.00016330085460780579
growes,0.00016330085460780579
iust,0.00016330085460780579
pretty,0.00016330085460780579
trumpet,0.00016330085460780579
aboue,0.00016330085460780579
halfe,0.00016330085460780579
image,0.00016330085460780579
greater,0.00016330085460780579
ambition,0.00016330085460780579
front,0.00016330085460780579
souldiers,0.00016330085460780579
leysure,0.00016330085460780579
supper,0.00016330085460780579
vnnaturall,0.00016330085460780579
sunne,0.00016330085460780579
shut,0.00016330085460780579
misse,0.00016330085460780579
mad,0.00016330085460780579
equiuocator,0.00016330085460780579
beard,0.00016330085460780579
bee,0.00016330085460780579
scone,0.00016330085460780579
deny,0.00016330085460780579
disease,0.00016330085460780579
knowledge,0.00016330085460780579
hayle,0.00016330085460780579
horrible,0.00016330085460780579
aliue,0.00016330085460780579
taking,0.00016330085460780579
beleeue,0.00016330085460780579
sprights,0.00016330085460780579
partner,0.00016330085460780579
newest,0.00016330085460780579
sexta,0.00016330085460780579
easie,0.00016330085460780579
broad,0.00016330085460780579
iustice,0.00016330085460780579
host,0.00016330085460780579
stage,0.00016330085460780579
kinde,0.00016330085460780579
blesse,0.00016330085460780579
been,0.00016330085460780579
groomes,0.00016330085460780579
didst,0.00016330085460780579
wing,0.00016330085460780579
awake,0.00016330085460780579
pardon,0.00010886723640520386
protest,0.00010886723640520386
hate,0.00010886723640520386
sorry,0.00010886723640520386
sway,0.00010886723640520386
hadst,0.00010886723640520386
weale,0.00010886723640520386
glasse,0.00010886723640520386
lesser,0.00010886723640520386
told,0.00010886723640520386
mee,0.00010886723640520386
med,0.00010886723640520386
lodg,0.00010886723640520386
shriek,0.00010886723640520386
meate,0.00010886723640520386
vnknowne,0.00010886723640520386
highly,0.00010886723640520386
brought,0.00010886723640520386
heeles,0.00010886723640520386
vnfixe,0.00010886723640520386
blade,0.00010886723640520386
soueraignty,0.00010886723640520386
estate,0.00010886723640520386
caution,0.00010886723640520386
vndone,0.00010886723640520386
custome,0.00010886723640520386
attempt,0.00010886723640520386
greet,0.00010886723640520386
order,0.00010886723640520386
subiect,0.00010886723640520386
mercifull,0.00010886723640520386
dreames,0.00010886723640520386
begge,0.00010886723640520386
goodnesse,0.00010886723640520386
fie,0.00010886723640520386
schoole,0.00010886723640520386
bond,0.00010886723640520386
prouokes,0.00010886723640520386
content,0.00010886723640520386
knit,0.00010886723640520386
fret,0.00010886723640520386
eares,0.00010886723640520386
soueraigne,0.00010886723640520386
prouide,0.00010886723640520386
hearing,0.00010886723640520386
ditch,0.00010886723640520386
gowne,0.00010886723640520386
troubled,0.00010886723640520386
deliuer,0.00010886723640520386
ioyfull,0.00010886723640520386
coward,0.00010886723640520386
sooth,0.00010886723640520386
euils,0.00010886723640520386
preparation,0.00010886723640520386
matter,0.00010886723640520386
guilt,0.00010886723640520386
mirth,0.00010886723640520386
leafe,0.00010886723640520386
quarry,0.00010886723640520386
iudgement,0.00010886723640520386
filthie,0.00010886723640520386
loyall,0.00010886723640520386
heccats,0.00010886723640520386
letter,0.00010886723640520386
doo,0.00010886723640520386
cumberland,0.00010886723640520386
extasie,0.00010886723640520386
bat,0.00010886723640520386
greene,0.00010886723640520386
sinkes,0.00010886723640520386
gaue,0.00010886723640520386
folly,0.00010886723640520386
spurre,0.00010886723640520386
yes,0.00010886723640520386
finger,0.00010886723640520386
awak,0.00010886723640520386
poyson,0.00010886723640520386
confusion,0.00010886723640520386
wear,0.00010886723640520386
tyranny,0.00010886723640520386
septima,0.00010886723640520386
stirre,0.00010886723640520386
receiu,0.00010886723640520386
beside,0.00010886723640520386
coole,0.00010886723640520386
warder,0.00010886723640520386
cleaue,0.00010886723640520386
performance,0.00010886723640520386
taint,0.00010886723640520386
greatest,0.00010886723640520386
repose,0.00010886723640520386
donal,0.00010886723640520386
birth,0.00010886723640520386
scruple,0.00010886723640520386
dignity,0.00010886723640520386
perchance,0.00010886723640520386
graues,0.00010886723640520386
betimes,0.00010886723640520386
paid,0.00010886723640520386
wonne,0.00010886723640520386
liuer,0.00010886723640520386
presence,0.00010886723640520386
nought,0.00010886723640520386
kisse,0.00010886723640520386
sinne,0.00010886723640520386
strangely,0.00010886723640520386
cryes,0.00010886723640520386
fought,0.00010886723640520386
gin,0.00010886723640520386
offer,0.00010886723640520386
heat,0.00010886723640520386
supt,0.00010886723640520386
disgrace,0.00010886723640520386
fury,0.00010886723640520386
esteeme,0.00010886723640520386
ne,0.00010886723640520386
byrnan,0.00010886723640520386
smell,0.00010886723640520386
hurt,0.00010886723640520386
longer,0.00010886723640520386
push,0.00010886723640520386
mile,0.00010886723640520386
aduise,0.00010886723640520386
beleefe,0.00010886723640520386
passage,0.00010886723640520386
pious,0.00010886723640520386
minute,0.00010886723640520386
witnesse,0.00010886723640520386
enow,0.00010886723640520386
deserues,0.00010886723640520386
minion,0.00010886723640520386
wracke,0.00010886723640520386
wolfe,0.00010886723640520386
adde,0.00010886723640520386
haire,0.00010886723640520386
wait,0.00010886723640520386
root,0.00010886723640520386
post,0.00010886723640520386
angell,0.00010886723640520386
abroad,0.00010886723640520386
wicked,0.00010886723640520386
entrance,0.00010886723640520386
share,0.00010886723640520386
ignorant,0.00010886723640520386
fly,0.00010886723640520386
cat,0.00010886723640520386
purge,0.00010886723640520386
theirs,0.00010886723640520386
houres,0.00010886723640520386
instant,0.00010886723640520386
pine,0.00010886723640520386
swearer,0.00010886723640520386
spot,0.00010886723640520386
murtherer,0.00010886723640520386
tale,0.00010886723640520386
course,0.00010886723640520386
trifle,0.00010886723640520386
ours,0.00010886723640520386
norway,0.00010886723640520386
braines,0.00010886723640520386
quarter,0.00010886723640520386
farewell,0.00010886723640520386
begun,0.00010886723640520386
donalbane,0.00010886723640520386
abide,0.00010886723640520386
caldron,0.00010886723640520386
carry,0.00010886723640520386
message,0.00010886723640520386
neyther,0.00010886723640520386
braue,0.00010886723640520386
hum,0.00010886723640520386
fooles,0.00010886723640520386
reuenge,0.00010886723640520386
rugged,0.00010886723640520386
require,0.00010886723640520386
angel,0.00010886723640520386
descends,0.00010886723640520386
remaines,0.00010886723640520386
anger,0.00010886723640520386
fantasticall,0.00010886723640520386
destroy,0.00010886723640520386
begin,0.00010886723640520386
syllable,0.00010886723640520386
rauen,0.00010886723640520386
walking,0.00010886723640520386
gayne,0.00010886723640520386
pillowes,0.00010886723640520386
sleepie,0.00010886723640520386
bright,0.00010886723640520386
maine,0.00010886723640520386
ground,0.00010886723640520386
slow,0.00010886723640520386
teare,0.00010886723640520386
going,0.00010886723640520386
lighted,0.00010886723640520386
expectation,0.00010886723640520386
truly,0.00010886723640520386
morning,0.00010886723640520386
naked,0.00010886723640520386
mess,0.00010886723640520386
seat,0.00010886723640520386
famine,0.00010886723640520386
moone,0.00010886723640520386
reigne,0.00010886723640520386
aduice,0.00010886723640520386
dreadfull,0.00010886723640520386
direction,0.00010886723640520386
according,0.00010886723640520386
firstlings,0.00010886723640520386
setting,0.00010886723640520386
ross,0.00010886723640520386
toyle,0.00010886723640520386
earnest,0.00010886723640520386
asleepe,0.00010886723640520386
nay,0.00010886723640520386
stranger,0.00010886723640520386
lightning,0.00010886723640520386
seuerall,0.00010886723640520386
holily,0.00010886723640520386
knife,0.00010886723640520386
slaughter,0.00010886723640520386
teares,0.00010886723640520386
ow,0.00010886723640520386
hec,0.00010886723640520386
regard,0.00010886723640520386
vice,0.00010886723640520386
strongly,0.00010886723640520386
taylor,0.00010886723640520386
fellow,0.00010886723640520386
field,0.00010886723640520386
consider,0.00010886723640520386
beware,0.00010886723640520386
weake,0.00010886723640520386
deare,0.00010886723640520386
large,0.00010886723640520386
cosin,0.00010886723640520386
past,0.00010886723640520386
defence,0.00010886723640520386
cathnes,0.00010886723640520386
clock,0.00010886723640520386
pittifull,0.00010886723640520386
drawne,0.00010886723640520386
menteth,0.00010886723640520386
action,0.00010886723640520386
sticking,0.00010886723640520386
armes,0.00010886723640520386
teach,0.00010886723640520386
wretched,0.00010886723640520386
eternall,0.00010886723640520386
particular,0.00010886723640520386
known,0.00010886723640520386
sleeping,0.00010886723640520386
mingle,0.00010886723640520386
cling,0.00010886723640520386
plant,0.00010886723640520386
tragedie,0.00010886723640520386
bosomes,0.00010886723640520386
trade,0.00010886723640520386
absence,0.00010886723640520386
clamor,0.00010886723640520386
betweene,0.00010886723640520386
beyond,0.00010886723640520386
hill,0.00010886723640520386
serpent,0.00010886723640520386
story,0.00010886723640520386
ask,0.00010886723640520386
needes,0.00010886723640520386
sicken,0.00010886723640520386
wither,0.00010886723640520386
feed,0.00010886723640520386
relate,0.00010886723640520386
number,0.00010886723640520386
fancy,0.00010886723640520386
corporall,0.00010886723640520386
station,0.00010886723640520386
show,0.00010886723640520386
leaues,0.00010886723640520386
sold,0.00010886723640520386
recoyle,0.00010886723640520386
kind,0.00010886723640520386
tooth,0.00010886723640520386
youth,0.00010886723640520386
toe,0.00010886723640520386
gall,0.00010886723640520386
lie,0.00010886723640520386
succeeding,0.00010886723640520386
fellowes,0.00010886723640520386
eaten,0.00010886723640520386
amaz,0.00010886723640520386
seize,0.00010886723640520386
weigh,0.00010886723640520386
howle,0.00010886723640520386
relation,0.00010886723640520386
rebell,0.00010886723640520386
betray,0.00010886723640520386
distance,0.00010886723640520386
hid,0.00010886723640520386
banner,0.00010886723640520386
greeue,0.00010886723640520386
common,0.00010886723640520386
forgiue,0.00010886723640520386
bare,0.00010886723640520386
tender,0.00010886723640520386
arm,0.00010886723640520386
woe,0.00010886723640520386
impresse,0.00010886723640520386
stroakes,0.00010886723640520386
c,0.00010886723640520386
became,0.00010886723640520386
forgotten,0.00010886723640520386
steele,0.00010886723640520386
wel,0.00010886723640520386
ireland,0.00010886723640520386
cheekes,0.00010886723640520386
dame,0.00010886723640520386
straight,0.00010886723640520386
pace,0.00010886723640520386
shift,0.00010886723640520386
reade,0.00010886723640520386
confound,0.00010886723640520386
dispaire,0.00010886723640520386
pricke,0.00010886723640520386
spent,0.00010886723640520386
cleare,0.00010886723640520386
edge,0.00010886723640520386
beares,0.00010886723640520386
sawcy,0.00010886723640520386
sawce,0.00010886723640520386
wormes,0.00010886723640520386
forrest,0.00010886723640520386
danger,0.00010886723640520386
findes,0.00010886723640520386
march,0.00010886723640520386
affaire,0.00010886723640520386
continue,0.00010886723640520386
canst,0.00010886723640520386
spring,0.00010886723640520386
back,0.00010886723640520386
starres,0.00010886723640520386
auarice,0.00010886723640520386
candle,0.00010886723640520386
temple,0.00010886723640520386
nose,0.00010886723640520386
patient,0.00010886723640520386
step,0.00010886723640520386
scepter,0.00010886723640520386
plac,0.00010886723640520386
darknesse,0.00010886723640520386
infected,0.00010886723640520386
charmed,0.00010886723640520386
sightlesse,0.00010886723640520386
charmes,0.00010886723640520386
haunt,0.00010886723640520386
nam,0.00010886723640520386
vntimely,0.00010886723640520386
song,0.00010886723640520386
deseru,0.00010886723640520386
age,0.00010886723640520386
confirm,0.00010886723640520386
heath,0.00010886723640520386
reuolt,0.00010886723640520386
stopt,0.00010886723640520386
foorth,0.00010886723640520386
breach,0.00010886723640520386
timely,0.00010886723640520386
marry,0.00010886723640520386
keene,0.00010886723640520386
bleeding,0.00010886723640520386
noise,0.00010886723640520386
led,0.00010886723640520386
sing,0.00010886723640520386
safer,0.00010886723640520386
forbid,0.00010886723640520386
fed,0.00010886723640520386
locke,0.00010886723640520386
sore,0.00010886723640520386
agent,0.00010886723640520386
baby,0.00010886723640520386
farwell,0.00010886723640520386
wearie,0.00010886723640520386
serue,0.00010886723640520386
rapt,0.00010886723640520386
hit,0.00010886723640520386
fare,0.00010886723640520386
stop,0.00010886723640520386
discomfort,0.00010886723640520386
abuse,0.00010886723640520386
physicke,0.00010886723640520386
wit,0.00010886723640520386
omnes,0.00010886723640520386
birnane,0.00010886723640520386
snake,0.00010886723640520386
cursed,0.00010886723640520386
pitty,0.00010886723640520386
doing,0.00010886723640520386
measure,0.00010886723640520386
ingredience,0.00010886723640520386
chiefe,0.00010886723640520386
armor,0.00010886723640520386
confess,0.00010886723640520386
venom,0.00010886723640520386
red,0.00010886723640520386
poure,0.00010886723640520386
grow,0.00010886723640520386
battlement,0.00010886723640520386
inuite,0.00010886723640520386
verity,0.00010886723640520386
manly,0.00010886723640520386
sooner,0.00010886723640520386
afraid,0.00010886723640520386
adieu,0.00010886723640520386
lookes,0.00010886723640520386
painting,0.00010886723640520386
naturall,0.00010886723640520386
harmes,0.00010886723640520386
rebellious,0.00010886723640520386
temp,0.00010886723640520386
humane,0.00010886723640520386
lyon,0.00010886723640520386
kingdomes,0.00010886723640520386
trusted,0.00010886723640520386
bought,0.00010886723640520386
key,0.00010886723640520386
precious,0.00010886723640520386
thicke,0.00010886723640520386
seedes,0.00010886723640520386
malcolm,0.00010886723640520386
walk,0.00010886723640520386
commend,0.00010886723640520386
manhood,0.00010886723640520386
labor,0.00010886723640520386
accursed,0.00010886723640520386
apparation,0.00010886723640520386
addition,0.00010886723640520386
prince,0.00010886723640520386
prayses,0.00010886723640520386
painted,0.00010886723640520386
wilt,0.00010886723640520386
slept,0.00010886723640520386
lambe,0.00010886723640520386
lust,0.00010886723640520386
sits,0.00010886723640520386
hound,0.00010886723640520386
doubtfull,0.00010886723640520386
speaker,0.00010886723640520386
ioy,0.00010886723640520386
effect,0.00010886723640520386
destruction,0.00010886723640520386
drowne,0.00010886723640520386
fighting,0.00010886723640520386
dost,0.00010886723640520386
maiestie,0.00010886723640520386
stuffe,0.00010886723640520386
whither,0.00010886723640520386
passion,0.00010886723640520386
season,0.00010886723640520386
murderer,0.00010886723640520386
vnkle,0.00010886723640520386
madame,0.00010886723640520386
cleane,0.00010886723640520386
cleere,0.00010886723640520386
seywards,0.00010886723640520386
promise,0.00010886723640520386
weepe,0.00010886723640520386
wise,0.00010886723640520386
seare,0.00010886723640520386
piece,0.00010886723640520386
stirring,0.00010886723640520386
lecherie,0.00010886723640520386
beate,0.00010886723640520386
spight,0.00010886723640520386
prosperous,0.00010886723640520386
imperiall,0.00010886723640520386
expence,5.443361820260193e-05
yellow,5.443361820260193e-05
hanging,5.443361820260193e-05
mansion,5.443361820260193e-05
appetite,5.443361820260193e-05
forget,5.443361820260193e-05
vndivulg,5.443361820260193e-05
solliciting,5.443361820260193e-05
authoriz,5.443361820260193e-05
skipping,5.443361820260193e-05
edward,5.443361820260193e-05
pride,5.443361820260193e-05
nourisher,5.443361820260193e-05
senit,5.443361820260193e-05
blanket,5.443361820260193e-05
smack,5.443361820260193e-05
monkie,5.443361820260193e-05
frailty,5.443361820260193e-05
heereafter,5.443361820260193e-05
waues,5.443361820260193e-05
encounter,5.443361820260193e-05
rancour,5.443361820260193e-05
widdowes,5.443361820260193e-05
demerit,5.443361820260193e-05
refraine,5.443361820260193e-05
whisp,5.443361820260193e-05
parted,5.443361820260193e-05
force,5.443361820260193e-05
hors,5.443361820260193e-05
yesterdayes,5.443361820260193e-05
blaspheme,5.443361820260193e-05
deuoure,5.443361820260193e-05
mistresse,5.443361820260193e-05
worme,5.443361820260193e-05
fayl,5.443361820260193e-05
integrity,5.443361820260193e-05
beaten,5.443361820260193e-05
lizard,5.443361820260193e-05
conduct,5.443361820260193e-05
prate,5.443361820260193e-05
mew,5.443361820260193e-05
wanton,5.443361820260193e-05
ingratitude,5.443361820260193e-05
quite,5.443361820260193e-05
interpret,5.443361820260193e-05
listning,5.443361820260193e-05
substance,5.443361820260193e-05
daughter,5.443361820260193e-05
taper,5.443361820260193e-05
vnsafe,5.443361820260193e-05
furbusht,5.443361820260193e-05
brandisht,5.443361820260193e-05
plea,5.443361820260193e-05
stern,5.443361820260193e-05
ioyntly,5.443361820260193e-05
tels,5.443361820260193e-05
kytes,5.443361820260193e-05
army,5.443361820260193e-05
confirme,5.443361820260193e-05
deepely,5.443361820260193e-05
accurs,5.443361820260193e-05
vnmake,5.443361820260193e-05
card,5.443361820260193e-05
shed,5.443361820260193e-05
knoll,5.443361820260193e-05
barke,5.443361820260193e-05
iugling,5.443361820260193e-05
vnbattered,5.443361820260193e-05
brings,5.443361820260193e-05
loone,5.443361820260193e-05
muse,5.443361820260193e-05
holp,5.443361820260193e-05
torture,5.443361820260193e-05
vnprepar,5.443361820260193e-05
hole,5.443361820260193e-05
leapes,5.443361820260193e-05
disdayning,5.443361820260193e-05
vnusuall,5.443361820260193e-05
player,5.443361820260193e-05
hideous,5.443361820260193e-05
sweeten,5.443361820260193e-05
wade,5.443361820260193e-05
roof,5.443361820260193e-05
sweeter,5.443361820260193e-05
guise,5.443361820260193e-05
deceiue,5.443361820260193e-05
quarrel,5.443361820260193e-05
skarfe,5.443361820260193e-05
reuolts,5.443361820260193e-05
sleeper,5.443361820260193e-05
ceremony,5.443361820260193e-05
sweares,5.443361820260193e-05
visited,5.443361820260193e-05
returning,5.443361820260193e-05
groanes,5.443361820260193e-05
scoena,5.443361820260193e-05
confin,5.443361820260193e-05
rookie,5.443361820260193e-05
swine,5.443361820260193e-05
commencing,5.443361820260193e-05
peece,5.443361820260193e-05
grandam,5.443361820260193e-05
befor,5.443361820260193e-05
modest,5.443361820260193e-05
wastfull,5.443361820260193e-05
equiuocate,5.443361820260193e-05
third,5.443361820260193e-05
thickens,5.443361820260193e-05
boughes,5.443361820260193e-05
arbitrate,5.443361820260193e-05
think,5.443361820260193e-05
lou,5.443361820260193e-05
haste,5.443361820260193e-05
inhabitant,5.443361820260193e-05
alack,5.443361820260193e-05
compunctious,5.443361820260193e-05
satisfied,5.443361820260193e-05
liuing,5.443361820260193e-05
remedie,5.443361820260193e-05
westerne,5.443361820260193e-05
centinell,5.443361820260193e-05
fix,5.443361820260193e-05
deceitfull,5.443361820260193e-05
crew,5.443361820260193e-05
tayle,5.443361820260193e-05
hidden,5.443361820260193e-05
poorely,5.443361820260193e-05
easier,5.443361820260193e-05
fil,5.443361820260193e-05
briefely,5.443361820260193e-05
appoint,5.443361820260193e-05
angerly,5.443361820260193e-05
bane,5.443361820260193e-05
recorded,5.443361820260193e-05
rumour,5.443361820260193e-05
feede,5.443361820260193e-05
chuck,5.443361820260193e-05
filling,5.443361820260193e-05
bolter,5.443361820260193e-05
rocke,5.443361820260193e-05
goary,5.443361820260193e-05
directly,5.443361820260193e-05
concord,5.443361820260193e-05
garment,5.443361820260193e-05
twas,5.443361820260193e-05
oppos,5.443361820260193e-05
harpier,5.443361820260193e-05
taught,5.443361820260193e-05
forgot,5.443361820260193e-05
laue,5.443361820260193e-05
gon,5.443361820260193e-05
fraught,5.443361820260193e-05
dst,5.443361820260193e-05
craues,5.443361820260193e-05
ry,5.443361820260193e-05
safety,5.443361820260193e-05
remorse,5.443361820260193e-05
reades,5.443361820260193e-05
newly,5.443361820260193e-05
cines,5.443361820260193e-05
vniust,5.443361820260193e-05
haires,5.443361820260193e-05
foundation,5.443361820260193e-05
turning,5.443361820260193e-05
iealousies,5.443361820260193e-05
disloyall,5.443361820260193e-05
plentie,5.443361820260193e-05
smacking,5.443361820260193e-05
bestow,5.443361820260193e-05
crowned,5.443361820260193e-05
nie,5.443361820260193e-05
doffe,5.443361820260193e-05
parricide,5.443361820260193e-05
sutes,5.443361820260193e-05
viewing,5.443361820260193e-05
oppose,5.443361820260193e-05
scowre,5.443361820260193e-05
confus,5.443361820260193e-05
macdonwald,5.443361820260193e-05
shagge,5.443361820260193e-05
meete,5.443361820260193e-05
comforted,5.443361820260193e-05
restraine,5.443361820260193e-05
enrages,5.443361820260193e-05
acquaint,5.443361820260193e-05
hawkt,5.443361820260193e-05
allegeance,5.443361820260193e-05
cyme,5.443361820260193e-05
dwell,5.443361820260193e-05
girle,5.443361820260193e-05
councell,5.443361820260193e-05
fitnesse,5.443361820260193e-05
listen,5.443361820260193e-05
happily,5.443361820260193e-05
tugg,5.443361820260193e-05
digg,5.443361820260193e-05
epicure,5.443361820260193e-05
flowne,5.443361820260193e-05
guild,5.443361820260193e-05
frankly,5.443361820260193e-05
binde,5.443361820260193e-05
seated,5.443361820260193e-05
cabin,5.443361820260193e-05
feeling,5.443361820260193e-05
solely,5.443361820260193e-05
hayl,5.443361820260193e-05
quench,5.443361820260193e-05
neptune,5.443361820260193e-05
corne,5.443361820260193e-05
mind,5.443361820260193e-05
missiues,5.443361820260193e-05
rat,5.443361820260193e-05
manner,5.443361820260193e-05
vnruffe,5.443361820260193e-05
buttrice,5.443361820260193e-05
gripe,5.443361820260193e-05
snow,5.443361820260193e-05
thoght,5.443361820260193e-05
sleepes,5.443361820260193e-05
hatch,5.443361820260193e-05
accesse,5.443361820260193e-05
elues,5.443361820260193e-05
tye,5.443361820260193e-05
vnshrinking,5.443361820260193e-05
deafe,5.443361820260193e-05
pittied,5.443361820260193e-05
maides,5.443361820260193e-05
topple,5.443361820260193e-05
treasonous,5.443361820260193e-05
vnspeake,5.443361820260193e-05
impostor,5.443361820260193e-05
dog,5.443361820260193e-05
slaughterous,5.443361820260193e-05
accounted,5.443361820260193e-05
registred,5.443361820260193e-05
notion,5.443361820260193e-05
saying,5.443361820260193e-05
safetie,5.443361820260193e-05
augures,5.443361820260193e-05
deedes,5.443361820260193e-05
thumbe,5.443361820260193e-05
abiure,5.443361820260193e-05
apace,5.443361820260193e-05
deepest,5.443361820260193e-05
rich,5.443361820260193e-05
mend,5.443361820260193e-05
borrowed,5.443361820260193e-05
perillous,5.443361820260193e-05
growne,5.443361820260193e-05
seru,5.443361820260193e-05
borrower,5.443361820260193e-05
net,5.443361820260193e-05
neu,5.443361820260193e-05
patch,5.443361820260193e-05
twice,5.443361820260193e-05
maleuolence,5.443361820260193e-05
rung,5.443361820260193e-05
eyld,5.443361820260193e-05
spurres,5.443361820260193e-05
disaster,5.443361820260193e-05
reported,5.443361820260193e-05
damnation,5.443361820260193e-05
miserable,5.443361820260193e-05
leauing,5.443361820260193e-05
boundlesse,5.443361820260193e-05
pricking,5.443361820260193e-05
siedge,5.443361820260193e-05
combustion,5.443361820260193e-05
stampe,5.443361820260193e-05
duff,5.443361820260193e-05
stealthy,5.443361820260193e-05
continually,5.443361820260193e-05
catalogue,5.443361820260193e-05
r,5.443361820260193e-05
bestride,5.443361820260193e-05
inuested,5.443361820260193e-05
lowlinesse,5.443361820260193e-05
drowse,5.443361820260193e-05
extend,5.443361820260193e-05
equiuocates,5.443361820260193e-05
weary,5.443361820260193e-05
vnlesse,5.443361820260193e-05
gentry,5.443361820260193e-05
debt,5.443361820260193e-05
blasted,5.443361820260193e-05
cow,5.443361820260193e-05
breefe,5.443361820260193e-05
swoope,5.443361820260193e-05
brag,5.443361820260193e-05
readinesse,5.443361820260193e-05
com,5.443361820260193e-05
voluptuousnesse,5.443361820260193e-05
prospect,5.443361820260193e-05
mortified,5.443361820260193e-05
sorryest,5.443361820260193e-05
loades,5.443361820260193e-05
vtterance,5.443361820260193e-05
reuenges,5.443361820260193e-05
vnsex,5.443361820260193e-05
appeares,5.443361820260193e-05
conference,5.443361820260193e-05
accustom,5.443361820260193e-05
petty,5.443361820260193e-05
fearefull,5.443361820260193e-05
basis,5.443361820260193e-05
neerely,5.443361820260193e-05
blowes,5.443361820260193e-05
aske,5.443361820260193e-05
commission,5.443361820260193e-05
syue,5.443361820260193e-05
interest,5.443361820260193e-05
fry,5.443361820260193e-05
deeper,5.443361820260193e-05
incarnardine,5.443361820260193e-05
fauors,5.443361820260193e-05
excite,5.443361820260193e-05
stolne,5.443361820260193e-05
drugg,5.443361820260193e-05
fayle,5.443361820260193e-05
possesse,5.443361820260193e-05
reioycing,5.443361820260193e-05
seeking,5.443361820260193e-05
obliuious,5.443361820260193e-05
hircan,5.443361820260193e-05
n,5.443361820260193e-05
dunnest,5.443361820260193e-05
melted,5.443361820260193e-05
aid,5.443361820260193e-05
assaileable,5.443361820260193e-05
rore,5.443361820260193e-05
rent,5.443361820260193e-05
pyramid,5.443361820260193e-05
broth,5.443361820260193e-05
stickes,5.443361820260193e-05
sting,5.443361820260193e-05
writes,5.443361820260193e-05
il,5.443361820260193e-05
womanly,5.443361820260193e-05
sirrha,5.443361820260193e-05
bounteous,5.443361820260193e-05
euents,5.443361820260193e-05
turnes,5.443361820260193e-05
vnfold,5.443361820260193e-05
perform,5.443361820260193e-05
slab,5.443361820260193e-05
grapple,5.443361820260193e-05
descend,5.443361820260193e-05
memorie,5.443361820260193e-05
saluted,5.443361820260193e-05
swell,5.443361820260193e-05
peake,5.443361820260193e-05
saide,5.443361820260193e-05
kil,5.443361820260193e-05
greetes,5.443361820260193e-05
palpable,5.443361820260193e-05
tune,5.443361820260193e-05
vnattended,5.443361820260193e-05
spoyles,5.443361820260193e-05
whereby,5.443361820260193e-05
alreadie,5.443361820260193e-05
malcolmes,5.443361820260193e-05
1603,5.443361820260193e-05
humble,5.443361820260193e-05
materiall,5.443361820260193e-05
alarme,5.443361820260193e-05
ocean,5.443361820260193e-05
hearty,5.443361820260193e-05
impediment,5.443361820260193e-05
humbly,5.443361820260193e-05
drie,5.443361820260193e-05
sweare,5.443361820260193e-05
appease,5.443361820260193e-05
recompence,5.443361820260193e-05
obserue,5.443361820260193e-05
therewithall,5.443361820260193e-05
starting,5.443361820260193e-05
rous,5.443361820260193e-05
farther,5.443361820260193e-05
proceeding,5.443361820260193e-05
plight,5.443361820260193e-05
brandish,5.443361820260193e-05
kalender,5.443361820260193e-05
hah,5.443361820260193e-05
counsailers,5.443361820260193e-05
legion,5.443361820260193e-05
interprete,5.443361820260193e-05
assassination,5.443361820260193e-05
resembled,5.443361820260193e-05
hag,5.443361820260193e-05
hay,5.443361820260193e-05
rumor,5.443361820260193e-05
east,5.443361820260193e-05
hat,5.443361820260193e-05
leuie,5.443361820260193e-05
vulture,5.443361820260193e-05
ope,5.443361820260193e-05
dreamt,5.443361820260193e-05
burnt,5.443361820260193e-05
retreat,5.443361820260193e-05
apart,5.443361820260193e-05
birthdome,5.443361820260193e-05
sorowes,5.443361820260193e-05
gift,5.443361820260193e-05
contradict,5.443361820260193e-05
stept,5.443361820260193e-05
officer,5.443361820260193e-05
security,5.443361820260193e-05
vplifted,5.443361820260193e-05
antique,5.443361820260193e-05
detraction,5.443361820260193e-05
predominance,5.443361820260193e-05
tearmes,5.443361820260193e-05
bore,5.443361820260193e-05
pawser,5.443361820260193e-05
denies,5.443361820260193e-05
harrold,5.443361820260193e-05
establish,5.443361820260193e-05
shakespeare,5.443361820260193e-05
surueying,5.443361820260193e-05
pluckes,5.443361820260193e-05
nipple,5.443361820260193e-05
twaine,5.443361820260193e-05
lampe,5.443361820260193e-05
tartar,5.443361820260193e-05
sauagely,5.443361820260193e-05
slumbry,5.443361820260193e-05
keeper,5.443361820260193e-05
padock,5.443361820260193e-05
worthie,5.443361820260193e-05
bury,5.443361820260193e-05
chafe,5.443361820260193e-05
wrathfull,5.443361820260193e-05
rebuk,5.443361820260193e-05
beldam,5.443361820260193e-05
hoast,5.443361820260193e-05
whilest,5.443361820260193e-05
destinie,5.443361820260193e-05
macduffes,5.443361820260193e-05
digestion,5.443361820260193e-05
traytor,5.443361820260193e-05
marshall,5.443361820260193e-05
profession,5.443361820260193e-05
erre,5.443361820260193e-05
bath,5.443361820260193e-05
down,5.443361820260193e-05
paye,5.443361820260193e-05
ideot,5.443361820260193e-05
vnbecomming,5.443361820260193e-05
flying,5.443361820260193e-05
vision,5.443361820260193e-05
stuck,5.443361820260193e-05
striding,5.443361820260193e-05
sweaten,5.443361820260193e-05
forc,5.443361820260193e-05
becoming,5.443361820260193e-05
shooke,5.443361820260193e-05
twould,5.443361820260193e-05
falne,5.443361820260193e-05
hear,5.443361820260193e-05
heap,5.443361820260193e-05
absent,5.443361820260193e-05
vntye,5.443361820260193e-05
pyes,5.443361820260193e-05
twixt,5.443361820260193e-05
conuert,5.443361820260193e-05
mouthes,5.443361820260193e-05
ruines,5.443361820260193e-05
latch,5.443361820260193e-05
temper,5.443361820260193e-05
gouern,5.443361820260193e-05
later,5.443361820260193e-05
moderne,5.443361820260193e-05
deaftly,5.443361820260193e-05
smyling,5.443361820260193e-05
tost,5.443361820260193e-05
battell,5.443361820260193e-05
diamond,5.443361820260193e-05
moones,5.443361820260193e-05
ship,5.443361820260193e-05
check,5.443361820260193e-05
neerer,5.443361820260193e-05
damne,5.443361820260193e-05
dauntlesse,5.443361820260193e-05
dying,5.443361820260193e-05
stake,5.443361820260193e-05
handed,5.443361820260193e-05
byrnam,5.443361820260193e-05
soundly,5.443361820260193e-05
iocund,5.443361820260193e-05
toad,5.443361820260193e-05
felt,5.443361820260193e-05
transported,5.443361820260193e-05
graspe,5.443361820260193e-05
discharge,5.443361820260193e-05
alwayes,5.443361820260193e-05
sagge,5.443361820260193e-05
supplyes,5.443361820260193e-05
bestowes,5.443361820260193e-05
rough,5.443361820260193e-05
deuotion,5.443361820260193e-05
teeth,5.443361820260193e-05
colmekill,5.443361820260193e-05
backward,5.443361820260193e-05
clamorous,5.443361820260193e-05
prou,5.443361820260193e-05
speaks,5.443361820260193e-05
gown,5.443361820260193e-05
leade,5.443361820260193e-05
dance,5.443361820260193e-05
baited,5.443361820260193e-05
conspirers,5.443361820260193e-05
counsail,5.443361820260193e-05
strooke,5.443361820260193e-05
skie,5.443361820260193e-05
receit,5.443361820260193e-05
balles,5.443361820260193e-05
scarse,5.443361820260193e-05
poysond,5.443361820260193e-05
balme,5.443361820260193e-05
wofull,5.443361820260193e-05
neerest,5.443361820260193e-05
vpbraid,5.443361820260193e-05
vlcerous,5.443361820260193e-05
cooz,5.443361820260193e-05
wishest,5.443361820260193e-05
peale,5.443361820260193e-05
sowes,5.443361820260193e-05
nightly,5.443361820260193e-05
sigh,5.443361820260193e-05
blast,5.443361820260193e-05
cool,5.443361820260193e-05
oftentimes,5.443361820260193e-05
shadowes,5.443361820260193e-05
die,5.443361820260193e-05
reconcil,5.443361820260193e-05
brother,5.443361820260193e-05
speciall,5.443361820260193e-05
sighes,5.443361820260193e-05
gentlewoman,5.443361820260193e-05
bonfire,5.443361820260193e-05
prediction,5.443361820260193e-05
thinkes,5.443361820260193e-05
corner,5.443361820260193e-05
bake,5.443361820260193e-05
fear,5.443361820260193e-05
steales,5.443361820260193e-05
rookes,5.443361820260193e-05
ermites,5.443361820260193e-05
assistance,5.443361820260193e-05
fillet,5.443361820260193e-05
wayward,5.443361820260193e-05
celebrates,5.443361820260193e-05
perswades,5.443361820260193e-05
meeke,5.443361820260193e-05
guardian,5.443361820260193e-05
appeare,5.443361820260193e-05
french,5.443361820260193e-05
addrest,5.443361820260193e-05
redresse,5.443361820260193e-05
hoarse,5.443361820260193e-05
climbe,5.443361820260193e-05
sweepe,5.443361820260193e-05
thirty,5.443361820260193e-05
dusty,5.443361820260193e-05
studied,5.443361820260193e-05
inuention,5.443361820260193e-05
bow,5.443361820260193e-05
diminitiue,5.443361820260193e-05
descended,5.443361820260193e-05
suggestion,5.443361820260193e-05
homeward,5.443361820260193e-05
vnbend,5.443361820260193e-05
sowre,5.443361820260193e-05
proportion,5.443361820260193e-05
prophetique,5.443361820260193e-05
disguising,5.443361820260193e-05
quartus,5.443361820260193e-05
physitian,5.443361820260193e-05
aye,5.443361820260193e-05
ayd,5.443361820260193e-05
angry,5.443361820260193e-05
prey,5.443361820260193e-05
memory,5.443361820260193e-05
noblenesse,5.443361820260193e-05
dismay,5.443361820260193e-05
mansonry,5.443361820260193e-05
finis,5.443361820260193e-05
aright,5.443361820260193e-05
shard,5.443361820260193e-05
multitudinous,5.443361820260193e-05
watcher,5.443361820260193e-05
intemperance,5.443361820260193e-05
valued,5.443361820260193e-05
prepar,5.443361820260193e-05
chastise,5.443361820260193e-05
vndaunted,5.443361820260193e-05
cam,5.443361820260193e-05
growing,5.443361820260193e-05
quickely,5.443361820260193e-05
fortifies,5.443361820260193e-05
downfall,5.443361820260193e-05
aduance,5.443361820260193e-05
herbenger,5.443361820260193e-05
scap,5.443361820260193e-05
desart,5.443361820260193e-05
trafficke,5.443361820260193e-05
stole,5.443361820260193e-05
chid,5.443361820260193e-05
rhinoceros,5.443361820260193e-05
purg,5.443361820260193e-05
fourth,5.443361820260193e-05
rubie,5.443361820260193e-05
yew,5.443361820260193e-05
husbandry,5.443361820260193e-05
doome,5.443361820260193e-05
maw,5.443361820260193e-05
wayting,5.443361820260193e-05
kindnesse,5.443361820260193e-05
filthy,5.443361820260193e-05
eighth,5.443361820260193e-05
wolues,5.443361820260193e-05
solemne,5.443361820260193e-05
iewels,5.443361820260193e-05
sleeke,5.443361820260193e-05
inform,5.443361820260193e-05
amisse,5.443361820260193e-05
offend,5.443361820260193e-05
dunsmane,5.443361820260193e-05
talk,5.443361820260193e-05
grewell,5.443361820260193e-05
courst,5.443361820260193e-05
vsing,5.443361820260193e-05
ratifie,5.443361820260193e-05
ro,5.443361820260193e-05
swiftest,5.443361820260193e-05
midnight,5.443361820260193e-05
augure,5.443361820260193e-05
mortalitie,5.443361820260193e-05
daintie,5.443361820260193e-05
tending,5.443361820260193e-05
yawning,5.443361820260193e-05
forme,5.443361820260193e-05
ynch,5.443361820260193e-05
abhorred,5.443361820260193e-05
groue,5.443361820260193e-05
spacious,5.443361820260193e-05
farmer,5.443361820260193e-05
non,5.443361820260193e-05
sweno,5.443361820260193e-05
sacred,5.443361820260193e-05
thereby,5.443361820260193e-05
ayme,5.443361820260193e-05
witchcraft,5.443361820260193e-05
impeides,5.443361820260193e-05
warranted,5.443361820260193e-05
mistris,5.443361820260193e-05
hall,5.443361820260193e-05
christendome,5.443361820260193e-05
peeres,5.443361820260193e-05
clutch,5.443361820260193e-05
vertues,5.443361820260193e-05
flong,5.443361820260193e-05
tyrrany,5.443361820260193e-05
prophecying,5.443361820260193e-05
rightly,5.443361820260193e-05
repetition,5.443361820260193e-05
perceiue,5.443361820260193e-05
treacherous,5.443361820260193e-05
laide,5.443361820260193e-05
wisedom,5.443361820260193e-05
beetle,5.443361820260193e-05
watchfull,5.443361820260193e-05
trecherie,5.443361820260193e-05
condemne,5.443361820260193e-05
space,5.443361820260193e-05
profit,5.443361820260193e-05
cancell,5.443361820260193e-05
assurance,5.443361820260193e-05
eagle,5.443361820260193e-05
diseas,5.443361820260193e-05
monster,5.443361820260193e-05
annoyance,5.443361820260193e-05
caru,5.443361820260193e-05
flyes,5.443361820260193e-05
rebel,5.443361820260193e-05
byth,5.443361820260193e-05
browes,5.443361820260193e-05
lac,5.443361820260193e-05
eccho,5.443361820260193e-05
ecclipse,5.443361820260193e-05
crueltie,5.443361820260193e-05
contented,5.443361820260193e-05
vnprouokes,5.443361820260193e-05
motion,5.443361820260193e-05
initiate,5.443361820260193e-05
enkindle,5.443361820260193e-05
smoake,5.443361820260193e-05
kingdome,5.443361820260193e-05
childhood,5.443361820260193e-05
bridegroome,5.443361820260193e-05
raine,5.443361820260193e-05
malkin,5.443361820260193e-05
crib,5.443361820260193e-05
beest,5.443361820260193e-05
fauor,5.443361820260193e-05
silent,5.443361820260193e-05
vndon,5.443361820260193e-05
waite,5.443361820260193e-05
murky,5.443361820260193e-05
villanies,5.443361820260193e-05
silenc,5.443361820260193e-05
steep,5.443361820260193e-05
bounty,5.443361820260193e-05
white,5.443361820260193e-05
voyce,5.443361820260193e-05
accompt,5.443361820260193e-05
short,5.443361820260193e-05
naught,5.443361820260193e-05
cleanse,5.443361820260193e-05
than,5.443361820260193e-05
streakes,5.443361820260193e-05
powrefull,5.443361820260193e-05
glosse,5.443361820260193e-05
dolour,5.443361820260193e-05
distill,5.443361820260193e-05
future,5.443361820260193e-05
cracke,5.443361820260193e-05
venture,5.443361820260193e-05
prologue,5.443361820260193e-05
sharke,5.443361820260193e-05
commends,5.443361820260193e-05
mated,5.443361820260193e-05
hearer,5.443361820260193e-05
greyhound,5.443361820260193e-05
argument,5.443361820260193e-05
knockes,5.443361820260193e-05
buried,5.443361820260193e-05
measur,5.443361820260193e-05
afternoone,5.443361820260193e-05
captaines,5.443361820260193e-05
aside,5.443361820260193e-05
implor,5.443361820260193e-05
blunt,5.443361820260193e-05
stormes,5.443361820260193e-05
metaphysicall,5.443361820260193e-05
trace,5.443361820260193e-05
cleares,5.443361820260193e-05
buffet,5.443361820260193e-05
assault,5.443361820260193e-05
rauel,5.443361820260193e-05
sainted,5.443361820260193e-05
clatter,5.443361820260193e-05
knee,5.443361820260193e-05
mettle,5.443361820260193e-05
inuenter,5.443361820260193e-05
illnesse,5.443361820260193e-05
especially,5.443361820260193e-05
proue,5.443361820260193e-05
hurley,5.443361820260193e-05
lymbeck,5.443361820260193e-05
schreemes,5.443361820260193e-05
pernicious,5.443361820260193e-05
badg,5.443361820260193e-05
acheron,5.443361820260193e-05
salt,5.443361820260193e-05
lated,5.443361820260193e-05
slope,5.443361820260193e-05
shot,5.443361820260193e-05
captiuitie,5.443361820260193e-05
tend,5.443361820260193e-05
treasure,5.443361820260193e-05
blinde,5.443361820260193e-05
crime,5.443361820260193e-05
dispise,5.443361820260193e-05
consent,5.443361820260193e-05
dispute,5.443361820260193e-05
cannon,5.443361820260193e-05
masking,5.443361820260193e-05
boadments,5.443361820260193e-05
hedge,5.443361820260193e-05
treachery,5.443361820260193e-05
gibbet,5.443361820260193e-05
vnderstood,5.443361820260193e-05
harbinger,5.443361820260193e-05
treade,5.443361820260193e-05
marres,5.443361820260193e-05
gout,5.443361820260193e-05
professes,5.443361820260193e-05
howlets,5.443361820260193e-05
gallopping,5.443361820260193e-05
salutation,5.443361820260193e-05
surgery,5.443361820260193e-05
vppon,5.443361820260193e-05
sorely,5.443361820260193e-05
fiffe,5.443361820260193e-05
ornament,5.443361820260193e-05
trenched,5.443361820260193e-05
auouches,5.443361820260193e-05
apparition,5.443361820260193e-05
pluck,5.443361820260193e-05
killing,5.443361820260193e-05
countenance,5.443361820260193e-05
serieant,5.443361820260193e-05
norwayes,5.443361820260193e-05
deadmans,5.443361820260193e-05
primus,5.443361820260193e-05
conceiue,5.443361820260193e-05
dedicate,5.443361820260193e-05
twelue,5.443361820260193e-05
among,5.443361820260193e-05
afterwards,5.443361820260193e-05
rellish,5.443361820260193e-05
pot,5.443361820260193e-05
conuey,5.443361820260193e-05
exploit,5.443361820260193e-05
compell,5.443361820260193e-05
carowsing,5.443361820260193e-05
heartens,5.443361820260193e-05
laudable,5.443361820260193e-05
feuorous,5.443361820260193e-05
cosins,5.443361820260193e-05
stretch,5.443361820260193e-05
west,5.443361820260193e-05
runnes,5.443361820260193e-05
cosine,5.443361820260193e-05
informes,5.443361820260193e-05
hardly,5.443361820260193e-05
fogge,5.443361820260193e-05
exasperate,5.443361820260193e-05
ioyes,5.443361820260193e-05
homely,5.443361820260193e-05
curbing,5.443361820260193e-05
rabble,5.443361820260193e-05
voyces,5.443361820260193e-05
damme,5.443361820260193e-05
foggy,5.443361820260193e-05
resolue,5.443361820260193e-05
pilot,5.443361820260193e-05
case,5.443361820260193e-05
shaft,5.443361820260193e-05
enfold,5.443361820260193e-05
dresse,5.443361820260193e-05
rowze,5.443361820260193e-05
pretence,5.443361820260193e-05
cock,5.443361820260193e-05
winke,5.443361820260193e-05
bathe,5.443361820260193e-05
iutty,5.443361820260193e-05
brauely,5.443361820260193e-05
deigne,5.443361820260193e-05
croakes,5.443361820260193e-05
commanded,5.443361820260193e-05
stablenesse,5.443361820260193e-05
sauage,5.443361820260193e-05
madnesse,5.443361820260193e-05
pester,5.443361820260193e-05
heire,5.443361820260193e-05
isle,5.443361820260193e-05
deerest,5.443361820260193e-05
indeede,5.443361820260193e-05
aroynt,5.443361820260193e-05
nest,5.443361820260193e-05
baboones,5.443361820260193e-05
companion,5.443361820260193e-05
conuince,5.443361820260193e-05
delicate,5.443361820260193e-05
fowly,5.443361820260193e-05
nobly,5.443361820260193e-05
teemes,5.443361820260193e-05
tydings,5.443361820260193e-05
auant,5.443361820260193e-05
rance,5.443361820260193e-05
prouided,5.443361820260193e-05
deliuers,5.443361820260193e-05
worthyest,5.443361820260193e-05
pronounc,5.443361820260193e-05
pleade,5.443361820260193e-05
riddle,5.443361820260193e-05
desolate,5.443361820260193e-05
solicites,5.443361820260193e-05
personall,5.443361820260193e-05
fume,5.443361820260193e-05
armour,5.443361820260193e-05
cease,5.443361820260193e-05
clos,5.443361820260193e-05
speed,5.443361820260193e-05
discerne,5.443361820260193e-05
except,5.443361820260193e-05
fenny,5.443361820260193e-05
plenty,5.443361820260193e-05
tuesday,5.443361820260193e-05
rendred,5.443361820260193e-05
smoak,5.443361820260193e-05
fauour,5.443361820260193e-05
hoodwinke,5.443361820260193e-05
hatefull,5.443361820260193e-05
stoole,5.443361820260193e-05
snare,5.443361820260193e-05
grim,5.443361820260193e-05
vnfortunate,5.443361820260193e-05
happinesse,5.443361820260193e-05
greeting,5.443361820260193e-05
benefit,5.443361820260193e-05
either,5.443361820260193e-05
wisdome,5.443361820260193e-05
crauing,5.443361820260193e-05
picture,5.443361820260193e-05
hackt,5.443361820260193e-05
murtherous,5.443361820260193e-05
surfeted,5.443361820260193e-05
respect,5.443361820260193e-05
thould,5.443361820260193e-05
wrongly,5.443361820260193e-05
leauy,5.443361820260193e-05
dogge,5.443361820260193e-05
drenched,5.443361820260193e-05
forke,5.443361820260193e-05
staffe,5.443361820260193e-05
quit,5.443361820260193e-05
throb,5.443361820260193e-05
strangles,5.443361820260193e-05
indure,5.443361820260193e-05
referr,5.443361820260193e-05
strangled,5.443361820260193e-05
comparison,5.443361820260193e-05
wooll,5.443361820260193e-05
chop,5.443361820260193e-05
intent,5.443361820260193e-05
swarme,5.443361820260193e-05
whin,5.443361820260193e-05
youl,5.443361820260193e-05
eyther,5.443361820260193e-05
braggart,5.443361820260193e-05
prouoker,5.443361820260193e-05
antidote,5.443361820260193e-05
lent,5.443361820260193e-05
blessed,5.443361820260193e-05
flawes,5.443361820260193e-05
legges,5.443361820260193e-05
hew,5.443361820260193e-05
countrey,5.443361820260193e-05
distracted,5.443361820260193e-05
franchis,5.443361820260193e-05
low,5.443361820260193e-05
mercie,5.443361820260193e-05
plucke,5.443361820260193e-05
recommends,5.443361820260193e-05
vertuous,5.443361820260193e-05
vnguarded,5.443361820260193e-05
pluckt,5.443361820260193e-05
gore,5.443361820260193e-05
rush,5.443361820260193e-05
thumbes,5.443361820260193e-05
rage,5.443361820260193e-05
feuer,5.443361820260193e-05
surprize,5.443361820260193e-05
earles,5.443361820260193e-05
nearest,5.443361820260193e-05
affection,5.443361820260193e-05
fright,5.443361820260193e-05
remembrancer,5.443361820260193e-05
taste,5.443361820260193e-05
pole,5.443361820260193e-05
stealing,5.443361820260193e-05
walkt,5.443361820260193e-05
benyson,5.443361820260193e-05
sheath,5.443361820260193e-05
choake,5.443361820260193e-05
ouerthrowne,5.443361820260193e-05
tedious,5.443361820260193e-05
euerlasting,5.443361820260193e-05
repent,5.443361820260193e-05
tempest,5.443361820260193e-05
rt,5.443361820260193e-05
contriuer,5.443361820260193e-05
dasht,5.443361820260193e-05
serious,5.443361820260193e-05
infirmity,5.443361820260193e-05
building,5.443361820260193e-05
dyed,5.443361820260193e-05
sewer,5.443361820260193e-05
sicke,5.443361820260193e-05
lyst,5.443361820260193e-05
amazedly,5.443361820260193e-05
trebble,5.443361820260193e-05
troopes,5.443361820260193e-05
liar,5.443361820260193e-05
vile,5.443361820260193e-05
dollar,5.443361820260193e-05
talke,5.443361820260193e-05
founded,5.443361820260193e-05
wherewith,5.443361820260193e-05
dish,5.443361820260193e-05
seale,5.443361820260193e-05
envernes,5.443361820260193e-05
matron,5.443361820260193e-05
neutrall,5.443361820260193e-05
homage,5.443361820260193e-05
auoyded,5.443361820260193e-05
drowsie,5.443361820260193e-05
sleeue,5.443361820260193e-05
crest,5.443361820260193e-05
clayme,5.443361820260193e-05
far,5.443361820260193e-05
eldest,5.443361820260193e-05
returnes,5.443361820260193e-05
powres,5.443361820260193e-05
wooingly,5.443361820260193e-05
loyaltie,5.443361820260193e-05
washing,5.443361820260193e-05
hye,5.443361820260193e-05
laying,5.443361820260193e-05
afeard,5.443361820260193e-05
amend,5.443361820260193e-05
hyr,5.443361820260193e-05
weares,5.443361820260193e-05
vanquish,5.443361820260193e-05
portable,5.443361820260193e-05
gulfe,5.443361820260193e-05
shrieke,5.443361820260193e-05
rate,5.443361820260193e-05
settled,5.443361820260193e-05
largesse,5.443361820260193e-05
sticke,5.443361820260193e-05
sweetly,5.443361820260193e-05
sun,5.443361820260193e-05
sodaine,5.443361820260193e-05
maruell,5.443361820260193e-05
whay,5.443361820260193e-05
shipwracking,5.443361820260193e-05
disbursed,5.443361820260193e-05
womb,5.443361820260193e-05
scarsely,5.443361820260193e-05
crownes,5.443361820260193e-05
guift,5.443361820260193e-05
deuils,5.443361820260193e-05
raze,5.443361820260193e-05
traines,5.443361820260193e-05
depart,5.443361820260193e-05
disposition,5.443361820260193e-05
followes,5.443361820260193e-05
approches,5.443361820260193e-05
amazement,5.443361820260193e-05
saylors,5.443361820260193e-05
armed,5.443361820260193e-05
proceed,5.443361820260193e-05
vnseam,5.443361820260193e-05
faint,5.443361820260193e-05
humh,5.443361820260193e-05
bellona,5.443361820260193e-05
worne,5.443361820260193e-05
faine,5.443361820260193e-05
chestnut,5.443361820260193e-05
brinded,5.443361820260193e-05
desir,5.443361820260193e-05
company,5.443361820260193e-05
choughes,5.443361820260193e-05
guesse,5.443361820260193e-05
producing,5.443361820260193e-05
wealth,5.443361820260193e-05
wrackt,5.443361820260193e-05
vnruly,5.443361820260193e-05
skinnie,5.443361820260193e-05
waile,5.443361820260193e-05
sweltred,5.443361820260193e-05
mouing,5.443361820260193e-05
dew,5.443361820260193e-05
offended,5.443361820260193e-05
learn,5.443361820260193e-05
embrace,5.443361820260193e-05
sucke,5.443361820260193e-05
male,5.443361820260193e-05
quintus,5.443361820260193e-05
bides,5.443361820260193e-05
arabia,5.443361820260193e-05
sense,5.443361820260193e-05
myraculous,5.443361820260193e-05
drest,5.443361820260193e-05
wisely,5.443361820260193e-05
confinelesse,5.443361820260193e-05
tertius,5.443361820260193e-05
whore,5.443361820260193e-05
stayes,5.443361820260193e-05
thirst,5.443361820260193e-05
mould,5.443361820260193e-05
eterne,5.443361820260193e-05
happyer,5.443361820260193e-05
faculty,5.443361820260193e-05
pertaines,5.443361820260193e-05
read,5.443361820260193e-05
broyle,5.443361820260193e-05
banke,5.443361820260193e-05
dragon,5.443361820260193e-05
dread,5.443361820260193e-05
shade,5.443361820260193e-05
threatens,5.443361820260193e-05
signe,5.443361820260193e-05
souldiership,5.443361820260193e-05
quarrell,5.443361820260193e-05
graunt,5.443361820260193e-05
held,5.443361820260193e-05
paper,5.443361820260193e-05
spightfull,5.443361820260193e-05
oftner,5.443361820260193e-05
committed,5.443361820260193e-05
smiling,5.443361820260193e-05
seeming,5.443361820260193e-05
imaginings,5.443361820260193e-05
pent,5.443361820260193e-05
boue,5.443361820260193e-05
mummey,5.443361820260193e-05
iouiall,5.443361820260193e-05
threescore,5.443361820260193e-05
dwarfish,5.443361820260193e-05
approue,5.443361820260193e-05
alter,5.443361820260193e-05
fool,5.443361820260193e-05
closset,5.443361820260193e-05
return,5.443361820260193e-05
dyre,5.443361820260193e-05
purueyor,5.443361820260193e-05
hunter,5.443361820260193e-05
iudicious,5.443361820260193e-05
pretend,5.443361820260193e-05
spy,5.443361820260193e-05
fairy,5.443361820260193e-05
mercy,5.443361820260193e-05
hare,5.443361820260193e-05
oppressed,5.443361820260193e-05
begger,5.443361820260193e-05
harp,5.443361820260193e-05
adhere,5.443361820260193e-05
acting,5.443361820260193e-05
fortitude,5.443361820260193e-05
palter,5.443361820260193e-05
pleasant,5.443361820260193e-05
vnaccompanied,5.443361820260193e-05
brightest,5.443361820260193e-05
dire,5.443361820260193e-05
weed,5.443361820260193e-05
peepe,5.443361820260193e-05
wall,5.443361820260193e-05
blister,5.443361820260193e-05
falles,5.443361820260193e-05
prophet,5.443361820260193e-05
chamberlaines,5.443361820260193e-05
threat,5.443361820260193e-05
belzebub,5.443361820260193e-05
skirre,5.443361820260193e-05
rooted,5.443361820260193e-05
slippes,5.443361820260193e-05
cozens,5.443361820260193e-05
perturbation,5.443361820260193e-05
needed,5.443361820260193e-05
bloodier,5.443361820260193e-05
mischiefe,5.443361820260193e-05
legge,5.443361820260193e-05
saint,5.443361820260193e-05
marble,5.443361820260193e-05
olde,5.443361820260193e-05
store,5.443361820260193e-05
lease,5.443361820260193e-05
imperfect,5.443361820260193e-05
mowsing,5.443361820260193e-05
whetstone,5.443361820260193e-05
hoter,5.443361820260193e-05
kindly,5.443361820260193e-05
instruction,5.443361820260193e-05
vntitled,5.443361820260193e-05
powr,5.443361820260193e-05
stall,5.443361820260193e-05
doubly,5.443361820260193e-05
weapon,5.443361820260193e-05
vertue,5.443361820260193e-05
defect,5.443361820260193e-05
trifled,5.443361820260193e-05
alike,5.443361820260193e-05
weightie,5.443361820260193e-05
vulnerable,5.443361820260193e-05
blanch,5.443361820260193e-05
speaking,5.443361820260193e-05
built,5.443361820260193e-05
self,5.443361820260193e-05
enterprize,5.443361820260193e-05
distemper,5.443361820260193e-05
also,5.443361820260193e-05
caesar,5.443361820260193e-05
sence,5.443361820260193e-05
sharpe,5.443361820260193e-05
chawdron,5.443361820260193e-05
added,5.443361820260193e-05
quoth,5.443361820260193e-05
siluer,5.443361820260193e-05
reckon,5.443361820260193e-05
weepes,5.443361820260193e-05
adder,5.443361820260193e-05
stufft,5.443361820260193e-05
egge,5.443361820260193e-05
prowesse,5.443361820260193e-05
bloodie,5.443361820260193e-05
noone,5.443361820260193e-05
showghes,5.443361820260193e-05
fruitlesse,5.443361820260193e-05
inuites,5.443361820260193e-05
barren,5.443361820260193e-05
lowd,5.443361820260193e-05
gold,5.443361820260193e-05
swelling,5.443361820260193e-05
sanctity,5.443361820260193e-05
seuen,5.443361820260193e-05
gospell,5.443361820260193e-05
grafted,5.443361820260193e-05
inchanting,5.443361820260193e-05
delinquent,5.443361820260193e-05
streames,5.443361820260193e-05
maggot,5.443361820260193e-05
iew,5.443361820260193e-05
surcease,5.443361820260193e-05
inuest,5.443361820260193e-05
beauteous,5.443361820260193e-05
credulous,5.443361820260193e-05
flighty,5.443361820260193e-05
offrings,5.443361820260193e-05
soris,5.443361820260193e-05
birnan,5.443361820260193e-05
natio,5.443361820260193e-05
supernaturall,5.443361820260193e-05
sensible,5.443361820260193e-05
strut,5.443361820260193e-05
theft,5.443361820260193e-05
wayle,5.443361820260193e-05
chimney,5.443361820260193e-05
neckes,5.443361820260193e-05
seperated,5.443361820260193e-05
roughest,5.443361820260193e-05
hardie,5.443361820260193e-05
skreenes,5.443361820260193e-05
obscure,5.443361820260193e-05
insane,5.443361820260193e-05
seu,5.443361820260193e-05
intelligence,5.443361820260193e-05
restlesse,5.443361820260193e-05
potent,5.443361820260193e-05
outwardly,5.443361820260193e-05
reseru,5.443361820260193e-05
rauin,5.443361820260193e-05
visiting,5.443361820260193e-05
resolute,5.443361820260193e-05
learne,5.443361820260193e-05
honour,5.443361820260193e-05
flame,5.443361820260193e-05
endure,5.443361820260193e-05
knowing,5.443361820260193e-05
rankes,5.443361820260193e-05
missing,5.443361820260193e-05
floate,5.443361820260193e-05
discouery,5.443361820260193e-05
sole,5.443361820260193e-05
nimbly,5.443361820260193e-05
recklesse,5.443361820260193e-05
rarer,5.443361820260193e-05
vnlineall,5.443361820260193e-05
lyars,5.443361820260193e-05
requited,5.443361820260193e-05
traueller,5.443361820260193e-05
vault,5.443361820260193e-05
griefes,5.443361820260193e-05
vnfelt,5.443361820260193e-05
receyue,5.443361820260193e-05
distress,5.443361820260193e-05
drunk,5.443361820260193e-05
dwindle,5.443361820260193e-05
acted,5.443361820260193e-05
goate,5.443361820260193e-05
direfull,5.443361820260193e-05
church,5.443361820260193e-05
vessel,5.443361820260193e-05
written,5.443361820260193e-05
clowdy,5.443361820260193e-05
anticipat,5.443361820260193e-05
belt,5.443361820260193e-05
heauenly,5.443361820260193e-05
raise,5.443361820260193e-05
create,5.443361820260193e-05
appall,5.443361820260193e-05
pearle,5.443361820260193e-05
ran,5.443361820260193e-05
perseuerance,5.443361820260193e-05
cesterne,5.443361820260193e-05
empty,5.443361820260193e-05
trauailing,5.443361820260193e-05
champion,5.443361820260193e-05
slipt,5.443361820260193e-05
cruelty,5.443361820260193e-05
anthony,5.443361820260193e-05
rost,5.443361820260193e-05
goodly,5.443361820260193e-05
bidding,5.443361820260193e-05
demand,5.443361820260193e-05
struck,5.443361820260193e-05
frogge,5.443361820260193e-05
bill,5.443361820260193e-05
graine,5.443361820260193e-05
royalty,5.443361820260193e-05
guide,5.443361820260193e-05
suspition,5.443361820260193e-05
agitation,5.443361820260193e-05
herein,5.443361820260193e-05
iumpe,5.443361820260193e-05
swolne,5.443361820260193e-05
procreant,5.443361820260193e-05
rid,5.443361820260193e-05
mankinde,5.443361820260193e-05
fairer,5.443361820260193e-05
grant,5.443361820260193e-05
dishonor,5.443361820260193e-05
butcher,5.443361820260193e-05
wherein,5.443361820260193e-05
aleppo,5.443361820260193e-05
furie,5.443361820260193e-05
cheefest,5.443361820260193e-05
composition,5.443361820260193e-05
conflict,5.443361820260193e-05
pallaces,5.443361820260193e-05
aduantage,5.443361820260193e-05
leape,5.443361820260193e-05
royaltie,5.443361820260193e-05
flowt,5.443361820260193e-05
resounds,5.443361820260193e-05
yesterday,5.443361820260193e-05
censure,5.443361820260193e-05
syw,5.443361820260193e-05
haunting,5.443361820260193e-05
vessell,5.443361820260193e-05
blowne,5.443361820260193e-05
older,5.443361820260193e-05
entry,5.443361820260193e-05
olden,5.443361820260193e-05
howl,5.443361820260193e-05
gallowgrosses,5.443361820260193e-05
shape,5.443361820260193e-05
carelesse,5.443361820260193e-05
continent,5.443361820260193e-05
letting,5.443361820260193e-05
botch,5.443361820260193e-05
cloyster,5.443361820260193e-05
vniuersall,5.443361820260193e-05
source,5.443361820260193e-05
moe,5.443361820260193e-05
swinish,5.443361820260193e-05
forraine,5.443361820260193e-05
greefe,5.443361820260193e-05
vnwelcom,5.443361820260193e-05
mischance,5.443361820260193e-05
finding,5.443361820260193e-05
suffering,5.443361820260193e-05
abound,5.443361820260193e-05
schreame,5.443361820260193e-05
snore,5.443361820260193e-05
prophesie,5.443361820260193e-05
vnsure,5.443361820260193e-05
retyre,5.443361820260193e-05
vnmann,5.443361820260193e-05
bruited,5.443361820260193e-05
resolu,5.443361820260193e-05
capitall,5.443361820260193e-05
scape,5.443361820260193e-05
foolish,5.443361820260193e-05
disorder,5.443361820260193e-05
creation,5.443361820260193e-05
surpriz,5.443361820260193e-05
pall,5.443361820260193e-05
greaze,5.443361820260193e-05
spungie,5.443361820260193e-05
momentary,5.443361820260193e-05
lappe,5.443361820260193e-05
decision,5.443361820260193e-05
wrong,5.443361820260193e-05
confounds,5.443361820260193e-05
market,5.443361820260193e-05
vntill,5.443361820260193e-05
beleeu,5.443361820260193e-05
victorie,5.443361820260193e-05
rub,5.443361820260193e-05
rug,5.443361820260193e-05
rue,5.443361820260193e-05
mistrust,5.443361820260193e-05
sake,5.443361820260193e-05
mouth,5.443361820260193e-05
bleeds,5.443361820260193e-05
compt,5.443361820260193e-05
clearenesse,5.443361820260193e-05
vnreall,5.443361820260193e-05
renowne,5.443361820260193e-05
primrose,5.443361820260193e-05
sad,5.443361820260193e-05
trammell,5.443361820260193e-05
whereto,5.443361820260193e-05
redoubled,5.443361820260193e-05
euent,5.443361820260193e-05
buriall,5.443361820260193e-05
confessing,5.443361820260193e-05
intombe,5.443361820260193e-05
poster,5.443361820260193e-05
ronyon,5.443361820260193e-05
newer,5.443361820260193e-05
russian,5.443361820260193e-05
dull,5.443361820260193e-05
drunke,5.443361820260193e-05
wassell,5.443361820260193e-05
clipt,5.443361820260193e-05
lauish,5.443361820260193e-05
reconcile,5.443361820260193e-05
expedition,5.443361820260193e-05
professe,5.443361820260193e-05
curres,5.443361820260193e-05
surmise,5.443361820260193e-05
tarquin,5.443361820260193e-05
creepes,5.443361820260193e-05
malicious,5.443361820260193e-05
vnmannerly,5.443361820260193e-05
forge,5.443361820260193e-05
nice,5.443361820260193e-05
repentance,5.443361820260193e-05
vaulting,5.443361820260193e-05
tongu,5.443361820260193e-05
stroake,5.443361820260193e-05
meale,5.443361820260193e-05
luxurious,5.443361820260193e-05
william,5.443361820260193e-05
spurne,5.443361820260193e-05
drab,5.443361820260193e-05
prepares,5.443361820260193e-05
score,5.443361820260193e-05
desert,5.443361820260193e-05
direnesse,5.443361820260193e-05
indissoluble,5.443361820260193e-05
rubarb,5.443361820260193e-05
seeling,5.443361820260193e-05
oracle,5.443361820260193e-05
fresh,5.443361820260193e-05
sounded,5.443361820260193e-05
sinfull,5.443361820260193e-05
exil,5.443361820260193e-05
dogges,5.443361820260193e-05
sparrowes,5.443361820260193e-05
coniure,5.443361820260193e-05
composd,5.443361820260193e-05
compose,5.443361820260193e-05
drugge,5.443361820260193e-05
hunger,5.443361820260193e-05
lyar,5.443361820260193e-05
lilly,5.443361820260193e-05
pernitious,5.443361820260193e-05
marrowlesse,5.443361820260193e-05
assay,5.443361820260193e-05
presently,5.443361820260193e-05
accust,5.443361820260193e-05
ague,5.443361820260193e-05
measurelesse,5.443361820260193e-05
ouercome,5.443361820260193e-05
sirra,5.443361820260193e-05
surgeon,5.443361820260193e-05
continued,5.443361820260193e-05
deale,5.443361820260193e-05
ouertake,5.443361820260193e-05
try,5.443361820260193e-05
race,5.443361820260193e-05
marre,5.443361820260193e-05
blaspheming,5.443361820260193e-05
concluded,5.443361820260193e-05
ioyne,5.443361820260193e-05
battaile,5.443361820260193e-05
pledge,5.443361820260193e-05
yesty,5.443361820260193e-05
crow,5.443361820260193e-05
fold,5.443361820260193e-05
ioynt,5.443361820260193e-05
toile,5.443361820260193e-05
subtle,5.443361820260193e-05
twer,5.443361820260193e-05
folde,5.443361820260193e-05
ginne,5.443361820260193e-05
turn,5.443361820260193e-05
compar,5.443361820260193e-05
assisted,5.443361820260193e-05
henceforth,5.443361820260193e-05
playd,5.443361820260193e-05
pristine,5.443361820260193e-05
hisse,5.443361820260193e-05
lee,5.443361820260193e-05
degree,5.443361820260193e-05
giant,5.443361820260193e-05
quell,5.443361820260193e-05
healing,5.443361820260193e-05
wrapt,5.443361820260193e-05
casing,5.443361820260193e-05
auoid,5.443361820260193e-05
conuinces,5.443361820260193e-05
cawdron,5.443361820260193e-05
opinion,5.443361820260193e-05
chanc,5.443361820260193e-05
droope,5.443361820260193e-05
attyre,5.443361820260193e-05
win,5.443361820260193e-05
wil,5.443361820260193e-05
sacrilegious,5.443361820260193e-05
dudgeon,5.443361820260193e-05
wip,5.443361820260193e-05
apply,5.443361820260193e-05
cloud,5.443361820260193e-05
lime,5.443361820260193e-05
fee,5.443361820260193e-05
craz,5.443361820260193e-05
next,5.443361820260193e-05
iourney,5.443361820260193e-05
few,5.443361820260193e-05
anoynted,5.443361820260193e-05
remaine,5.443361820260193e-05
sort,5.443361820260193e-05
mawes,5.443361820260193e-05
loued,5.443361820260193e-05
actuall,5.443361820260193e-05
vnwip,5.443361820260193e-05
gladly,5.443361820260193e-05
entrailes,5.443361820260193e-05
carried,5.443361820260193e-05
account,5.443361820260193e-05
augment,5.443361820260193e-05
consort,5.443361820260193e-05
challenge,5.443361820260193e-05
northumberland,5.443361820260193e-05
cherubin,5.443361820260193e-05
predecessor,5.443361820260193e-05
bent,5.443361820260193e-05
constancie,5.443361820260193e-05
sinells,5.443361820260193e-05
equiuocation,5.443361820260193e-05
niggard,5.443361820260193e-05
bend,5.443361820260193e-05
thralles,5.443361820260193e-05
sought,5.443361820260193e-05
voice,5.443361820260193e-05
lamentings,5.443361820260193e-05
ayde,5.443361820260193e-05
boasting,5.443361820260193e-05
memorize,5.443361820260193e-05
pure,5.443361820260193e-05
destroying,5.443361820260193e-05
heark,5.443361820260193e-05
reeking,5.443361820260193e-05
burley,5.443361820260193e-05
counterfeit,5.443361820260193e-05
sweat,5.443361820260193e-05
tied,5.443361820260193e-05
winter,5.443361820260193e-05
compast,5.443361820260193e-05
trembling,5.443361820260193e-05
writ,5.443361820260193e-05
furious,5.443361820260193e-05
batter,5.443361820260193e-05
kniues,5.443361820260193e-05
altogether,5.443361820260193e-05
beguile,5.443361820260193e-05
flattering,5.443361820260193e-05
write,5.443361820260193e-05
industrious,5.443361820260193e-05
staues,5.443361820260193e-05
lo,5.443361820260193e-05
lt,5.443361820260193e-05
willing,5.443361820260193e-05
wrencht,5.443361820260193e-05
theame,5.443361820260193e-05
shewes,5.443361820260193e-05
ly,5.443361820260193e-05
coueted,5.443361820260193e-05
harnesse,5.443361820260193e-05
designe,5.443361820260193e-05
stout,5.443361820260193e-05
seauenth,5.443361820260193e-05
napkin,5.443361820260193e-05
lid,5.443361820260193e-05
profound,5.443361820260193e-05
pigge,5.443361820260193e-05
beneath,5.443361820260193e-05
shaking,5.443361820260193e-05
esteem,5.443361820260193e-05
thriftlesse,5.443361820260193e-05
booke,5.443361820260193e-05
dismisse,5.443361820260193e-05
society,5.443361820260193e-05
seyw,5.443361820260193e-05
perfume,5.443361820260193e-05
sceptred,5.443361820260193e-05
vnsanctified,5.443361820260193e-05
approch,5.443361820260193e-05
barlet,5.443361820260193e-05
saue,5.443361820260193e-05
sliuer,5.443361820260193e-05
pendant,5.443361820260193e-05
thrust,5.443361820260193e-05
speculatiue,5.443361820260193e-05
linnen,5.443361820260193e-05
loe,5.443361820260193e-05
length,5.443361820260193e-05
farrow,5.443361820260193e-05
mortal,5.443361820260193e-05
benediction,5.443361820260193e-05
masterdome,5.443361820260193e-05
south,5.443361820260193e-05
inclinde,5.443361820260193e-05
blown,5.443361820260193e-05
succeede,5.443361820260193e-05
diuine,5.443361820260193e-05
affliction,5.443361820260193e-05
probation,5.443361820260193e-05
eminence,5.443361820260193e-05
diuision,5.443361820260193e-05
rebells,5.443361820260193e-05
euill,5.443361820260193e-05
inuisible,5.443361820260193e-05
coigne,5.443361820260193e-05
scand,5.443361820260193e-05
accent,5.443361820260193e-05
lapt,5.443361820260193e-05
vprore,5.443361820260193e-05
downey,5.443361820260193e-05
fairest,5.443361820260193e-05
malady,5.443361820260193e-05
accompany,5.443361820260193e-05
darefull,5.443361820260193e-05
heauily,5.443361820260193e-05
vndeeded,5.443361820260193e-05
hagges,5.443361820260193e-05
vouch,5.443361820260193e-05
captaine,5.443361820260193e-05
doomes,5.443361820260193e-05
windes,5.443361820260193e-05
aught,5.443361820260193e-05
treatise,5.443361820260193e-05
steed,5.443361820260193e-05
distinguishes,5.443361820260193e-05
inne,5.443361820260193e-05
sens,5.443361820260193e-05
magicke,5.443361820260193e-05
behinde,5.443361820260193e-05
diuers,5.443361820260193e-05
gently,5.443361820260193e-05
neer,5.443361820260193e-05
curriors,5.443361820260193e-05
thereto,5.443361820260193e-05
countryman,5.443361820260193e-05
constrained,5.443361820260193e-05
emptying,5.443361820260193e-05
screw,5.443361820260193e-05
concerne,5.443361820260193e-05
bladed,5.443361820260193e-05
bough,5.443361820260193e-05
speculation,5.443361820260193e-05
mid,5.443361820260193e-05
outward,5.443361820260193e-05
combin,5.443361820260193e-05
cozen,5.443361820260193e-05
signifying,5.443361820260193e-05
eight,5.443361820260193e-05
prisoner,5.443361820260193e-05
vrine,5.443361820260193e-05
payment,5.443361820260193e-05
statute,5.443361820260193e-05
skinne,5.443361820260193e-05
houer,5.443361820260193e-05
request,5.443361820260193e-05
brew,5.443361820260193e-05
occasion,5.443361820260193e-05
fact,5.443361820260193e-05
colmes,5.443361820260193e-05
hemlocke,5.443361820260193e-05
kite,5.443361820260193e-05
forsworne,5.443361820260193e-05
interdiction,5.443361820260193e-05
tidings,5.443361820260193e-05
chicken,5.443361820260193e-05
feat,5.443361820260193e-05
vpward,5.443361820260193e-05
shield,5.443361820260193e-05
faithfull,5.443361820260193e-05
ear,5.443361820260193e-05
scorpion,5.443361820260193e-05
nauigation,5.443361820260193e-05
minutely,5.443361820260193e-05
planted,5.443361820260193e-05
seemeth,5.443361820260193e-05
wiues,5.443361820260193e-05
inhabit,5.443361820260193e-05
pitfall,5.443361820260193e-05
meant,5.443361820260193e-05
nerues,5.443361820260193e-05
handle,5.443361820260193e-05
commendation,5.443361820260193e-05
watching,5.443361820260193e-05
familiar,5.443361820260193e-05
bear,5.443361820260193e-05
durst,5.443361820260193e-05
gray,5.443361820260193e-05
deseruers,5.443361820260193e-05
gorgon,5.443361820260193e-05
physicks,5.443361820260193e-05
calling,5.443361820260193e-05
intermission,5.443361820260193e-05
swear,5.443361820260193e-05
grac,5.443361820260193e-05
naue,5.443361820260193e-05
madam,5.443361820260193e-05
multiplying,5.443361820260193e-05
frame,5.443361820260193e-05
orphan,5.443361820260193e-05
fitfull,5.443361820260193e-05
monstrous,5.443361820260193e-05
auouch,5.443361820260193e-05
turke,5.443361820260193e-05
genius,5.443361820260193e-05
neither,5.443361820260193e-05
direst,5.443361820260193e-05
plenteous,5.443361820260193e-05
transpose,5.443361820260193e-05
ld,5.443361820260193e-05
haruest,5.443361820260193e-05
whereon,5.443361820260193e-05
coppie,5.443361820260193e-05
freely,5.443361820260193e-05
clogges,5.443361820260193e-05
prouoke,5.443361820260193e-05
admir,5.443361820260193e-05
vnderstand,5.443361820260193e-05
swallow,5.443361820260193e-05
rawnesse,5.443361820260193e-05
safely,5.443361820260193e-05
peerelesse,5.443361820260193e-05
conclude,5.443361820260193e-05
sworne,5.443361820260193e-05
arriu,5.443361820260193e-05
foysons,5.443361820260193e-05
swimmer,5.443361820260193e-05
gaze,5.443361820260193e-05
newt,5.443361820260193e-05
curtain,5.443361820260193e-05
theefe,5.443361820260193e-05
auaricious,5.443361820260193e-05
challice,5.443361820260193e-05
soldiours,5.443361820260193e-05
lyest,5.443361820260193e-05
spaniel,5.443361820260193e-05
rowse,5.443361820260193e-05
banish,5.443361820260193e-05
intrenchant,5.443361820260193e-05
sell,5.443361820260193e-05
vsually,5.443361820260193e-05
giuing,5.443361820260193e-05
alowd,5.443361820260193e-05
secundus,5.443361820260193e-05
loosest,5.443361820260193e-05
milkes,5.443361820260193e-05
obseru,5.443361820260193e-05
societie,5.443361820260193e-05
supply,5.443361820260193e-05
layes,5.443361820260193e-05
dreyne,5.443361820260193e-05
ripe,5.443361820260193e-05
weighes,5.443361820260193e-05
preserue,5.443361820260193e-05
appalls,5.443361820260193e-05
truest,5.443361820260193e-05
ript,5.443361820260193e-05
hearted,5.443361820260193e-05
oddes,5.443361820260193e-05
demy,5.443361820260193e-05
towring,5.443361820260193e-05
tremble,5.443361820260193e-05
crost,5.443361820260193e-05
cine,5.443361820260193e-05
roman,5.443361820260193e-05
nod,5.443361820260193e-05
speakes,5.443361820260193e-05
cream,5.443361820260193e-05
wrath,5.443361820260193e-05
beast,5.443361820260193e-05
hangman,5.443361820260193e-05
breech,5.443361820260193e-05
bals,5.443361820260193e-05
audit,5.443361820260193e-05
scarcely,5.443361820260193e-05
reflection,5.443361820260193e-05
confronted,5.443361820260193e-05
smeare,5.443361820260193e-05
subborned,5.443361820260193e-05
iewell,5.443361820260193e-05
enrage,5.443361820260193e-05
amends,5.443361820260193e-05
posset,5.443361820260193e-05
spels,5.443361820260193e-05
banquoh,5.443361820260193e-05
flesh,5.443361820260193e-05
wren,5.443361820260193e-05
interim,5.443361820260193e-05
charnell,5.443361820260193e-05
rubbes,5.443361820260193e-05
satisfie,5.443361820260193e-05
wer,5.443361820260193e-05
crack,5.443361820260193e-05
toyes,5.443361820260193e-05
practise,5.443361820260193e-05
warrant,5.443361820260193e-05
mercilesse,5.443361820260193e-05
bottome,5.443361820260193e-05
frieze,5.443361820260193e-05
fye,5.443361820260193e-05
smother,5.443361820260193e-05
rauishing,5.443361820260193e-05
paralell,5.443361820260193e-05
knot,5.443361820260193e-05
doores,5.443361820260193e-05
limitted,5.443361820260193e-05
clowd,5.443361820260193e-05
infirme,5.443361820260193e-05
safest,5.443361820260193e-05
slaues,5.443361820260193e-05
lose,5.443361820260193e-05
therein,5.443361820260193e-05
incens,5.443361820260193e-05
glare,5.443361820260193e-05
tumble,5.443361820260193e-05
domestique,5.443361820260193e-05
artificiall,5.443361820260193e-05
proofe,5.443361820260193e-05
hail,5.443361820260193e-05
hush,5.443361820260193e-05
proper,5.443361820260193e-05
vsurpers,5.443361820260193e-05
transport,5.443361820260193e-05
fanne,5.443361820260193e-05
gummes,5.443361820260193e-05
lead,5.443361820260193e-05
pratler,5.443361820260193e-05
cradle,5.443361820260193e-05
hose,5.443361820260193e-05
proud,5.443361820260193e-05
slight,5.443361820260193e-05
wholsome,5.443361820260193e-05
motiues,5.443361820260193e-05
craue,5.443361820260193e-05
expire,5.443361820260193e-05
rumpe,5.443361820260193e-05
posterity,5.443361820260193e-05
diuellish,5.443361820260193e-05
receyu,5.443361820260193e-05
choppie,5.443361820260193e-05
parley,5.443361820260193e-05
stooles,5.443361820260193e-05
vnkindnesse,5.443361820260193e-05
cheapely,5.443361820260193e-05
scorch,5.443361820260193e-05
gaines,5.443361820260193e-05
ribbes,5.443361820260193e-05
seest,5.443361820260193e-05
countreyes,5.443361820260193e-05
contending,5.443361820260193e-05
childrens,5.443361820260193e-05
quiet,5.443361820260193e-05
metled,5.443361820260193e-05
confident,5.443361820260193e-05
buckle,5.443361820260193e-05
glimmer,5.443361820260193e-05
mungrels,5.443361820260193e-05
reignes,5.443361820260193e-05
vap,5.443361820260193e-05
function,5.443361820260193e-05
golgotha,5.443361820260193e-05
cricket,5.443361820260193e-05
buy,5.443361820260193e-05
stanchlesse,5.443361820260193e-05
volume,5.443361820260193e-05
construction,5.443361820260193e-05
plague,5.443361820260193e-05
fountaine,5.443361820260193e-05
companie,5.443361820260193e-05
glory,5.443361820260193e-05
displac,5.443361820260193e-05
dangerous,5.443361820260193e-05
lyne,5.443361820260193e-05
addage,5.443361820260193e-05
vizards,5.443361820260193e-05
faulcon,5.443361820260193e-05
monument,5.443361820260193e-05
signes,5.443361820260193e-05
whisper,5.443361820260193e-05
seyt,5.443361820260193e-05
fulnesse,5.443361820260193e-05
rule,5.443361820260193e-05
witnest,5.443361820260193e-05
bonelesse,5.443361820260193e-05
pit,5.443361820260193e-05
tarrying,5.443361820260193e-05
vnity,5.443361820260193e-05
morne,5.443361820260193e-05
deadly,5.443361820260193e-05
boot,5.443361820260193e-05
germaine,5.443361820260193e-05
sick,5.443361820260193e-05
vnlocke,5.443361820260193e-05
predominant,5.443361820260193e-05
illusion,5.443361820260193e-05
conclusion,5.443361820260193e-05
malcome,5.443361820260193e-05
repeat,5.443361820260193e-05
star,5.443361820260193e-05
heauiest,5.443361820260193e-05
rayne,5.443361820260193e-05
purgatiue,5.443361820260193e-05
stab,5.443361820260193e-05
earthly,5.443361820260193e-05
gap,5.443361820260193e-05
exposure,5.443361820260193e-05
yoake,5.443361820260193e-05
resolution,5.443361820260193e-05
gouerne,5.443361820260193e-05
entreat,5.443361820260193e-05
yell,5.443361820260193e-05
pareill,5.443361820260193e-05
sayle,5.443361820260193e-05
ranke,5.443361820260193e-05
